[INFO] Scanning for projects...
[INFO] 
[INFO] -------------------< com.wireblog:wireblog-backend >--------------------
[INFO] Building wireblog-backend 1.0.0
[INFO]   from pom.xml
[INFO] --------------------------------[ jar ]---------------------------------
[INFO] 
[INFO] >>> spring-boot:3.3.4:run (default-cli) > test-compile @ wireblog-backend >>>
[INFO] 
[INFO] --- resources:3.3.1:resources (default-resources) @ wireblog-backend ---
[INFO] Copying 1 resource from src\main\resources to target\classes
[INFO] Copying 1 resource from src\main\resources to target\classes
[INFO] 
[INFO] --- compiler:3.13.0:compile (default-compile) @ wireblog-backend ---
[INFO] Nothing to compile - all classes are up to date.
[INFO] 
[INFO] --- resources:3.3.1:testResources (default-testResources) @ wireblog-backend ---
[INFO] skip non existing resourceDirectory G:\blogapp\backend\src\test\resources
[INFO] 
[INFO] --- compiler:3.13.0:testCompile (default-testCompile) @ wireblog-backend ---
[INFO] No sources to compile
[INFO] 
[INFO] <<< spring-boot:3.3.4:run (default-cli) < test-compile @ wireblog-backend <<<
[INFO] 
[INFO] 
[INFO] --- spring-boot:3.3.4:run (default-cli) @ wireblog-backend ---
[INFO] Attaching agents: []

  .   ____          _            __ _ _
 /\\ / ___'_ __ _ _(_)_ __  __ _ \ \ \ \
( ( )\___ | '_ | '_| | '_ \/ _` | \ \ \ \
 \\/  ___)| |_)| | | | | || (_| |  ) ) ) )
  '  |____| .__|_| |_|_| |_\__, | / / / /
 =========|_|==============|___/=/_/_/_/

 :: Spring Boot ::                (v3.3.4)

2026-07-11T12:23:01.665+05:30  INFO 29656 --- [wireblog-backend] [           main] com.wireblog.WireBlogApplication         : Starting WireBlogApplication using Java 21.0.3 with PID 29656 (G:\blogapp\backend\target\classes started by arpit in G:\blogapp\backend)
2026-07-11T12:23:01.685+05:30  INFO 29656 --- [wireblog-backend] [           main] com.wireblog.WireBlogApplication         : No active profile set, falling back to 1 default profile: "default"
2026-07-11T12:23:01.686+05:30 DEBUG 29656 --- [wireblog-backend] [           main] o.s.boot.SpringApplication               : Loading source class com.wireblog.WireBlogApplication
2026-07-11T12:23:01.788+05:30 DEBUG 29656 --- [wireblog-backend] [           main] ConfigServletWebServerApplicationContext : Refreshing org.springframework.boot.web.servlet.context.AnnotationConfigServletWebServerApplicationContext@363a52f
2026-07-11T12:23:04.635+05:30  INFO 29656 --- [wireblog-backend] [           main] .s.d.r.c.RepositoryConfigurationDelegate : Bootstrapping Spring Data JPA repositories in DEFAULT mode.
2026-07-11T12:23:04.692+05:30 DEBUG 29656 --- [wireblog-backend] [           main] o.s.b.a.AutoConfigurationPackages        : @EnableAutoConfiguration was declared on a class in the package 'com.wireblog'. Automatic @Repository and @Entity scanning is enabled.
2026-07-11T12:23:05.439+05:30  INFO 29656 --- [wireblog-backend] [           main] .s.d.r.c.RepositoryConfigurationDelegate : Finished Spring Data repository scanning in 782 ms. Found 7 JPA repository interfaces.
2026-07-11T12:23:08.425+05:30 DEBUG 29656 --- [wireblog-backend] [           main] .s.b.w.e.t.TomcatServletWebServerFactory : Code archive: C:\Users\arpit\.m2\repository\org\springframework\boot\spring-boot\3.3.4\spring-boot-3.3.4.jar
2026-07-11T12:23:08.427+05:30 DEBUG 29656 --- [wireblog-backend] [           main] .s.b.w.e.t.TomcatServletWebServerFactory : Code archive: C:\Users\arpit\.m2\repository\org\springframework\boot\spring-boot\3.3.4\spring-boot-3.3.4.jar
2026-07-11T12:23:08.429+05:30 DEBUG 29656 --- [wireblog-backend] [           main] .s.b.w.e.t.TomcatServletWebServerFactory : None of the document roots [src/main/webapp, public, static] point to a directory and will be ignored.
2026-07-11T12:23:08.505+05:30  INFO 29656 --- [wireblog-backend] [           main] o.s.b.w.embedded.tomcat.TomcatWebServer  : Tomcat initialized with port 8080 (http)
2026-07-11T12:23:08.590+05:30  INFO 29656 --- [wireblog-backend] [           main] o.apache.catalina.core.StandardService   : Starting service [Tomcat]
2026-07-11T12:23:08.592+05:30  INFO 29656 --- [wireblog-backend] [           main] o.apache.catalina.core.StandardEngine    : Starting Servlet engine: [Apache Tomcat/10.1.30]
2026-07-11T12:23:08.827+05:30  INFO 29656 --- [wireblog-backend] [           main] o.a.c.c.C.[Tomcat].[localhost].[/]       : Initializing Spring embedded WebApplicationContext
2026-07-11T12:23:08.829+05:30 DEBUG 29656 --- [wireblog-backend] [           main] w.s.c.ServletWebServerApplicationContext : Published root WebApplicationContext as ServletContext attribute with name [org.springframework.web.context.WebApplicationContext.ROOT]
2026-07-11T12:23:08.833+05:30  INFO 29656 --- [wireblog-backend] [           main] w.s.c.ServletWebServerApplicationContext : Root WebApplicationContext: initialization completed in 7042 ms
2026-07-11T12:23:09.393+05:30  INFO 29656 --- [wireblog-backend] [           main] com.zaxxer.hikari.HikariDataSource       : HikariPool-1 - Starting...
2026-07-11T12:23:10.886+05:30  INFO 29656 --- [wireblog-backend] [           main] com.zaxxer.hikari.pool.HikariPool        : HikariPool-1 - Added connection org.postgresql.jdbc.PgConnection@446c8c72
2026-07-11T12:23:10.893+05:30  INFO 29656 --- [wireblog-backend] [           main] com.zaxxer.hikari.HikariDataSource       : HikariPool-1 - Start completed.
2026-07-11T12:23:10.947+05:30  INFO 29656 --- [wireblog-backend] [           main] o.s.b.a.h2.H2ConsoleAutoConfiguration    : H2 console available at '/h2-console'. Database available at 'jdbc:postgresql://localhost:5432/wireblog'
2026-07-11T12:23:11.450+05:30 DEBUG 29656 --- [wireblog-backend] [           main] o.s.b.w.s.ServletContextInitializerBeans : Mapping filters: webMvcObservationFilter urls=[/*] order=-2147483647, springSecurityFilterChain urls=[/*] order=-100, characterEncodingFilter urls=[/*] order=-2147483648, formContentFilter urls=[/*] order=-9900, requestContextFilter urls=[/*] order=-105, jwtAuthFilter urls=[/*] order=2147483647
2026-07-11T12:23:11.453+05:30 DEBUG 29656 --- [wireblog-backend] [           main] o.s.b.w.s.ServletContextInitializerBeans : Mapping servlets: dispatcherServlet urls=[/], h2Console urls=[/h2-console/*]
2026-07-11T12:23:11.567+05:30 DEBUG 29656 --- [wireblog-backend] [           main] o.s.b.w.s.f.OrderedRequestContextFilter  : Filter 'requestContextFilter' configured for use
2026-07-11T12:23:11.578+05:30 DEBUG 29656 --- [wireblog-backend] [           main] o.s.w.f.ServerHttpObservationFilter      : Filter 'webMvcObservationFilter' configured for use
2026-07-11T12:23:11.580+05:30 DEBUG 29656 --- [wireblog-backend] [           main] s.b.w.s.f.OrderedCharacterEncodingFilter : Filter 'characterEncodingFilter' configured for use
2026-07-11T12:23:11.592+05:30 DEBUG 29656 --- [wireblog-backend] [           main] .DelegatingFilterProxyRegistrationBean$1 : Filter 'springSecurityFilterChain' configured for use
2026-07-11T12:23:11.594+05:30 DEBUG 29656 --- [wireblog-backend] [           main] o.s.b.w.s.f.OrderedFormContentFilter     : Filter 'formContentFilter' configured for use
2026-07-11T12:23:12.070+05:30  INFO 29656 --- [wireblog-backend] [           main] o.hibernate.jpa.internal.util.LogHelper  : HHH000204: Processing PersistenceUnitInfo [name: default]
2026-07-11T12:23:12.338+05:30  INFO 29656 --- [wireblog-backend] [           main] org.hibernate.Version                    : HHH000412: Hibernate ORM core version 6.5.3.Final
2026-07-11T12:23:12.491+05:30  INFO 29656 --- [wireblog-backend] [           main] o.h.c.internal.RegionFactoryInitiator    : HHH000026: Second-level cache disabled
2026-07-11T12:23:13.426+05:30  INFO 29656 --- [wireblog-backend] [           main] o.s.o.j.p.SpringPersistenceUnitInfo      : No LoadTimeWeaver setup: ignoring JPA class transformer
2026-07-11T12:23:15.889+05:30  INFO 29656 --- [wireblog-backend] [           main] o.h.e.t.j.p.i.JtaPlatformInitiator       : HHH000489: No JTA platform available (set 'hibernate.transaction.jta.platform' to enable JTA platform integration)
2026-07-11T12:23:16.546+05:30  INFO 29656 --- [wireblog-backend] [           main] j.LocalContainerEntityManagerFactoryBean : Initialized JPA EntityManagerFactory for persistence unit 'default'
2026-07-11T12:23:20.727+05:30 DEBUG 29656 --- [wireblog-backend] [           main] org.hibernate.SQL                        : 
    select
        count(*) 
    from
        users u1_0
2026-07-11T12:23:21.213+05:30  WARN 29656 --- [wireblog-backend] [           main] .s.s.UserDetailsServiceAutoConfiguration : 

Using generated security password: 61e8f8e9-311f-4aba-904e-aa09804d1dd9

This generated password is for development use only. Your security configuration must be updated before running your application in production.

2026-07-11T12:23:21.252+05:30  INFO 29656 --- [wireblog-backend] [           main] r$InitializeUserDetailsManagerConfigurer : Global AuthenticationManager configured with UserDetailsService bean with name inMemoryUserDetailsManager
2026-07-11T12:23:21.908+05:30 DEBUG 29656 --- [wireblog-backend] [           main] s.w.s.m.m.a.RequestMappingHandlerMapping : 31 mappings in 'requestMappingHandlerMapping'
2026-07-11T12:23:22.375+05:30 DEBUG 29656 --- [wireblog-backend] [           main] o.s.w.s.handler.SimpleUrlHandlerMapping  : Patterns [/webjars/**, /**, /uploads/**] in 'resourceHandlerMapping'
2026-07-11T12:23:22.772+05:30  INFO 29656 --- [wireblog-backend] [           main] o.s.b.a.e.web.EndpointLinksResolver      : Exposing 1 endpoint beneath base path '/actuator'
2026-07-11T12:23:23.660+05:30 DEBUG 29656 --- [wireblog-backend] [           main] s.w.s.m.m.a.RequestMappingHandlerAdapter : ControllerAdvice beans: 0 @ModelAttribute, 0 @InitBinder, 1 RequestBodyAdvice, 1 ResponseBodyAdvice
2026-07-11T12:23:23.869+05:30 DEBUG 29656 --- [wireblog-backend] [           main] .m.m.a.ExceptionHandlerExceptionResolver : ControllerAdvice beans: 1 @ExceptionHandler, 1 ResponseBodyAdvice
2026-07-11T12:23:24.961+05:30  INFO 29656 --- [wireblog-backend] [           main] o.s.b.w.embedded.tomcat.TomcatWebServer  : Tomcat started on port 8080 (http) with context path '/'
2026-07-11T12:23:25.031+05:30 DEBUG 29656 --- [wireblog-backend] [           main] .s.b.a.l.ConditionEvaluationReportLogger : 


============================
CONDITIONS EVALUATION REPORT
============================


Positive matches:
-----------------

   AopAutoConfiguration matched:
      - @ConditionalOnProperty (spring.aop.auto=true) matched (OnPropertyCondition)

   AopAutoConfiguration.AspectJAutoProxyingConfiguration matched:
      - @ConditionalOnClass found required class 'org.aspectj.weaver.Advice' (OnClassCondition)

   AopAutoConfiguration.AspectJAutoProxyingConfiguration.CglibAutoProxyConfiguration matched:
      - @ConditionalOnProperty (spring.aop.proxy-target-class=true) matched (OnPropertyCondition)

   ApplicationAvailabilityAutoConfiguration#applicationAvailability matched:
      - @ConditionalOnMissingBean (types: org.springframework.boot.availability.ApplicationAvailability; SearchStrategy: all) did not find any beans (OnBeanCondition)

   CacheAutoConfiguration matched:
      - @ConditionalOnClass found required class 'org.springframework.cache.CacheManager' (OnClassCondition)
      - @ConditionalOnBean (types: org.springframework.cache.interceptor.CacheAspectSupport; SearchStrategy: all) found bean 'cacheInterceptor'; @ConditionalOnMissingBean (names: cacheResolver types: org.springframework.cache.CacheManager; SearchStrategy: all) did not find any beans (OnBeanCondition)

   CacheAutoConfiguration#cacheManagerCustomizers matched:
      - @ConditionalOnMissingBean (types: org.springframework.boot.autoconfigure.cache.CacheManagerCustomizers; SearchStrategy: all) did not find any beans (OnBeanCondition)

   CacheAutoConfiguration.CacheManagerEntityManagerFactoryDependsOnPostProcessor matched:
      - @ConditionalOnClass found required class 'org.springframework.orm.jpa.LocalContainerEntityManagerFactoryBean' (OnClassCondition)
      - @ConditionalOnBean (types: org.springframework.orm.jpa.AbstractEntityManagerFactoryBean; SearchStrategy: all) found bean '&entityManagerFactory' (OnBeanCondition)

   CacheMeterBinderProvidersConfiguration matched:
      - @ConditionalOnClass found required class 'io.micrometer.core.instrument.binder.MeterBinder' (OnClassCondition)

   CacheMetricsAutoConfiguration matched:
      - @ConditionalOnBean (types: org.springframework.cache.CacheManager; SearchStrategy: all) found bean 'cacheManager' (OnBeanCondition)

   CompositeMeterRegistryAutoConfiguration matched:
      - @ConditionalOnClass found required class 'io.micrometer.core.instrument.composite.CompositeMeterRegistry' (OnClassCondition)

   DataSourceAutoConfiguration matched:
      - @ConditionalOnClass found required classes 'javax.sql.DataSource', 'org.springframework.jdbc.datasource.embedded.EmbeddedDatabaseType' (OnClassCondition)
      - @ConditionalOnMissingBean (types: io.r2dbc.spi.ConnectionFactory; SearchStrategy: all) did not find any beans (OnBeanCondition)

   DataSourceAutoConfiguration.PooledDataSourceConfiguration matched:
      - AnyNestedCondition 1 matched 1 did not; NestedCondition on DataSourceAutoConfiguration.PooledDataSourceCondition.PooledDataSourceAvailable PooledDataSource found supported DataSource; NestedCondition on DataSourceAutoConfiguration.PooledDataSourceCondition.ExplicitType @ConditionalOnProperty (spring.datasource.type) did not find property 'type' (DataSourceAutoConfiguration.PooledDataSourceCondition)
      - @ConditionalOnMissingBean (types: javax.sql.DataSource,javax.sql.XADataSource; SearchStrategy: all) did not find any beans (OnBeanCondition)

   DataSourceAutoConfiguration.PooledDataSourceConfiguration#jdbcConnectionDetails matched:
      - @ConditionalOnMissingBean (types: org.springframework.boot.autoconfigure.jdbc.JdbcConnectionDetails; SearchStrategy: all) did not find any beans (OnBeanCondition)

   DataSourceConfiguration.Hikari matched:
      - @ConditionalOnClass found required class 'com.zaxxer.hikari.HikariDataSource' (OnClassCondition)
      - @ConditionalOnProperty (spring.datasource.type=com.zaxxer.hikari.HikariDataSource) matched (OnPropertyCondition)
      - @ConditionalOnMissingBean (types: javax.sql.DataSource; SearchStrategy: all) did not find any beans (OnBeanCondition)

   DataSourceHealthContributorAutoConfiguration matched:
      - @ConditionalOnClass found required classes 'org.springframework.jdbc.core.JdbcTemplate', 'org.springframework.jdbc.datasource.lookup.AbstractRoutingDataSource' (OnClassCondition)
      - @ConditionalOnEnabledHealthIndicator management.health.defaults.enabled is considered true (OnEnabledHealthIndicatorCondition)
      - @ConditionalOnBean (types: javax.sql.DataSource; SearchStrategy: all) found bean 'dataSource' (OnBeanCondition)

   DataSourceHealthContributorAutoConfiguration#dbHealthContributor matched:
      - @ConditionalOnMissingBean (names: dbHealthIndicator,dbHealthContributor; SearchStrategy: all) did not find any beans (OnBeanCondition)

   DataSourceInitializationConfiguration matched:
      - @ConditionalOnClass found required class 'org.springframework.jdbc.datasource.init.DatabasePopulator' (OnClassCondition)
      - @ConditionalOnSingleCandidate (types: javax.sql.DataSource; SearchStrategy: all) found a single bean 'dataSource'; @ConditionalOnMissingBean (types: org.springframework.boot.autoconfigure.sql.init.SqlDataSourceScriptDatabaseInitializer,org.springframework.boot.autoconfigure.sql.init.SqlR2dbcScriptDatabaseInitializer; SearchStrategy: all) did not find any beans (OnBeanCondition)

   DataSourceJmxConfiguration matched:
      - @ConditionalOnProperty (spring.jmx.enabled=true) matched (OnPropertyCondition)

   DataSourceJmxConfiguration.Hikari matched:
      - @ConditionalOnClass found required class 'com.zaxxer.hikari.HikariDataSource' (OnClassCondition)
      - @ConditionalOnSingleCandidate (types: javax.sql.DataSource; SearchStrategy: all) found a single bean 'dataSource' (OnBeanCondition)

   DataSourcePoolMetadataProvidersConfiguration.HikariPoolDataSourceMetadataProviderConfiguration matched:
      - @ConditionalOnClass found required class 'com.zaxxer.hikari.HikariDataSource' (OnClassCondition)

   DataSourcePoolMetricsAutoConfiguration matched:
      - @ConditionalOnClass found required classes 'javax.sql.DataSource', 'io.micrometer.core.instrument.MeterRegistry' (OnClassCondition)
      - @ConditionalOnBean (types: javax.sql.DataSource,io.micrometer.core.instrument.MeterRegistry; SearchStrategy: all) found beans 'simpleMeterRegistry', 'dataSource' (OnBeanCondition)

   DataSourcePoolMetricsAutoConfiguration.DataSourcePoolMetadataMetricsConfiguration matched:
      - @ConditionalOnBean (types: org.springframework.boot.jdbc.metadata.DataSourcePoolMetadataProvider; SearchStrategy: all) found bean 'hikariPoolDataSourceMetadataProvider' (OnBeanCondition)

   DataSourcePoolMetricsAutoConfiguration.HikariDataSourceMetricsConfiguration matched:
      - @ConditionalOnClass found required class 'com.zaxxer.hikari.HikariDataSource' (OnClassCondition)

   DataSourceTransactionManagerAutoConfiguration matched:
      - @ConditionalOnClass found required classes 'javax.sql.DataSource', 'org.springframework.jdbc.core.JdbcTemplate', 'org.springframework.transaction.TransactionManager' (OnClassCondition)

   DataSourceTransactionManagerAutoConfiguration.JdbcTransactionManagerConfiguration matched:
      - @ConditionalOnSingleCandidate (types: javax.sql.DataSource; SearchStrategy: all) found a single bean 'dataSource' (OnBeanCondition)

   DiskSpaceHealthContributorAutoConfiguration matched:
      - @ConditionalOnEnabledHealthIndicator management.health.defaults.enabled is considered true (OnEnabledHealthIndicatorCondition)

   DiskSpaceHealthContributorAutoConfiguration#diskSpaceHealthIndicator matched:
      - @ConditionalOnMissingBean (names: diskSpaceHealthIndicator; SearchStrategy: all) did not find any beans (OnBeanCondition)

   DispatcherServletAutoConfiguration matched:
      - @ConditionalOnClass found required class 'org.springframework.web.servlet.DispatcherServlet' (OnClassCondition)
      - found 'session' scope (OnWebApplicationCondition)

   DispatcherServletAutoConfiguration.DispatcherServletConfiguration matched:
      - @ConditionalOnClass found required class 'jakarta.servlet.ServletRegistration' (OnClassCondition)
      - Default DispatcherServlet did not find dispatcher servlet beans (DispatcherServletAutoConfiguration.DefaultDispatcherServletCondition)

   DispatcherServletAutoConfiguration.DispatcherServletRegistrationConfiguration matched:
      - @ConditionalOnClass found required class 'jakarta.servlet.ServletRegistration' (OnClassCondition)
      - DispatcherServlet Registration did not find servlet registration bean (DispatcherServletAutoConfiguration.DispatcherServletRegistrationCondition)

   DispatcherServletAutoConfiguration.DispatcherServletRegistrationConfiguration#dispatcherServletRegistration matched:
      - @ConditionalOnBean (names: dispatcherServlet types: org.springframework.web.servlet.DispatcherServlet; SearchStrategy: all) found bean 'dispatcherServlet' (OnBeanCondition)

   EmbeddedWebServerFactoryCustomizerAutoConfiguration matched:
      - @ConditionalOnWebApplication (required) found 'session' scope (OnWebApplicationCondition)
      - @ConditionalOnWarDeployment the application is not deployed as a WAR file. (OnWarDeploymentCondition)

   EmbeddedWebServerFactoryCustomizerAutoConfiguration.TomcatWebServerFactoryCustomizerConfiguration matched:
      - @ConditionalOnClass found required classes 'org.apache.catalina.startup.Tomcat', 'org.apache.coyote.UpgradeProtocol' (OnClassCondition)

   EndpointAutoConfiguration#endpointCachingOperationInvokerAdvisor matched:
      - @ConditionalOnMissingBean (types: org.springframework.boot.actuate.endpoint.invoker.cache.CachingOperationInvokerAdvisor; SearchStrategy: all) did not find any beans (OnBeanCondition)

   EndpointAutoConfiguration#endpointOperationParameterMapper matched:
      - @ConditionalOnMissingBean (types: org.springframework.boot.actuate.endpoint.invoke.ParameterValueMapper; SearchStrategy: all) did not find any beans (OnBeanCondition)

   ErrorMvcAutoConfiguration matched:
      - @ConditionalOnClass found required classes 'jakarta.servlet.Servlet', 'org.springframework.web.servlet.DispatcherServlet' (OnClassCondition)
      - found 'session' scope (OnWebApplicationCondition)

   ErrorMvcAutoConfiguration#basicErrorController matched:
      - @ConditionalOnMissingBean (types: org.springframework.boot.web.servlet.error.ErrorController; SearchStrategy: current) did not find any beans (OnBeanCondition)

   ErrorMvcAutoConfiguration#errorAttributes matched:
      - @ConditionalOnMissingBean (types: org.springframework.boot.web.servlet.error.ErrorAttributes; SearchStrategy: current) did not find any beans (OnBeanCondition)

   ErrorMvcAutoConfiguration.DefaultErrorViewResolverConfiguration#conventionErrorViewResolver matched:
      - @ConditionalOnBean (types: org.springframework.web.servlet.DispatcherServlet; SearchStrategy: all) found bean 'dispatcherServlet'; @ConditionalOnMissingBean (types: org.springframework.boot.autoconfigure.web.servlet.error.ErrorViewResolver; SearchStrategy: all) did not find any beans (OnBeanCondition)

   ErrorMvcAutoConfiguration.WhitelabelErrorViewConfiguration matched:
      - @ConditionalOnProperty (server.error.whitelabel.enabled) matched (OnPropertyCondition)
      - ErrorTemplate Missing did not find error template view (ErrorMvcAutoConfiguration.ErrorTemplateMissingCondition)

   ErrorMvcAutoConfiguration.WhitelabelErrorViewConfiguration#beanNameViewResolver matched:
      - @ConditionalOnMissingBean (types: org.springframework.web.servlet.view.BeanNameViewResolver; SearchStrategy: all) did not find any beans (OnBeanCondition)

   ErrorMvcAutoConfiguration.WhitelabelErrorViewConfiguration#defaultErrorView matched:
      - @ConditionalOnMissingBean (names: error; SearchStrategy: all) did not find any beans (OnBeanCondition)

   H2ConsoleAutoConfiguration matched:
      - @ConditionalOnClass found required class 'org.h2.server.web.JakartaWebServlet' (OnClassCondition)
      - found 'session' scope (OnWebApplicationCondition)
      - @ConditionalOnProperty (spring.h2.console.enabled=true) matched (OnPropertyCondition)

   HealthContributorAutoConfiguration#pingHealthContributor matched:
      - @ConditionalOnEnabledHealthIndicator management.health.defaults.enabled is considered true (OnEnabledHealthIndicatorCondition)

   HealthEndpointAutoConfiguration matched:
      - @ConditionalOnAvailableEndpoint marked as exposed by a 'management.endpoints.web.exposure' property (OnAvailableEndpointCondition)

   HealthEndpointConfiguration#healthContributorRegistry matched:
      - @ConditionalOnMissingBean (types: org.springframework.boot.actuate.health.HealthContributorRegistry; SearchStrategy: all) did not find any beans (OnBeanCondition)

   HealthEndpointConfiguration#healthEndpoint matched:
      - @ConditionalOnMissingBean (types: org.springframework.boot.actuate.health.HealthEndpoint; SearchStrategy: all) did not find any beans (OnBeanCondition)

   HealthEndpointConfiguration#healthEndpointGroupMembershipValidator matched:
      - @ConditionalOnProperty (management.endpoint.health.validate-group-membership=true) matched (OnPropertyCondition)

   HealthEndpointConfiguration#healthEndpointGroups matched:
      - @ConditionalOnMissingBean (types: org.springframework.boot.actuate.health.HealthEndpointGroups; SearchStrategy: all) did not find any beans (OnBeanCondition)

   HealthEndpointConfiguration#healthHttpCodeStatusMapper matched:
      - @ConditionalOnMissingBean (types: org.springframework.boot.actuate.health.HttpCodeStatusMapper; SearchStrategy: all) did not find any beans (OnBeanCondition)

   HealthEndpointConfiguration#healthStatusAggregator matched:
      - @ConditionalOnMissingBean (types: org.springframework.boot.actuate.health.StatusAggregator; SearchStrategy: all) did not find any beans (OnBeanCondition)

   HealthEndpointWebExtensionConfiguration matched:
      - found 'session' scope (OnWebApplicationCondition)
      - @ConditionalOnAvailableEndpoint marked as exposed by a 'management.endpoints.web.exposure' property (OnAvailableEndpointCondition)
      - @ConditionalOnBean (types: org.springframework.boot.actuate.health.HealthEndpoint; SearchStrategy: all) found bean 'healthEndpoint' (OnBeanCondition)

   HealthEndpointWebExtensionConfiguration#healthEndpointWebExtension matched:
      - @ConditionalOnMissingBean (types: org.springframework.boot.actuate.health.HealthEndpointWebExtension; SearchStrategy: all) did not find any beans (OnBeanCondition)

   HealthEndpointWebExtensionConfiguration.MvcAdditionalHealthEndpointPathsConfiguration matched:
      - @ConditionalOnAvailableEndpoint marked as exposed by a 'management.endpoints.web.exposure' property (OnAvailableEndpointCondition)
      - @ConditionalOnBean (types: org.springframework.web.servlet.DispatcherServlet; SearchStrategy: all) found bean 'dispatcherServlet' (OnBeanCondition)

   HibernateJpaAutoConfiguration matched:
      - @ConditionalOnClass found required classes 'org.springframework.orm.jpa.LocalContainerEntityManagerFactoryBean', 'jakarta.persistence.EntityManager', 'org.hibernate.engine.spi.SessionImplementor' (OnClassCondition)

   HibernateJpaConfiguration matched:
      - @ConditionalOnSingleCandidate (types: javax.sql.DataSource; SearchStrategy: all) found a single bean 'dataSource' (OnBeanCondition)

   HttpClientObservationsAutoConfiguration matched:
      - @ConditionalOnClass found required class 'io.micrometer.observation.Observation' (OnClassCondition)
      - @ConditionalOnBean (types: io.micrometer.observation.ObservationRegistry; SearchStrategy: all) found bean 'observationRegistry' (OnBeanCondition)

   HttpClientObservationsAutoConfiguration.MeterFilterConfiguration matched:
      - @ConditionalOnClass found required class 'io.micrometer.core.instrument.MeterRegistry' (OnClassCondition)
      - @ConditionalOnBean (types: io.micrometer.core.instrument.MeterRegistry; SearchStrategy: all) found bean 'simpleMeterRegistry' (OnBeanCondition)

   HttpEncodingAutoConfiguration matched:
      - @ConditionalOnClass found required class 'org.springframework.web.filter.CharacterEncodingFilter' (OnClassCondition)
      - found 'session' scope (OnWebApplicationCondition)
      - @ConditionalOnProperty (server.servlet.encoding.enabled) matched (OnPropertyCondition)

   HttpEncodingAutoConfiguration#characterEncodingFilter matched:
      - @ConditionalOnMissingBean (types: org.springframework.web.filter.CharacterEncodingFilter; SearchStrategy: all) did not find any beans (OnBeanCondition)

   HttpMessageConvertersAutoConfiguration matched:
      - @ConditionalOnClass found required class 'org.springframework.http.converter.HttpMessageConverter' (OnClassCondition)
      - NoneNestedConditions 0 matched 1 did not; NestedCondition on HttpMessageConvertersAutoConfiguration.NotReactiveWebApplicationCondition.ReactiveWebApplication did not find reactive web application classes (HttpMessageConvertersAutoConfiguration.NotReactiveWebApplicationCondition)

   HttpMessageConvertersAutoConfiguration#messageConverters matched:
      - @ConditionalOnMissingBean (types: org.springframework.boot.autoconfigure.http.HttpMessageConverters; SearchStrategy: all) did not find any beans (OnBeanCondition)

   HttpMessageConvertersAutoConfiguration.StringHttpMessageConverterConfiguration matched:
      - @ConditionalOnClass found required class 'org.springframework.http.converter.StringHttpMessageConverter' (OnClassCondition)

   HttpMessageConvertersAutoConfiguration.StringHttpMessageConverterConfiguration#stringHttpMessageConverter matched:
      - @ConditionalOnMissingBean (types: org.springframework.http.converter.StringHttpMessageConverter; SearchStrategy: all) did not find any beans (OnBeanCondition)

   JacksonAutoConfiguration matched:
      - @ConditionalOnClass found required class 'com.fasterxml.jackson.databind.ObjectMapper' (OnClassCondition)

   JacksonAutoConfiguration.Jackson2ObjectMapperBuilderCustomizerConfiguration matched:
      - @ConditionalOnClass found required class 'org.springframework.http.converter.json.Jackson2ObjectMapperBuilder' (OnClassCondition)

   JacksonAutoConfiguration.JacksonObjectMapperBuilderConfiguration matched:
      - @ConditionalOnClass found required class 'org.springframework.http.converter.json.Jackson2ObjectMapperBuilder' (OnClassCondition)

   JacksonAutoConfiguration.JacksonObjectMapperBuilderConfiguration#jacksonObjectMapperBuilder matched:
      - @ConditionalOnMissingBean (types: org.springframework.http.converter.json.Jackson2ObjectMapperBuilder; SearchStrategy: all) did not find any beans (OnBeanCondition)

   JacksonAutoConfiguration.JacksonObjectMapperConfiguration matched:
      - @ConditionalOnClass found required class 'org.springframework.http.converter.json.Jackson2ObjectMapperBuilder' (OnClassCondition)

   JacksonAutoConfiguration.JacksonObjectMapperConfiguration#jacksonObjectMapper matched:
      - @ConditionalOnMissingBean (types: com.fasterxml.jackson.databind.ObjectMapper; SearchStrategy: all) did not find any beans (OnBeanCondition)

   JacksonAutoConfiguration.ParameterNamesModuleConfiguration matched:
      - @ConditionalOnClass found required class 'com.fasterxml.jackson.module.paramnames.ParameterNamesModule' (OnClassCondition)

   JacksonAutoConfiguration.ParameterNamesModuleConfiguration#parameterNamesModule matched:
      - @ConditionalOnMissingBean (types: com.fasterxml.jackson.module.paramnames.ParameterNamesModule; SearchStrategy: all) did not find any beans (OnBeanCondition)

   JacksonEndpointAutoConfiguration#endpointObjectMapper matched:
      - @ConditionalOnClass found required classes 'com.fasterxml.jackson.databind.ObjectMapper', 'org.springframework.http.converter.json.Jackson2ObjectMapperBuilder' (OnClassCondition)
      - @ConditionalOnProperty (management.endpoints.jackson.isolated-object-mapper) matched (OnPropertyCondition)

   JacksonHttpMessageConvertersConfiguration.MappingJackson2HttpMessageConverterConfiguration matched:
      - @ConditionalOnClass found required class 'com.fasterxml.jackson.databind.ObjectMapper' (OnClassCondition)
      - @ConditionalOnProperty (spring.mvc.converters.preferred-json-mapper=jackson) matched (OnPropertyCondition)
      - @ConditionalOnBean (types: com.fasterxml.jackson.databind.ObjectMapper; SearchStrategy: all) found bean 'jacksonObjectMapper' (OnBeanCondition)

   JacksonHttpMessageConvertersConfiguration.MappingJackson2HttpMessageConverterConfiguration#mappingJackson2HttpMessageConverter matched:
      - @ConditionalOnMissingBean (types: org.springframework.http.converter.json.MappingJackson2HttpMessageConverter ignored: org.springframework.hateoas.server.mvc.TypeConstrainedMappingJackson2HttpMessageConverter,org.springframework.data.rest.webmvc.alps.AlpsJsonHttpMessageConverter; SearchStrategy: all) did not find any beans (OnBeanCondition)

   JdbcClientAutoConfiguration matched:
      - @ConditionalOnSingleCandidate (types: org.springframework.jdbc.core.namedparam.NamedParameterJdbcTemplate; SearchStrategy: all) found a single bean 'namedParameterJdbcTemplate'; @ConditionalOnMissingBean (types: org.springframework.jdbc.core.simple.JdbcClient; SearchStrategy: all) did not find any beans (OnBeanCondition)

   JdbcTemplateAutoConfiguration matched:
      - @ConditionalOnClass found required classes 'javax.sql.DataSource', 'org.springframework.jdbc.core.JdbcTemplate' (OnClassCondition)
      - @ConditionalOnSingleCandidate (types: javax.sql.DataSource; SearchStrategy: all) found a single bean 'dataSource' (OnBeanCondition)

   JdbcTemplateConfiguration matched:
      - @ConditionalOnMissingBean (types: org.springframework.jdbc.core.JdbcOperations; SearchStrategy: all) did not find any beans (OnBeanCondition)

   JpaBaseConfiguration#entityManagerFactory matched:
      - @ConditionalOnMissingBean (types: org.springframework.orm.jpa.LocalContainerEntityManagerFactoryBean,jakarta.persistence.EntityManagerFactory; SearchStrategy: all) did not find any beans (OnBeanCondition)

   JpaBaseConfiguration#entityManagerFactoryBuilder matched:
      - @ConditionalOnMissingBean (types: org.springframework.boot.orm.jpa.EntityManagerFactoryBuilder; SearchStrategy: all) did not find any beans (OnBeanCondition)

   JpaBaseConfiguration#jpaVendorAdapter matched:
      - @ConditionalOnMissingBean (types: org.springframework.orm.jpa.JpaVendorAdapter; SearchStrategy: all) did not find any beans (OnBeanCondition)

   JpaBaseConfiguration#transactionManager matched:
      - @ConditionalOnMissingBean (types: org.springframework.transaction.TransactionManager; SearchStrategy: all) did not find any beans (OnBeanCondition)

   JpaBaseConfiguration.PersistenceManagedTypesConfiguration matched:
      - @ConditionalOnMissingBean (types: org.springframework.orm.jpa.LocalContainerEntityManagerFactoryBean,jakarta.persistence.EntityManagerFactory; SearchStrategy: all) did not find any beans (OnBeanCondition)

   JpaBaseConfiguration.PersistenceManagedTypesConfiguration#persistenceManagedTypes matched:
      - @ConditionalOnMissingBean (types: org.springframework.orm.jpa.persistenceunit.PersistenceManagedTypes; SearchStrategy: all) did not find any beans (OnBeanCondition)

   JpaRepositoriesAutoConfiguration matched:
      - @ConditionalOnClass found required class 'org.springframework.data.jpa.repository.JpaRepository' (OnClassCondition)
      - @ConditionalOnProperty (spring.data.jpa.repositories.enabled=true) matched (OnPropertyCondition)
      - @ConditionalOnBean (types: javax.sql.DataSource; SearchStrategy: all) found bean 'dataSource'; @ConditionalOnMissingBean (types: org.springframework.data.jpa.repository.support.JpaRepositoryFactoryBean,org.springframework.data.jpa.repository.config.JpaRepositoryConfigExtension; SearchStrategy: all) did not find any beans (OnBeanCondition)

   JtaAutoConfiguration matched:
      - @ConditionalOnClass found required class 'jakarta.transaction.Transaction' (OnClassCondition)
      - @ConditionalOnProperty (spring.jta.enabled) matched (OnPropertyCondition)

   JvmMetricsAutoConfiguration matched:
      - @ConditionalOnClass found required class 'io.micrometer.core.instrument.MeterRegistry' (OnClassCondition)
      - @ConditionalOnBean (types: io.micrometer.core.instrument.MeterRegistry; SearchStrategy: all) found bean 'simpleMeterRegistry' (OnBeanCondition)

   JvmMetricsAutoConfiguration#classLoaderMetrics matched:
      - @ConditionalOnMissingBean (types: io.micrometer.core.instrument.binder.jvm.ClassLoaderMetrics; SearchStrategy: all) did not find any beans (OnBeanCondition)

   JvmMetricsAutoConfiguration#jvmCompilationMetrics matched:
      - @ConditionalOnMissingBean (types: io.micrometer.core.instrument.binder.jvm.JvmCompilationMetrics; SearchStrategy: all) did not find any beans (OnBeanCondition)

   JvmMetricsAutoConfiguration#jvmGcMetrics matched:
      - @ConditionalOnMissingBean (types: io.micrometer.core.instrument.binder.jvm.JvmGcMetrics; SearchStrategy: all) did not find any beans (OnBeanCondition)

   JvmMetricsAutoConfiguration#jvmHeapPressureMetrics matched:
      - @ConditionalOnMissingBean (types: io.micrometer.core.instrument.binder.jvm.JvmHeapPressureMetrics; SearchStrategy: all) did not find any beans (OnBeanCondition)

   JvmMetricsAutoConfiguration#jvmInfoMetrics matched:
      - @ConditionalOnMissingBean (types: io.micrometer.core.instrument.binder.jvm.JvmInfoMetrics; SearchStrategy: all) did not find any beans (OnBeanCondition)

   JvmMetricsAutoConfiguration#jvmMemoryMetrics matched:
      - @ConditionalOnMissingBean (types: io.micrometer.core.instrument.binder.jvm.JvmMemoryMetrics; SearchStrategy: all) did not find any beans (OnBeanCondition)

   JvmMetricsAutoConfiguration#jvmThreadMetrics matched:
      - @ConditionalOnMissingBean (types: io.micrometer.core.instrument.binder.jvm.JvmThreadMetrics; SearchStrategy: all) did not find any beans (OnBeanCondition)

   LifecycleAutoConfiguration#defaultLifecycleProcessor matched:
      - @ConditionalOnMissingBean (names: lifecycleProcessor; SearchStrategy: current) did not find any beans (OnBeanCondition)

   LogbackMetricsAutoConfiguration matched:
      - @ConditionalOnClass found required classes 'io.micrometer.core.instrument.MeterRegistry', 'ch.qos.logback.classic.LoggerContext', 'org.slf4j.LoggerFactory' (OnClassCondition)
      - LogbackLoggingCondition ILoggerFactory is a Logback LoggerContext (LogbackMetricsAutoConfiguration.LogbackLoggingCondition)
      - @ConditionalOnBean (types: io.micrometer.core.instrument.MeterRegistry; SearchStrategy: all) found bean 'simpleMeterRegistry' (OnBeanCondition)

   LogbackMetricsAutoConfiguration#logbackMetrics matched:
      - @ConditionalOnMissingBean (types: io.micrometer.core.instrument.binder.logging.LogbackMetrics; SearchStrategy: all) did not find any beans (OnBeanCondition)

   ManagementContextAutoConfiguration.SameManagementContextConfiguration matched:
      - Management Port actual port type (SAME) matched required type (OnManagementPortCondition)

   MetricsAutoConfiguration matched:
      - @ConditionalOnClass found required class 'io.micrometer.core.annotation.Timed' (OnClassCondition)

   MetricsAutoConfiguration#micrometerClock matched:
      - @ConditionalOnMissingBean (types: io.micrometer.core.instrument.Clock; SearchStrategy: all) did not find any beans (OnBeanCondition)

   MultipartAutoConfiguration matched:
      - @ConditionalOnClass found required classes 'jakarta.servlet.Servlet', 'org.springframework.web.multipart.support.StandardServletMultipartResolver', 'jakarta.servlet.MultipartConfigElement' (OnClassCondition)
      - found 'session' scope (OnWebApplicationCondition)
      - @ConditionalOnProperty (spring.servlet.multipart.enabled) matched (OnPropertyCondition)

   MultipartAutoConfiguration#multipartConfigElement matched:
      - @ConditionalOnMissingBean (types: jakarta.servlet.MultipartConfigElement; SearchStrategy: all) did not find any beans (OnBeanCondition)

   MultipartAutoConfiguration#multipartResolver matched:
      - @ConditionalOnMissingBean (types: org.springframework.web.multipart.MultipartResolver; SearchStrategy: all) did not find any beans (OnBeanCondition)

   NamedParameterJdbcTemplateConfiguration matched:
      - @ConditionalOnSingleCandidate (types: org.springframework.jdbc.core.JdbcTemplate; SearchStrategy: all) found a single bean 'jdbcTemplate'; @ConditionalOnMissingBean (types: org.springframework.jdbc.core.namedparam.NamedParameterJdbcOperations; SearchStrategy: all) did not find any beans (OnBeanCondition)

   ObservationAutoConfiguration matched:
      - @ConditionalOnClass found required class 'io.micrometer.observation.ObservationRegistry' (OnClassCondition)

   ObservationAutoConfiguration#observationRegistry matched:
      - @ConditionalOnMissingBean (types: io.micrometer.observation.ObservationRegistry; SearchStrategy: all) did not find any beans (OnBeanCondition)

   ObservationAutoConfiguration.MeterObservationHandlerConfiguration matched:
      - @ConditionalOnBean (types: io.micrometer.core.instrument.MeterRegistry; SearchStrategy: all) found bean 'simpleMeterRegistry'; @ConditionalOnMissingBean (types: io.micrometer.core.instrument.observation.MeterObservationHandler; SearchStrategy: all) did not find any beans (OnBeanCondition)

   ObservationAutoConfiguration.MeterObservationHandlerConfiguration.OnlyMetricsMeterObservationHandlerConfiguration matched:
      - @ConditionalOnMissingBean (types: io.micrometer.tracing.Tracer; SearchStrategy: all) did not find any beans (OnBeanCondition)

   ObservationAutoConfiguration.ObservedAspectConfiguration matched:
      - @ConditionalOnClass found required class 'org.aspectj.weaver.Advice' (OnClassCondition)

   ObservationAutoConfiguration.ObservedAspectConfiguration#observedAspect matched:
      - @ConditionalOnMissingBean (types: io.micrometer.observation.aop.ObservedAspect; SearchStrategy: all) did not find any beans (OnBeanCondition)

   ObservationAutoConfiguration.OnlyMetricsConfiguration matched:
      - @ConditionalOnClass found required class 'io.micrometer.core.instrument.MeterRegistry'; @ConditionalOnMissingClass did not find unwanted class 'io.micrometer.tracing.Tracer' (OnClassCondition)

   PersistenceExceptionTranslationAutoConfiguration matched:
      - @ConditionalOnClass found required class 'org.springframework.dao.annotation.PersistenceExceptionTranslationPostProcessor' (OnClassCondition)

   PersistenceExceptionTranslationAutoConfiguration#persistenceExceptionTranslationPostProcessor matched:
      - @ConditionalOnProperty (spring.dao.exceptiontranslation.enabled) matched (OnPropertyCondition)
      - @ConditionalOnMissingBean (types: org.springframework.dao.annotation.PersistenceExceptionTranslationPostProcessor; SearchStrategy: all) did not find any beans (OnBeanCondition)

   PropertyPlaceholderAutoConfiguration#propertySourcesPlaceholderConfigurer matched:
      - @ConditionalOnMissingBean (types: org.springframework.context.support.PropertySourcesPlaceholderConfigurer; SearchStrategy: current) did not find any beans (OnBeanCondition)

   RepositoryMetricsAutoConfiguration matched:
      - @ConditionalOnClass found required class 'org.springframework.data.repository.Repository' (OnClassCondition)
      - @ConditionalOnBean (types: io.micrometer.core.instrument.MeterRegistry; SearchStrategy: all) found bean 'simpleMeterRegistry' (OnBeanCondition)

   RepositoryMetricsAutoConfiguration#metricsRepositoryMethodInvocationListener matched:
      - @ConditionalOnMissingBean (types: org.springframework.boot.actuate.metrics.data.MetricsRepositoryMethodInvocationListener; SearchStrategy: all) did not find any beans (OnBeanCondition)

   RepositoryMetricsAutoConfiguration#repositoryTagsProvider matched:
      - @ConditionalOnMissingBean (types: org.springframework.boot.actuate.metrics.data.RepositoryTagsProvider; SearchStrategy: all) did not find any beans (OnBeanCondition)

   RestClientAutoConfiguration matched:
      - @ConditionalOnClass found required class 'org.springframework.web.client.RestClient' (OnClassCondition)
      - NoneNestedConditions 0 matched 1 did not; NestedCondition on NotReactiveWebApplicationCondition.ReactiveWebApplication did not find reactive web application classes (NotReactiveWebApplicationCondition)

   RestClientAutoConfiguration#httpMessageConvertersRestClientCustomizer matched:
      - @ConditionalOnMissingBean (types: org.springframework.boot.autoconfigure.web.client.HttpMessageConvertersRestClientCustomizer; SearchStrategy: all) did not find any beans (OnBeanCondition)

   RestClientAutoConfiguration#restClientBuilder matched:
      - @ConditionalOnMissingBean (types: org.springframework.web.client.RestClient$Builder; SearchStrategy: all) did not find any beans (OnBeanCondition)

   RestClientAutoConfiguration#restClientBuilderConfigurer matched:
      - @ConditionalOnMissingBean (types: org.springframework.boot.autoconfigure.web.client.RestClientBuilderConfigurer; SearchStrategy: all) did not find any beans (OnBeanCondition)

   RestClientAutoConfiguration#restClientSsl matched:
      - @ConditionalOnBean (types: org.springframework.boot.ssl.SslBundles; SearchStrategy: all) found bean 'sslBundleRegistry'; @ConditionalOnMissingBean (types: org.springframework.boot.autoconfigure.web.client.RestClientSsl; SearchStrategy: all) did not find any beans (OnBeanCondition)

   RestClientObservationConfiguration matched:
      - @ConditionalOnClass found required class 'org.springframework.web.client.RestClient' (OnClassCondition)
      - @ConditionalOnBean (types: org.springframework.web.client.RestClient$Builder; SearchStrategy: all) found bean 'restClientBuilder' (OnBeanCondition)

   RestTemplateAutoConfiguration matched:
      - @ConditionalOnClass found required class 'org.springframework.web.client.RestTemplate' (OnClassCondition)
      - NoneNestedConditions 0 matched 1 did not; NestedCondition on NotReactiveWebApplicationCondition.ReactiveWebApplication did not find reactive web application classes (NotReactiveWebApplicationCondition)

   RestTemplateAutoConfiguration#restTemplateBuilder matched:
      - @ConditionalOnMissingBean (types: org.springframework.boot.web.client.RestTemplateBuilder; SearchStrategy: all) did not find any beans (OnBeanCondition)

   RestTemplateObservationConfiguration matched:
      - @ConditionalOnClass found required class 'org.springframework.web.client.RestTemplate' (OnClassCondition)
      - @ConditionalOnBean (types: org.springframework.boot.web.client.RestTemplateBuilder; SearchStrategy: all) found bean 'restTemplateBuilder' (OnBeanCondition)

   ScheduledTasksObservabilityAutoConfiguration matched:
      - @ConditionalOnClass found required class 'org.springframework.scheduling.concurrent.ThreadPoolTaskScheduler' (OnClassCondition)
      - @ConditionalOnBean (types: io.micrometer.observation.ObservationRegistry; SearchStrategy: all) found bean 'observationRegistry' (OnBeanCondition)

   SecurityAutoConfiguration matched:
      - @ConditionalOnClass found required class 'org.springframework.security.authentication.DefaultAuthenticationEventPublisher' (OnClassCondition)

   SecurityAutoConfiguration#authenticationEventPublisher matched:
      - @ConditionalOnMissingBean (types: org.springframework.security.authentication.AuthenticationEventPublisher; SearchStrategy: all) did not find any beans (OnBeanCondition)

   SecurityFilterAutoConfiguration matched:
      - @ConditionalOnClass found required classes 'org.springframework.security.web.context.AbstractSecurityWebApplicationInitializer', 'org.springframework.security.config.http.SessionCreationPolicy' (OnClassCondition)
      - found 'session' scope (OnWebApplicationCondition)

   SecurityFilterAutoConfiguration#securityFilterChainRegistration matched:
      - @ConditionalOnBean (names: springSecurityFilterChain; SearchStrategy: all) found bean 'springSecurityFilterChain' (OnBeanCondition)

   SecurityRequestMatchersManagementContextConfiguration matched:
      - @ConditionalOnClass found required class 'org.springframework.security.web.util.matcher.RequestMatcher' (OnClassCondition)
      - found 'session' scope (OnWebApplicationCondition)

   SecurityRequestMatchersManagementContextConfiguration.MvcRequestMatcherConfiguration matched:
      - @ConditionalOnClass found required class 'org.springframework.web.servlet.DispatcherServlet' (OnClassCondition)
      - @ConditionalOnBean (types: org.springframework.boot.autoconfigure.web.servlet.DispatcherServletPath; SearchStrategy: all) found bean 'dispatcherServletRegistration' (OnBeanCondition)

   SecurityRequestMatchersManagementContextConfiguration.MvcRequestMatcherConfiguration#requestMatcherProvider matched:
      - @ConditionalOnClass found required class 'org.springframework.web.servlet.DispatcherServlet' (OnClassCondition)
      - @ConditionalOnMissingBean (types: org.springframework.boot.autoconfigure.security.servlet.RequestMatcherProvider; SearchStrategy: all) did not find any beans (OnBeanCondition)

   ServletEndpointManagementContextConfiguration matched:
      - found 'session' scope (OnWebApplicationCondition)

   ServletEndpointManagementContextConfiguration.WebMvcServletEndpointManagementContextConfiguration matched:
      - @ConditionalOnClass found required class 'org.springframework.web.servlet.DispatcherServlet' (OnClassCondition)

   ServletManagementContextAutoConfiguration matched:
      - @ConditionalOnClass found required class 'jakarta.servlet.Servlet' (OnClassCondition)
      - found 'session' scope (OnWebApplicationCondition)

   ServletWebServerFactoryAutoConfiguration matched:
      - @ConditionalOnClass found required class 'jakarta.servlet.ServletRequest' (OnClassCondition)
      - found 'session' scope (OnWebApplicationCondition)

   ServletWebServerFactoryAutoConfiguration#tomcatServletWebServerFactoryCustomizer matched:
      - @ConditionalOnClass found required class 'org.apache.catalina.startup.Tomcat' (OnClassCondition)

   ServletWebServerFactoryConfiguration.EmbeddedTomcat matched:
      - @ConditionalOnClass found required classes 'jakarta.servlet.Servlet', 'org.apache.catalina.startup.Tomcat', 'org.apache.coyote.UpgradeProtocol' (OnClassCondition)
      - @ConditionalOnMissingBean (types: org.springframework.boot.web.servlet.server.ServletWebServerFactory; SearchStrategy: current) did not find any beans (OnBeanCondition)

   SimpleCacheConfiguration matched:
      - Cache org.springframework.boot.autoconfigure.cache.SimpleCacheConfiguration automatic cache type (CacheCondition)
      - @ConditionalOnMissingBean (types: org.springframework.cache.CacheManager; SearchStrategy: all) did not find any beans (OnBeanCondition)

   SimpleMetricsExportAutoConfiguration matched:
      - @ConditionalOnEnabledMetricsExport management.defaults.metrics.export.enabled is considered true (OnMetricsExportEnabledCondition)
      - @ConditionalOnBean (types: io.micrometer.core.instrument.Clock; SearchStrategy: all) found bean 'micrometerClock'; @ConditionalOnMissingBean (types: io.micrometer.core.instrument.MeterRegistry; SearchStrategy: all) did not find any beans (OnBeanCondition)

   SimpleMetricsExportAutoConfiguration#simpleConfig matched:
      - @ConditionalOnMissingBean (types: io.micrometer.core.instrument.simple.SimpleConfig; SearchStrategy: all) did not find any beans (OnBeanCondition)

   SpringBootWebSecurityConfiguration matched:
      - found 'session' scope (OnWebApplicationCondition)

   SpringDataWebAutoConfiguration matched:
      - @ConditionalOnClass found required classes 'org.springframework.data.web.PageableHandlerMethodArgumentResolver', 'org.springframework.web.servlet.config.annotation.WebMvcConfigurer' (OnClassCondition)
      - found 'session' scope (OnWebApplicationCondition)
      - @ConditionalOnMissingBean (types: org.springframework.data.web.PageableHandlerMethodArgumentResolver; SearchStrategy: all) did not find any beans (OnBeanCondition)

   SpringDataWebAutoConfiguration#pageableCustomizer matched:
      - @ConditionalOnMissingBean (types: org.springframework.data.web.config.PageableHandlerMethodArgumentResolverCustomizer; SearchStrategy: all) did not find any beans (OnBeanCondition)

   SpringDataWebAutoConfiguration#sortCustomizer matched:
      - @ConditionalOnMissingBean (types: org.springframework.data.web.config.SortHandlerMethodArgumentResolverCustomizer; SearchStrategy: all) did not find any beans (OnBeanCondition)

   SqlInitializationAutoConfiguration matched:
      - @ConditionalOnProperty (spring.sql.init.enabled) matched (OnPropertyCondition)
      - NoneNestedConditions 0 matched 1 did not; NestedCondition on SqlInitializationAutoConfiguration.SqlInitializationModeCondition.ModeIsNever @ConditionalOnProperty (spring.sql.init.mode=never) found different value in property 'mode' (SqlInitializationAutoConfiguration.SqlInitializationModeCondition)

   SslAutoConfiguration#sslBundleRegistry matched:
      - @ConditionalOnMissingBean (types: org.springframework.boot.ssl.SslBundleRegistry,org.springframework.boot.ssl.SslBundles; SearchStrategy: all) did not find any beans (OnBeanCondition)

   StartupTimeMetricsListenerAutoConfiguration matched:
      - @ConditionalOnClass found required class 'io.micrometer.core.instrument.MeterRegistry' (OnClassCondition)
      - @ConditionalOnBean (types: io.micrometer.core.instrument.MeterRegistry; SearchStrategy: all) found bean 'simpleMeterRegistry' (OnBeanCondition)

   StartupTimeMetricsListenerAutoConfiguration#startupTimeMetrics matched:
      - @ConditionalOnMissingBean (types: org.springframework.boot.actuate.metrics.startup.StartupTimeMetricsListener; SearchStrategy: all) did not find any beans (OnBeanCondition)

   SystemMetricsAutoConfiguration matched:
      - @ConditionalOnClass found required class 'io.micrometer.core.instrument.MeterRegistry' (OnClassCondition)
      - @ConditionalOnBean (types: io.micrometer.core.instrument.MeterRegistry; SearchStrategy: all) found bean 'simpleMeterRegistry' (OnBeanCondition)

   SystemMetricsAutoConfiguration#diskSpaceMetrics matched:
      - @ConditionalOnMissingBean (types: org.springframework.boot.actuate.metrics.system.DiskSpaceMetricsBinder; SearchStrategy: all) did not find any beans (OnBeanCondition)

   SystemMetricsAutoConfiguration#fileDescriptorMetrics matched:
      - @ConditionalOnMissingBean (types: io.micrometer.core.instrument.binder.system.FileDescriptorMetrics; SearchStrategy: all) did not find any beans (OnBeanCondition)

   SystemMetricsAutoConfiguration#processorMetrics matched:
      - @ConditionalOnMissingBean (types: io.micrometer.core.instrument.binder.system.ProcessorMetrics; SearchStrategy: all) did not find any beans (OnBeanCondition)

   SystemMetricsAutoConfiguration#uptimeMetrics matched:
      - @ConditionalOnMissingBean (types: io.micrometer.core.instrument.binder.system.UptimeMetrics; SearchStrategy: all) did not find any beans (OnBeanCondition)

   TaskExecutionAutoConfiguration matched:
      - @ConditionalOnClass found required class 'org.springframework.scheduling.concurrent.ThreadPoolTaskExecutor' (OnClassCondition)

   TaskExecutorConfigurations.SimpleAsyncTaskExecutorBuilderConfiguration#simpleAsyncTaskExecutorBuilder matched:
      - @ConditionalOnMissingBean (types: org.springframework.boot.task.SimpleAsyncTaskExecutorBuilder; SearchStrategy: all) did not find any beans (OnBeanCondition)
      - @ConditionalOnThreading found PLATFORM (OnThreadingCondition)

   TaskExecutorConfigurations.TaskExecutorBuilderConfiguration#taskExecutorBuilder matched:
      - @ConditionalOnMissingBean (types: org.springframework.boot.task.TaskExecutorBuilder; SearchStrategy: all) did not find any beans (OnBeanCondition)

   TaskExecutorConfigurations.TaskExecutorConfiguration matched:
      - @ConditionalOnMissingBean (types: java.util.concurrent.Executor; SearchStrategy: all) did not find any beans (OnBeanCondition)

   TaskExecutorConfigurations.TaskExecutorConfiguration#applicationTaskExecutor matched:
      - @ConditionalOnThreading found PLATFORM (OnThreadingCondition)

   TaskExecutorConfigurations.ThreadPoolTaskExecutorBuilderConfiguration#threadPoolTaskExecutorBuilder matched:
      - @ConditionalOnMissingBean (types: org.springframework.boot.task.TaskExecutorBuilder,org.springframework.boot.task.ThreadPoolTaskExecutorBuilder; SearchStrategy: all) did not find any beans (OnBeanCondition)

   TaskExecutorMetricsAutoConfiguration matched:
      - @ConditionalOnClass found required class 'io.micrometer.core.instrument.binder.jvm.ExecutorServiceMetrics' (OnClassCondition)
      - @ConditionalOnBean (types: java.util.concurrent.Executor,io.micrometer.core.instrument.MeterRegistry; SearchStrategy: all) found beans 'applicationTaskExecutor', 'simpleMeterRegistry', 'taskScheduler' (OnBeanCondition)

   TaskSchedulingAutoConfiguration matched:
      - @ConditionalOnClass found required class 'org.springframework.scheduling.concurrent.ThreadPoolTaskScheduler' (OnClassCondition)

   TaskSchedulingAutoConfiguration#scheduledBeanLazyInitializationExcludeFilter matched:
      - @ConditionalOnBean (names: org.springframework.context.annotation.internalScheduledAnnotationProcessor; SearchStrategy: all) found bean 'org.springframework.context.annotation.internalScheduledAnnotationProcessor' (OnBeanCondition)

   TaskSchedulingConfigurations.SimpleAsyncTaskSchedulerBuilderConfiguration#simpleAsyncTaskSchedulerBuilder matched:
      - @ConditionalOnMissingBean (types: org.springframework.boot.task.SimpleAsyncTaskSchedulerBuilder; SearchStrategy: all) did not find any beans (OnBeanCondition)
      - @ConditionalOnThreading found PLATFORM (OnThreadingCondition)

   TaskSchedulingConfigurations.TaskSchedulerBuilderConfiguration#taskSchedulerBuilder matched:
      - @ConditionalOnMissingBean (types: org.springframework.boot.task.TaskSchedulerBuilder; SearchStrategy: all) did not find any beans (OnBeanCondition)

   TaskSchedulingConfigurations.TaskSchedulerConfiguration matched:
      - @ConditionalOnBean (names: org.springframework.context.annotation.internalScheduledAnnotationProcessor; SearchStrategy: all) found bean 'org.springframework.context.annotation.internalScheduledAnnotationProcessor'; @ConditionalOnMissingBean (types: org.springframework.scheduling.TaskScheduler,java.util.concurrent.ScheduledExecutorService; SearchStrategy: all) did not find any beans (OnBeanCondition)

   TaskSchedulingConfigurations.TaskSchedulerConfiguration#taskScheduler matched:
      - @ConditionalOnThreading found PLATFORM (OnThreadingCondition)

   TaskSchedulingConfigurations.ThreadPoolTaskSchedulerBuilderConfiguration#threadPoolTaskSchedulerBuilder matched:
      - @ConditionalOnMissingBean (types: org.springframework.boot.task.TaskSchedulerBuilder,org.springframework.boot.task.ThreadPoolTaskSchedulerBuilder; SearchStrategy: all) did not find any beans (OnBeanCondition)

   TomcatMetricsAutoConfiguration matched:
      - @ConditionalOnClass found required classes 'io.micrometer.core.instrument.binder.tomcat.TomcatMetrics', 'org.apache.catalina.Manager' (OnClassCondition)
      - @ConditionalOnWebApplication (required) found 'session' scope (OnWebApplicationCondition)

   TomcatMetricsAutoConfiguration#tomcatMetricsBinder matched:
      - @ConditionalOnBean (types: io.micrometer.core.instrument.MeterRegistry; SearchStrategy: all) found bean 'simpleMeterRegistry'; @ConditionalOnMissingBean (types: io.micrometer.core.instrument.binder.tomcat.TomcatMetrics,org.springframework.boot.actuate.metrics.web.tomcat.TomcatMetricsBinder; SearchStrategy: all) did not find any beans (OnBeanCondition)

   TransactionAutoConfiguration matched:
      - @ConditionalOnClass found required class 'org.springframework.transaction.PlatformTransactionManager' (OnClassCondition)

   TransactionAutoConfiguration.EnableTransactionManagementConfiguration matched:
      - @ConditionalOnBean (types: org.springframework.transaction.TransactionManager; SearchStrategy: all) found bean 'transactionManager'; @ConditionalOnMissingBean (types: org.springframework.transaction.annotation.AbstractTransactionManagementConfiguration; SearchStrategy: all) did not find any beans (OnBeanCondition)

   TransactionAutoConfiguration.EnableTransactionManagementConfiguration.CglibAutoProxyConfiguration matched:
      - @ConditionalOnProperty (spring.aop.proxy-target-class=true) matched (OnPropertyCondition)

   TransactionAutoConfiguration.TransactionTemplateConfiguration matched:
      - @ConditionalOnSingleCandidate (types: org.springframework.transaction.PlatformTransactionManager; SearchStrategy: all) found a single bean 'transactionManager' (OnBeanCondition)

   TransactionAutoConfiguration.TransactionTemplateConfiguration#transactionTemplate matched:
      - @ConditionalOnMissingBean (types: org.springframework.transaction.support.TransactionOperations; SearchStrategy: all) did not find any beans (OnBeanCondition)

   TransactionManagerCustomizationAutoConfiguration matched:
      - @ConditionalOnClass found required class 'org.springframework.transaction.PlatformTransactionManager' (OnClassCondition)

   TransactionManagerCustomizationAutoConfiguration#platformTransactionManagerCustomizers matched:
      - @ConditionalOnMissingBean (types: org.springframework.boot.autoconfigure.transaction.TransactionManagerCustomizers; SearchStrategy: all) did not find any beans (OnBeanCondition)

   UserDetailsServiceAutoConfiguration matched:
      - @ConditionalOnClass found required class 'org.springframework.security.authentication.AuthenticationManager' (OnClassCondition)
      - AnyNestedCondition 1 matched 2 did not; NestedCondition on UserDetailsServiceAutoConfiguration.MissingAlternativeOrUserPropertiesConfigured.PasswordConfigured @ConditionalOnProperty (spring.security.user.password) did not find property 'password'; NestedCondition on UserDetailsServiceAutoConfiguration.MissingAlternativeOrUserPropertiesConfigured.NameConfigured @ConditionalOnProperty (spring.security.user.name) did not find property 'name'; NestedCondition on UserDetailsServiceAutoConfiguration.MissingAlternativeOrUserPropertiesConfigured.MissingAlternative @ConditionalOnMissingClass did not find unwanted classes 'org.springframework.security.oauth2.client.registration.ClientRegistrationRepository', 'org.springframework.security.oauth2.server.resource.introspection.OpaqueTokenIntrospector', 'org.springframework.security.saml2.provider.service.registration.RelyingPartyRegistrationRepository' (UserDetailsServiceAutoConfiguration.MissingAlternativeOrUserPropertiesConfigured)
      - @ConditionalOnBean (types: org.springframework.security.config.annotation.ObjectPostProcessor; SearchStrategy: all) found bean 'objectPostProcessor'; @ConditionalOnMissingBean (types: org.springframework.security.authentication.AuthenticationManager,org.springframework.security.authentication.AuthenticationProvider,org.springframework.security.core.userdetails.UserDetailsService,org.springframework.security.authentication.AuthenticationManagerResolver,org.springframework.security.oauth2.jwt.JwtDecoder; SearchStrategy: all) did not find any beans (OnBeanCondition)

   ValidationAutoConfiguration matched:
      - @ConditionalOnClass found required class 'jakarta.validation.executable.ExecutableValidator' (OnClassCondition)
      - @ConditionalOnResource found location classpath:META-INF/services/jakarta.validation.spi.ValidationProvider (OnResourceCondition)

   ValidationAutoConfiguration#defaultValidator matched:
      - @ConditionalOnMissingBean (types: jakarta.validation.Validator; SearchStrategy: all) did not find any beans (OnBeanCondition)

   ValidationAutoConfiguration#methodValidationPostProcessor matched:
      - @ConditionalOnMissingBean (types: org.springframework.validation.beanvalidation.MethodValidationPostProcessor; SearchStrategy: current) did not find any beans (OnBeanCondition)

   WebEndpointAutoConfiguration matched:
      - @ConditionalOnWebApplication (required) found 'session' scope (OnWebApplicationCondition)

   WebEndpointAutoConfiguration#controllerEndpointDiscoverer matched:
      - @ConditionalOnMissingBean (types: org.springframework.boot.actuate.endpoint.web.annotation.ControllerEndpointsSupplier; SearchStrategy: all) did not find any beans (OnBeanCondition)

   WebEndpointAutoConfiguration#endpointMediaTypes matched:
      - @ConditionalOnMissingBean (types: org.springframework.boot.actuate.endpoint.web.EndpointMediaTypes; SearchStrategy: all) did not find any beans (OnBeanCondition)

   WebEndpointAutoConfiguration#pathMappedEndpoints matched:
      - @ConditionalOnMissingBean (types: org.springframework.boot.actuate.endpoint.web.PathMappedEndpoints; SearchStrategy: all) did not find any beans (OnBeanCondition)

   WebEndpointAutoConfiguration#webEndpointDiscoverer matched:
      - @ConditionalOnMissingBean (types: org.springframework.boot.actuate.endpoint.web.WebEndpointsSupplier; SearchStrategy: all) did not find any beans (OnBeanCondition)

   WebEndpointAutoConfiguration.WebEndpointServletConfiguration matched:
      - found 'session' scope (OnWebApplicationCondition)

   WebEndpointAutoConfiguration.WebEndpointServletConfiguration#servletEndpointDiscoverer matched:
      - @ConditionalOnMissingBean (types: org.springframework.boot.actuate.endpoint.web.annotation.ServletEndpointsSupplier; SearchStrategy: all) did not find any beans (OnBeanCondition)

   WebMvcAutoConfiguration matched:
      - @ConditionalOnClass found required classes 'jakarta.servlet.Servlet', 'org.springframework.web.servlet.DispatcherServlet', 'org.springframework.web.servlet.config.annotation.WebMvcConfigurer' (OnClassCondition)
      - found 'session' scope (OnWebApplicationCondition)
      - @ConditionalOnMissingBean (types: org.springframework.web.servlet.config.annotation.WebMvcConfigurationSupport; SearchStrategy: all) did not find any beans (OnBeanCondition)

   WebMvcAutoConfiguration#formContentFilter matched:
      - @ConditionalOnProperty (spring.mvc.formcontent.filter.enabled) matched (OnPropertyCondition)
      - @ConditionalOnMissingBean (types: org.springframework.web.filter.FormContentFilter; SearchStrategy: all) did not find any beans (OnBeanCondition)

   WebMvcAutoConfiguration.EnableWebMvcConfiguration#flashMapManager matched:
      - @ConditionalOnMissingBean (names: flashMapManager; SearchStrategy: all) did not find any beans (OnBeanCondition)

   WebMvcAutoConfiguration.EnableWebMvcConfiguration#localeResolver matched:
      - @ConditionalOnMissingBean (names: localeResolver; SearchStrategy: all) did not find any beans (OnBeanCondition)

   WebMvcAutoConfiguration.EnableWebMvcConfiguration#themeResolver matched:
      - @ConditionalOnMissingBean (names: themeResolver; SearchStrategy: all) did not find any beans (OnBeanCondition)

   WebMvcAutoConfiguration.WebMvcAutoConfigurationAdapter#defaultViewResolver matched:
      - @ConditionalOnMissingBean (types: org.springframework.web.servlet.view.InternalResourceViewResolver; SearchStrategy: all) did not find any beans (OnBeanCondition)

   WebMvcAutoConfiguration.WebMvcAutoConfigurationAdapter#requestContextFilter matched:
      - @ConditionalOnMissingBean (types: org.springframework.web.context.request.RequestContextListener,org.springframework.web.filter.RequestContextFilter; SearchStrategy: all) did not find any beans (OnBeanCondition)

   WebMvcAutoConfiguration.WebMvcAutoConfigurationAdapter#viewResolver matched:
      - @ConditionalOnBean (types: org.springframework.web.servlet.ViewResolver; SearchStrategy: all) found beans 'defaultViewResolver', 'beanNameViewResolver', 'mvcViewResolver'; @ConditionalOnMissingBean (names: viewResolver types: org.springframework.web.servlet.view.ContentNegotiatingViewResolver; SearchStrategy: all) did not find any beans (OnBeanCondition)

   WebMvcEndpointManagementContextConfiguration matched:
      - @ConditionalOnClass found required class 'org.springframework.web.servlet.DispatcherServlet' (OnClassCondition)
      - found 'session' scope (OnWebApplicationCondition)
      - @ConditionalOnBean (types: org.springframework.web.servlet.DispatcherServlet,org.springframework.boot.actuate.endpoint.web.WebEndpointsSupplier; SearchStrategy: all) found beans 'webEndpointDiscoverer', 'dispatcherServlet' (OnBeanCondition)

   WebMvcEndpointManagementContextConfiguration#controllerEndpointHandlerMapping matched:
      - @ConditionalOnMissingBean (types: org.springframework.boot.actuate.endpoint.web.servlet.ControllerEndpointHandlerMapping; SearchStrategy: all) did not find any beans (OnBeanCondition)

   WebMvcEndpointManagementContextConfiguration#endpointObjectMapperWebMvcConfigurer matched:
      - @ConditionalOnBean (types: org.springframework.boot.actuate.endpoint.jackson.EndpointObjectMapper; SearchStrategy: all) found bean 'endpointObjectMapper' (OnBeanCondition)

   WebMvcEndpointManagementContextConfiguration#webEndpointServletHandlerMapping matched:
      - @ConditionalOnMissingBean (types: org.springframework.boot.actuate.endpoint.web.servlet.WebMvcEndpointHandlerMapping; SearchStrategy: all) did not find any beans (OnBeanCondition)

   WebMvcObservationAutoConfiguration matched:
      - @ConditionalOnClass found required classes 'org.springframework.web.servlet.DispatcherServlet', 'io.micrometer.observation.Observation' (OnClassCondition)
      - found 'session' scope (OnWebApplicationCondition)
      - @ConditionalOnBean (types: io.micrometer.observation.ObservationRegistry; SearchStrategy: all) found bean 'observationRegistry' (OnBeanCondition)

   WebMvcObservationAutoConfiguration#webMvcObservationFilter matched:
      - @ConditionalOnMissingBean (types: org.springframework.web.filter.ServerHttpObservationFilter; SearchStrategy: all) did not find any beans (OnBeanCondition)

   WebMvcObservationAutoConfiguration.MeterFilterConfiguration matched:
      - @ConditionalOnClass found required class 'io.micrometer.core.instrument.MeterRegistry' (OnClassCondition)
      - @ConditionalOnBean (types: io.micrometer.core.instrument.MeterRegistry; SearchStrategy: all) found bean 'simpleMeterRegistry' (OnBeanCondition)

   WebSocketServletAutoConfiguration matched:
      - @ConditionalOnClass found required classes 'jakarta.servlet.Servlet', 'jakarta.websocket.server.ServerContainer' (OnClassCondition)
      - found 'session' scope (OnWebApplicationCondition)

   WebSocketServletAutoConfiguration.TomcatWebSocketConfiguration matched:
      - @ConditionalOnClass found required classes 'org.apache.catalina.startup.Tomcat', 'org.apache.tomcat.websocket.server.WsSci' (OnClassCondition)

   WebSocketServletAutoConfiguration.TomcatWebSocketConfiguration#websocketServletWebServerCustomizer matched:
      - @ConditionalOnMissingBean (names: websocketServletWebServerCustomizer; SearchStrategy: all) did not find any beans (OnBeanCondition)


Negative matches:
-----------------

   ActiveMQAutoConfiguration:
      Did not match:
         - @ConditionalOnClass did not find required class 'jakarta.jms.ConnectionFactory' (OnClassCondition)

   AopAutoConfiguration.AspectJAutoProxyingConfiguration.JdkDynamicAutoProxyConfiguration:
      Did not match:
         - @ConditionalOnProperty (spring.aop.proxy-target-class=false) did not find property 'proxy-target-class' (OnPropertyCondition)

   AopAutoConfiguration.ClassProxyingConfiguration:
      Did not match:
         - @ConditionalOnMissingClass found unwanted class 'org.aspectj.weaver.Advice' (OnClassCondition)

   AppOpticsMetricsExportAutoConfiguration:
      Did not match:
         - @ConditionalOnClass did not find required class 'io.micrometer.appoptics.AppOpticsMeterRegistry' (OnClassCondition)

   ArtemisAutoConfiguration:
      Did not match:
         - @ConditionalOnClass did not find required class 'jakarta.jms.ConnectionFactory' (OnClassCondition)

   AtlasMetricsExportAutoConfiguration:
      Did not match:
         - @ConditionalOnClass did not find required class 'io.micrometer.atlas.AtlasMeterRegistry' (OnClassCondition)

   AuditAutoConfiguration:
      Did not match:
         - @ConditionalOnBean (types: org.springframework.boot.actuate.audit.AuditEventRepository; SearchStrategy: all) did not find any beans of type org.springframework.boot.actuate.audit.AuditEventRepository (OnBeanCondition)
      Matched:
         - @ConditionalOnProperty (management.auditevents.enabled) matched (OnPropertyCondition)

   AuditEventsEndpointAutoConfiguration:
      Did not match:
         - @ConditionalOnAvailableEndpoint no 'management.endpoints' property marked it as exposed (OnAvailableEndpointCondition)

   AvailabilityHealthContributorAutoConfiguration#livenessStateHealthIndicator:
      Did not match:
         - @ConditionalOnProperty (management.health.livenessstate.enabled=true) did not find property 'enabled' (OnPropertyCondition)

   AvailabilityHealthContributorAutoConfiguration#readinessStateHealthIndicator:
      Did not match:
         - @ConditionalOnProperty (management.health.readinessstate.enabled=true) did not find property 'enabled' (OnPropertyCondition)

   AvailabilityProbesAutoConfiguration:
      Did not match:
         - Probes availability not running on a supported cloud platform (AvailabilityProbesAutoConfiguration.ProbesCondition)

   BatchAutoConfiguration:
      Did not match:
         - @ConditionalOnClass did not find required class 'org.springframework.batch.core.launch.JobLauncher' (OnClassCondition)

   BatchObservationAutoConfiguration:
      Did not match:
         - @ConditionalOnClass did not find required class 'org.springframework.batch.core.configuration.annotation.BatchObservabilityBeanPostProcessor' (OnClassCondition)

   BeansEndpointAutoConfiguration:
      Did not match:
         - @ConditionalOnAvailableEndpoint no 'management.endpoints' property marked it as exposed (OnAvailableEndpointCondition)

   BraveAutoConfiguration:
      Did not match:
         - @ConditionalOnClass did not find required class 'brave.Tracer' (OnClassCondition)

   Cache2kCacheConfiguration:
      Did not match:
         - @ConditionalOnClass did not find required class 'org.cache2k.Cache2kBuilder' (OnClassCondition)

   CacheMeterBinderProvidersConfiguration.Cache2kCacheMeterBinderProviderConfiguration:
      Did not match:
         - @ConditionalOnClass did not find required classes 'org.cache2k.Cache2kBuilder', 'org.cache2k.extra.spring.SpringCache2kCache', 'org.cache2k.extra.micrometer.Cache2kCacheMetrics' (OnClassCondition)

   CacheMeterBinderProvidersConfiguration.CaffeineCacheMeterBinderProviderConfiguration:
      Did not match:
         - @ConditionalOnClass did not find required class 'com.github.benmanes.caffeine.cache.Cache' (OnClassCondition)

   CacheMeterBinderProvidersConfiguration.HazelcastCacheMeterBinderProviderConfiguration:
      Did not match:
         - @ConditionalOnClass did not find required classes 'com.hazelcast.spring.cache.HazelcastCache', 'com.hazelcast.core.Hazelcast' (OnClassCondition)

   CacheMeterBinderProvidersConfiguration.JCacheCacheMeterBinderProviderConfiguration:
      Did not match:
         - @ConditionalOnClass did not find required class 'javax.cache.CacheManager' (OnClassCondition)

   CacheMeterBinderProvidersConfiguration.RedisCacheMeterBinderProviderConfiguration:
      Did not match:
         - @ConditionalOnClass did not find required class 'org.springframework.data.redis.cache.RedisCache' (OnClassCondition)

   CacheMetricsRegistrarConfiguration:
      Did not match:
         - @ConditionalOnBean (types: org.springframework.boot.actuate.metrics.cache.CacheMeterBinderProvider,io.micrometer.core.instrument.MeterRegistry; SearchStrategy: all) did not find any beans of type org.springframework.boot.actuate.metrics.cache.CacheMeterBinderProvider (OnBeanCondition)

   CachesEndpointAutoConfiguration:
      Did not match:
         - @ConditionalOnAvailableEndpoint no 'management.endpoints' property marked it as exposed (OnAvailableEndpointCondition)
      Matched:
         - @ConditionalOnClass found required class 'org.springframework.cache.CacheManager' (OnClassCondition)

   CaffeineCacheConfiguration:
      Did not match:
         - @ConditionalOnClass did not find required class 'com.github.benmanes.caffeine.cache.Caffeine' (OnClassCondition)

   CassandraAutoConfiguration:
      Did not match:
         - @ConditionalOnClass did not find required class 'com.datastax.oss.driver.api.core.CqlSession' (OnClassCondition)

   CassandraDataAutoConfiguration:
      Did not match:
         - @ConditionalOnClass did not find required class 'com.datastax.oss.driver.api.core.CqlSession' (OnClassCondition)

   CassandraHealthContributorAutoConfiguration:
      Did not match:
         - @ConditionalOnClass did not find required class 'com.datastax.oss.driver.api.core.CqlSession' (OnClassCondition)

   CassandraReactiveDataAutoConfiguration:
      Did not match:
         - @ConditionalOnClass did not find required class 'com.datastax.oss.driver.api.core.CqlSession' (OnClassCondition)

   CassandraReactiveHealthContributorAutoConfiguration:
      Did not match:
         - @ConditionalOnClass did not find required class 'com.datastax.oss.driver.api.core.CqlSession' (OnClassCondition)

   CassandraReactiveRepositoriesAutoConfiguration:
      Did not match:
         - @ConditionalOnClass did not find required class 'org.springframework.data.cassandra.ReactiveSession' (OnClassCondition)

   CassandraRepositoriesAutoConfiguration:
      Did not match:
         - @ConditionalOnClass did not find required class 'com.datastax.oss.driver.api.core.CqlSession' (OnClassCondition)

   ClientHttpConnectorAutoConfiguration:
      Did not match:
         - @ConditionalOnClass did not find required class 'org.springframework.web.reactive.function.client.WebClient' (OnClassCondition)

   CloudFoundryActuatorAutoConfiguration:
      Did not match:
         - @ConditionalOnCloudPlatform did not find CLOUD_FOUNDRY (OnCloudPlatformCondition)
      Matched:
         - @ConditionalOnClass found required class 'org.springframework.web.servlet.DispatcherServlet' (OnClassCondition)
         - found 'session' scope (OnWebApplicationCondition)
         - @ConditionalOnProperty (management.cloudfoundry.enabled) matched (OnPropertyCondition)

   CodecsAutoConfiguration:
      Did not match:
         - @ConditionalOnClass did not find required class 'org.springframework.web.reactive.function.client.WebClient' (OnClassCondition)

   CompositeMeterRegistryConfiguration:
      Did not match:
         - NoneNestedConditions 1 matched 1 did not; NestedCondition on CompositeMeterRegistryConfiguration.MultipleNonPrimaryMeterRegistriesCondition.SingleInjectableMeterRegistry @ConditionalOnSingleCandidate (types: io.micrometer.core.instrument.MeterRegistry; SearchStrategy: all) found a single bean 'simpleMeterRegistry'; NestedCondition on CompositeMeterRegistryConfiguration.MultipleNonPrimaryMeterRegistriesCondition.NoMeterRegistryCondition @ConditionalOnMissingBean (types: io.micrometer.core.instrument.MeterRegistry; SearchStrategy: all) found beans of type 'io.micrometer.core.instrument.MeterRegistry' simpleMeterRegistry (CompositeMeterRegistryConfiguration.MultipleNonPrimaryMeterRegistriesCondition)

   ConditionsReportEndpointAutoConfiguration:
      Did not match:
         - @ConditionalOnAvailableEndpoint no 'management.endpoints' property marked it as exposed (OnAvailableEndpointCondition)

   ConfigurationPropertiesReportEndpointAutoConfiguration:
      Did not match:
         - @ConditionalOnAvailableEndpoint no 'management.endpoints' property marked it as exposed (OnAvailableEndpointCondition)

   ConnectionFactoryHealthContributorAutoConfiguration:
      Did not match:
         - @ConditionalOnClass did not find required class 'io.r2dbc.spi.ConnectionFactory' (OnClassCondition)

   ConnectionPoolMetricsAutoConfiguration:
      Did not match:
         - @ConditionalOnClass did not find required class 'io.r2dbc.pool.ConnectionPool' (OnClassCondition)

   CouchbaseAutoConfiguration:
      Did not match:
         - @ConditionalOnClass did not find required class 'com.couchbase.client.java.Cluster' (OnClassCondition)

   CouchbaseCacheConfiguration:
      Did not match:
         - @ConditionalOnClass did not find required class 'com.couchbase.client.java.Cluster' (OnClassCondition)

   CouchbaseDataAutoConfiguration:
      Did not match:
         - @ConditionalOnClass did not find required class 'com.couchbase.client.java.Bucket' (OnClassCondition)

   CouchbaseHealthContributorAutoConfiguration:
      Did not match:
         - @ConditionalOnClass did not find required class 'com.couchbase.client.java.Cluster' (OnClassCondition)

   CouchbaseReactiveDataAutoConfiguration:
      Did not match:
         - @ConditionalOnClass did not find required class 'com.couchbase.client.java.Cluster' (OnClassCondition)

   CouchbaseReactiveHealthContributorAutoConfiguration:
      Did not match:
         - @ConditionalOnClass did not find required class 'com.couchbase.client.java.Cluster' (OnClassCondition)

   CouchbaseReactiveRepositoriesAutoConfiguration:
      Did not match:
         - @ConditionalOnClass did not find required class 'com.couchbase.client.java.Cluster' (OnClassCondition)

   CouchbaseRepositoriesAutoConfiguration:
      Did not match:
         - @ConditionalOnClass did not find required class 'com.couchbase.client.java.Bucket' (OnClassCondition)

   DataSourceAutoConfiguration.EmbeddedDatabaseConfiguration:
      Did not match:
         - EmbeddedDataSource spring.datasource.url is set (DataSourceAutoConfiguration.EmbeddedDatabaseCondition)

   DataSourceCheckpointRestoreConfiguration:
      Did not match:
         - @ConditionalOnClass did not find required class 'org.crac.Resource' (OnClassCondition)

   DataSourceConfiguration.Dbcp2:
      Did not match:
         - @ConditionalOnClass did not find required class 'org.apache.commons.dbcp2.BasicDataSource' (OnClassCondition)

   DataSourceConfiguration.Generic:
      Did not match:
         - @ConditionalOnProperty (spring.datasource.type) did not find property 'spring.datasource.type' (OnPropertyCondition)

   DataSourceConfiguration.OracleUcp:
      Did not match:
         - @ConditionalOnClass did not find required classes 'oracle.ucp.jdbc.PoolDataSourceImpl', 'oracle.jdbc.OracleConnection' (OnClassCondition)

   DataSourceConfiguration.Tomcat:
      Did not match:
         - @ConditionalOnClass did not find required class 'org.apache.tomcat.jdbc.pool.DataSource' (OnClassCondition)

   DataSourceJmxConfiguration.TomcatDataSourceJmxConfiguration:
      Did not match:
         - @ConditionalOnClass did not find required class 'org.apache.tomcat.jdbc.pool.DataSourceProxy' (OnClassCondition)

   DataSourcePoolMetadataProvidersConfiguration.CommonsDbcp2PoolDataSourceMetadataProviderConfiguration:
      Did not match:
         - @ConditionalOnClass did not find required class 'org.apache.commons.dbcp2.BasicDataSource' (OnClassCondition)

   DataSourcePoolMetadataProvidersConfiguration.OracleUcpPoolDataSourceMetadataProviderConfiguration:
      Did not match:
         - @ConditionalOnClass did not find required classes 'oracle.ucp.jdbc.PoolDataSource', 'oracle.jdbc.OracleConnection' (OnClassCondition)

   DataSourcePoolMetadataProvidersConfiguration.TomcatDataSourcePoolMetadataProviderConfiguration:
      Did not match:
         - @ConditionalOnClass did not find required class 'org.apache.tomcat.jdbc.pool.DataSource' (OnClassCondition)

   DataSourceTransactionManagerAutoConfiguration.JdbcTransactionManagerConfiguration#transactionManager:
      Did not match:
         - @ConditionalOnMissingBean (types: org.springframework.transaction.TransactionManager; SearchStrategy: all) found beans of type 'org.springframework.transaction.TransactionManager' transactionManager (OnBeanCondition)

   DatadogMetricsExportAutoConfiguration:
      Did not match:
         - @ConditionalOnClass did not find required class 'io.micrometer.datadog.DatadogMeterRegistry' (OnClassCondition)

   DispatcherServletAutoConfiguration.DispatcherServletConfiguration#multipartResolver:
      Did not match:
         - @ConditionalOnBean (types: org.springframework.web.multipart.MultipartResolver; SearchStrategy: all) did not find any beans of type org.springframework.web.multipart.MultipartResolver (OnBeanCondition)

   DynatraceMetricsExportAutoConfiguration:
      Did not match:
         - @ConditionalOnClass did not find required class 'io.micrometer.dynatrace.DynatraceMeterRegistry' (OnClassCondition)

   ElasticMetricsExportAutoConfiguration:
      Did not match:
         - @ConditionalOnClass did not find required class 'io.micrometer.elastic.ElasticMeterRegistry' (OnClassCondition)

   ElasticsearchClientAutoConfiguration:
      Did not match:
         - @ConditionalOnClass did not find required class 'co.elastic.clients.elasticsearch.ElasticsearchClient' (OnClassCondition)

   ElasticsearchDataAutoConfiguration:
      Did not match:
         - @ConditionalOnClass did not find required class 'org.springframework.data.elasticsearch.client.elc.ElasticsearchTemplate' (OnClassCondition)

   ElasticsearchReactiveHealthContributorAutoConfiguration:
      Did not match:
         - @ConditionalOnClass did not find required class 'reactor.core.publisher.Flux' (OnClassCondition)

   ElasticsearchRepositoriesAutoConfiguration:
      Did not match:
         - @ConditionalOnClass did not find required class 'org.springframework.data.elasticsearch.repository.ElasticsearchRepository' (OnClassCondition)

   ElasticsearchRestClientAutoConfiguration:
      Did not match:
         - @ConditionalOnClass did not find required class 'org.elasticsearch.client.RestClientBuilder' (OnClassCondition)

   ElasticsearchRestHealthContributorAutoConfiguration:
      Did not match:
         - @ConditionalOnClass did not find required class 'org.elasticsearch.client.RestClient' (OnClassCondition)

   EmbeddedLdapAutoConfiguration:
      Did not match:
         - @ConditionalOnClass did not find required class 'com.unboundid.ldap.listener.InMemoryDirectoryServer' (OnClassCondition)

   EmbeddedWebServerFactoryCustomizerAutoConfiguration.JettyWebServerFactoryCustomizerConfiguration:
      Did not match:
         - @ConditionalOnClass did not find required classes 'org.eclipse.jetty.server.Server', 'org.eclipse.jetty.util.Loader', 'org.eclipse.jetty.ee10.webapp.WebAppContext' (OnClassCondition)

   EmbeddedWebServerFactoryCustomizerAutoConfiguration.NettyWebServerFactoryCustomizerConfiguration:
      Did not match:
         - @ConditionalOnClass did not find required class 'reactor.netty.http.server.HttpServer' (OnClassCondition)

   EmbeddedWebServerFactoryCustomizerAutoConfiguration.TomcatWebServerFactoryCustomizerConfiguration#tomcatVirtualThreadsProtocolHandlerCustomizer:
      Did not match:
         - @ConditionalOnThreading did not find VIRTUAL (OnThreadingCondition)

   EmbeddedWebServerFactoryCustomizerAutoConfiguration.UndertowWebServerFactoryCustomizerConfiguration:
      Did not match:
         - @ConditionalOnClass did not find required classes 'io.undertow.Undertow', 'org.xnio.SslClientAuthMode' (OnClassCondition)

   EnvironmentEndpointAutoConfiguration:
      Did not match:
         - @ConditionalOnAvailableEndpoint no 'management.endpoints' property marked it as exposed (OnAvailableEndpointCondition)

   ErrorWebFluxAutoConfiguration:
      Did not match:
         - @ConditionalOnClass did not find required class 'org.springframework.web.reactive.config.WebFluxConfigurer' (OnClassCondition)

   FlywayAutoConfiguration:
      Did not match:
         - @ConditionalOnClass did not find required class 'org.flywaydb.core.Flyway' (OnClassCondition)

   FlywayEndpointAutoConfiguration:
      Did not match:
         - @ConditionalOnClass did not find required class 'org.flywaydb.core.Flyway' (OnClassCondition)

   FreeMarkerAutoConfiguration:
      Did not match:
         - @ConditionalOnClass did not find required class 'freemarker.template.Configuration' (OnClassCondition)

   GangliaMetricsExportAutoConfiguration:
      Did not match:
         - @ConditionalOnClass did not find required class 'io.micrometer.ganglia.GangliaMeterRegistry' (OnClassCondition)

   GenericCacheConfiguration:
      Did not match:
         - @ConditionalOnBean (types: org.springframework.cache.Cache; SearchStrategy: all) did not find any beans of type org.springframework.cache.Cache (OnBeanCondition)
      Matched:
         - Cache org.springframework.boot.autoconfigure.cache.GenericCacheConfiguration automatic cache type (CacheCondition)

   GraphQlAutoConfiguration:
      Did not match:
         - @ConditionalOnClass did not find required class 'graphql.GraphQL' (OnClassCondition)

   GraphQlObservationAutoConfiguration:
      Did not match:
         - @ConditionalOnClass did not find required class 'graphql.GraphQL' (OnClassCondition)

   GraphQlQueryByExampleAutoConfiguration:
      Did not match:
         - @ConditionalOnClass did not find required class 'graphql.GraphQL' (OnClassCondition)

   GraphQlQuerydslAutoConfiguration:
      Did not match:
         - @ConditionalOnClass did not find required class 'com.querydsl.core.Query' (OnClassCondition)

   GraphQlRSocketAutoConfiguration:
      Did not match:
         - @ConditionalOnClass did not find required class 'graphql.GraphQL' (OnClassCondition)

   GraphQlReactiveQueryByExampleAutoConfiguration:
      Did not match:
         - @ConditionalOnClass did not find required class 'graphql.GraphQL' (OnClassCondition)

   GraphQlReactiveQuerydslAutoConfiguration:
      Did not match:
         - @ConditionalOnClass did not find required class 'com.querydsl.core.Query' (OnClassCondition)

   GraphQlWebFluxAutoConfiguration:
      Did not match:
         - @ConditionalOnClass did not find required class 'graphql.GraphQL' (OnClassCondition)

   GraphQlWebFluxSecurityAutoConfiguration:
      Did not match:
         - @ConditionalOnClass did not find required class 'graphql.GraphQL' (OnClassCondition)

   GraphQlWebMvcAutoConfiguration:
      Did not match:
         - @ConditionalOnClass did not find required class 'graphql.GraphQL' (OnClassCondition)

   GraphQlWebMvcSecurityAutoConfiguration:
      Did not match:
         - @ConditionalOnClass did not find required class 'graphql.GraphQL' (OnClassCondition)

   GraphiteMetricsExportAutoConfiguration:
      Did not match:
         - @ConditionalOnClass did not find required class 'io.micrometer.graphite.GraphiteMeterRegistry' (OnClassCondition)

   GroovyTemplateAutoConfiguration:
      Did not match:
         - @ConditionalOnClass did not find required class 'groovy.text.markup.MarkupTemplateEngine' (OnClassCondition)

   GsonAutoConfiguration:
      Did not match:
         - @ConditionalOnClass did not find required class 'com.google.gson.Gson' (OnClassCondition)

   GsonHttpMessageConvertersConfiguration:
      Did not match:
         - @ConditionalOnClass did not find required class 'com.google.gson.Gson' (OnClassCondition)

   HazelcastAutoConfiguration:
      Did not match:
         - @ConditionalOnClass did not find required class 'com.hazelcast.core.HazelcastInstance' (OnClassCondition)

   HazelcastCacheConfiguration:
      Did not match:
         - @ConditionalOnClass did not find required class 'com.hazelcast.core.HazelcastInstance' (OnClassCondition)

   HazelcastHealthContributorAutoConfiguration:
      Did not match:
         - @ConditionalOnClass did not find required class 'com.hazelcast.core.HazelcastInstance' (OnClassCondition)

   HazelcastJpaDependencyAutoConfiguration:
      Did not match:
         - @ConditionalOnClass did not find required class 'com.hazelcast.core.HazelcastInstance' (OnClassCondition)

   HealthEndpointReactiveWebExtensionConfiguration:
      Did not match:
         - did not find reactive web application classes (OnWebApplicationCondition)

   HealthEndpointWebExtensionConfiguration.JerseyAdditionalHealthEndpointPathsConfiguration:
      Did not match:
         - @ConditionalOnClass did not find required class 'org.glassfish.jersey.server.ResourceConfig' (OnClassCondition)

   HeapDumpWebEndpointAutoConfiguration:
      Did not match:
         - @ConditionalOnAvailableEndpoint no 'management.endpoints' property marked it as exposed (OnAvailableEndpointCondition)

   HibernateMetricsAutoConfiguration:
      Did not match:
         - @ConditionalOnClass did not find required class 'org.hibernate.stat.HibernateMetrics' (OnClassCondition)

   HttpExchangesAutoConfiguration:
      Did not match:
         - @ConditionalOnBean (types: org.springframework.boot.actuate.web.exchanges.HttpExchangeRepository; SearchStrategy: all) did not find any beans of type org.springframework.boot.actuate.web.exchanges.HttpExchangeRepository (OnBeanCondition)
      Matched:
         - @ConditionalOnWebApplication (required) found 'session' scope (OnWebApplicationCondition)
         - @ConditionalOnProperty (management.httpexchanges.recording.enabled) matched (OnPropertyCondition)

   HttpExchangesAutoConfiguration.ReactiveHttpExchangesConfiguration:
      Did not match:
         - did not find reactive web application classes (OnWebApplicationCondition)
         - Ancestor org.springframework.boot.actuate.autoconfigure.web.exchanges.HttpExchangesAutoConfiguration did not match (ConditionEvaluationReport.AncestorsMatchedCondition)

   HttpExchangesAutoConfiguration.ServletHttpExchangesConfiguration:
      Did not match:
         - Ancestor org.springframework.boot.actuate.autoconfigure.web.exchanges.HttpExchangesAutoConfiguration did not match (ConditionEvaluationReport.AncestorsMatchedCondition)
      Matched:
         - found 'session' scope (OnWebApplicationCondition)

   HttpExchangesEndpointAutoConfiguration:
      Did not match:
         - @ConditionalOnAvailableEndpoint no 'management.endpoints' property marked it as exposed (OnAvailableEndpointCondition)

   HttpHandlerAutoConfiguration:
      Did not match:
         - @ConditionalOnClass did not find required class 'org.springframework.web.reactive.DispatcherHandler' (OnClassCondition)

   HumioMetricsExportAutoConfiguration:
      Did not match:
         - @ConditionalOnClass did not find required class 'io.micrometer.humio.HumioMeterRegistry' (OnClassCondition)

   HypermediaAutoConfiguration:
      Did not match:
         - @ConditionalOnClass did not find required class 'org.springframework.hateoas.EntityModel' (OnClassCondition)

   InfinispanCacheConfiguration:
      Did not match:
         - @ConditionalOnClass did not find required class 'org.infinispan.spring.embedded.provider.SpringEmbeddedCacheManager' (OnClassCondition)

   InfluxDbAutoConfiguration:
      Did not match:
         - @ConditionalOnClass did not find required class 'org.influxdb.InfluxDB' (OnClassCondition)

   InfluxDbHealthContributorAutoConfiguration:
      Did not match:
         - @ConditionalOnClass did not find required class 'org.influxdb.InfluxDB' (OnClassCondition)

   InfluxMetricsExportAutoConfiguration:
      Did not match:
         - @ConditionalOnClass did not find required class 'io.micrometer.influx.InfluxMeterRegistry' (OnClassCondition)

   InfoContributorAutoConfiguration#buildInfoContributor:
      Did not match:
         - @ConditionalOnSingleCandidate (types: org.springframework.boot.info.BuildProperties; SearchStrategy: all) did not find any beans (OnBeanCondition)
      Matched:
         - @ConditionalOnEnabledInfoContributor management.info.defaults.enabled is considered true (OnEnabledInfoContributorCondition)

   InfoContributorAutoConfiguration#envInfoContributor:
      Did not match:
         - @ConditionalOnEnabledInfoContributor management.info.env.enabled is not true (OnEnabledInfoContributorCondition)

   InfoContributorAutoConfiguration#gitInfoContributor:
      Did not match:
         - @ConditionalOnSingleCandidate (types: org.springframework.boot.info.GitProperties; SearchStrategy: all) did not find any beans (OnBeanCondition)
      Matched:
         - @ConditionalOnEnabledInfoContributor management.info.defaults.enabled is considered true (OnEnabledInfoContributorCondition)

   InfoContributorAutoConfiguration#javaInfoContributor:
      Did not match:
         - @ConditionalOnEnabledInfoContributor management.info.java.enabled is not true (OnEnabledInfoContributorCondition)

   InfoContributorAutoConfiguration#osInfoContributor:
      Did not match:
         - @ConditionalOnEnabledInfoContributor management.info.os.enabled is not true (OnEnabledInfoContributorCondition)

   InfoContributorAutoConfiguration#processInfoContributor:
      Did not match:
         - @ConditionalOnEnabledInfoContributor management.info.process.enabled is not true (OnEnabledInfoContributorCondition)

   InfoEndpointAutoConfiguration:
      Did not match:
         - @ConditionalOnAvailableEndpoint no 'management.endpoints' property marked it as exposed (OnAvailableEndpointCondition)

   IntegrationAutoConfiguration:
      Did not match:
         - @ConditionalOnClass did not find required class 'org.springframework.integration.config.EnableIntegration' (OnClassCondition)

   IntegrationGraphEndpointAutoConfiguration:
      Did not match:
         - @ConditionalOnClass did not find required class 'org.springframework.integration.graph.IntegrationGraphServer' (OnClassCondition)

   JCacheCacheConfiguration:
      Did not match:
         - @ConditionalOnClass did not find required class 'javax.cache.Caching' (OnClassCondition)

   JacksonHttpMessageConvertersConfiguration.MappingJackson2XmlHttpMessageConverterConfiguration:
      Did not match:
         - @ConditionalOnClass did not find required class 'com.fasterxml.jackson.dataformat.xml.XmlMapper' (OnClassCondition)

   JdbcRepositoriesAutoConfiguration:
      Did not match:
         - @ConditionalOnClass did not find required class 'org.springframework.data.jdbc.repository.config.AbstractJdbcConfiguration' (OnClassCondition)

   JerseyAutoConfiguration:
      Did not match:
         - @ConditionalOnClass did not find required class 'org.glassfish.jersey.server.spring.SpringComponentProvider' (OnClassCondition)

   JerseySameManagementContextConfiguration:
      Did not match:
         - @ConditionalOnClass did not find required class 'org.glassfish.jersey.server.ResourceConfig' (OnClassCondition)

   JerseyServerMetricsAutoConfiguration:
      Did not match:
         - @ConditionalOnClass did not find required class 'org.glassfish.jersey.micrometer.server.ObservationApplicationEventListener' (OnClassCondition)

   JerseyWebEndpointManagementContextConfiguration:
      Did not match:
         - @ConditionalOnClass did not find required class 'org.glassfish.jersey.server.ResourceConfig' (OnClassCondition)

   JettyMetricsAutoConfiguration:
      Did not match:
         - @ConditionalOnClass did not find required class 'org.eclipse.jetty.server.Server' (OnClassCondition)

   JmsAutoConfiguration:
      Did not match:
         - @ConditionalOnClass did not find required class 'jakarta.jms.Message' (OnClassCondition)

   JmsHealthContributorAutoConfiguration:
      Did not match:
         - @ConditionalOnClass did not find required class 'jakarta.jms.ConnectionFactory' (OnClassCondition)

   JmxAutoConfiguration:
      Did not match:
         - @ConditionalOnProperty (spring.jmx.enabled=true) did not find property 'enabled' (OnPropertyCondition)
      Matched:
         - @ConditionalOnClass found required class 'org.springframework.jmx.export.MBeanExporter' (OnClassCondition)

   JmxEndpointAutoConfiguration:
      Did not match:
         - @ConditionalOnProperty (spring.jmx.enabled=true) did not find property 'enabled' (OnPropertyCondition)

   JmxMetricsExportAutoConfiguration:
      Did not match:
         - @ConditionalOnClass did not find required class 'io.micrometer.jmx.JmxMeterRegistry' (OnClassCondition)

   JndiConnectionFactoryAutoConfiguration:
      Did not match:
         - @ConditionalOnClass did not find required class 'org.springframework.jms.core.JmsTemplate' (OnClassCondition)

   JndiDataSourceAutoConfiguration:
      Did not match:
         - @ConditionalOnProperty (spring.datasource.jndi-name) did not find property 'jndi-name' (OnPropertyCondition)
      Matched:
         - @ConditionalOnClass found required classes 'javax.sql.DataSource', 'org.springframework.jdbc.datasource.embedded.EmbeddedDatabaseType' (OnClassCondition)

   JndiJtaConfiguration:
      Did not match:
         - @ConditionalOnJndi JNDI environment is not available (OnJndiCondition)
      Matched:
         - @ConditionalOnClass found required class 'org.springframework.transaction.jta.JtaTransactionManager' (OnClassCondition)

   JooqAutoConfiguration:
      Did not match:
         - @ConditionalOnClass did not find required class 'org.jooq.DSLContext' (OnClassCondition)

   JpaBaseConfiguration.JpaWebConfiguration:
      Did not match:
         - @ConditionalOnProperty (spring.jpa.open-in-view=true) found different value in property 'open-in-view' (OnPropertyCondition)
      Matched:
         - @ConditionalOnClass found required class 'org.springframework.web.servlet.config.annotation.WebMvcConfigurer' (OnClassCondition)
         - found 'session' scope (OnWebApplicationCondition)

   JpaRepositoriesAutoConfiguration#entityManagerFactoryBootstrapExecutorCustomizer:
      Did not match:
         - AnyNestedCondition 0 matched 2 did not; NestedCondition on JpaRepositoriesAutoConfiguration.BootstrapExecutorCondition.LazyBootstrapMode @ConditionalOnProperty (spring.data.jpa.repositories.bootstrap-mode=lazy) did not find property 'bootstrap-mode'; NestedCondition on JpaRepositoriesAutoConfiguration.BootstrapExecutorCondition.DeferredBootstrapMode @ConditionalOnProperty (spring.data.jpa.repositories.bootstrap-mode=deferred) did not find property 'bootstrap-mode' (JpaRepositoriesAutoConfiguration.BootstrapExecutorCondition)

   JsonbAutoConfiguration:
      Did not match:
         - @ConditionalOnClass did not find required class 'jakarta.json.bind.Jsonb' (OnClassCondition)

   JsonbHttpMessageConvertersConfiguration:
      Did not match:
         - @ConditionalOnClass did not find required class 'jakarta.json.bind.Jsonb' (OnClassCondition)

   KafkaAutoConfiguration:
      Did not match:
         - @ConditionalOnClass did not find required class 'org.springframework.kafka.core.KafkaTemplate' (OnClassCondition)

   KafkaMetricsAutoConfiguration:
      Did not match:
         - @ConditionalOnClass did not find required class 'org.springframework.kafka.core.ProducerFactory' (OnClassCondition)

   KairosMetricsExportAutoConfiguration:
      Did not match:
         - @ConditionalOnClass did not find required class 'io.micrometer.kairos.KairosMeterRegistry' (OnClassCondition)

   LdapAutoConfiguration:
      Did not match:
         - @ConditionalOnClass did not find required class 'org.springframework.ldap.core.ContextSource' (OnClassCondition)

   LdapHealthContributorAutoConfiguration:
      Did not match:
         - @ConditionalOnClass did not find required class 'org.springframework.ldap.core.LdapOperations' (OnClassCondition)

   LdapRepositoriesAutoConfiguration:
      Did not match:
         - @ConditionalOnClass did not find required class 'org.springframework.data.ldap.repository.LdapRepository' (OnClassCondition)

   LettuceMetricsAutoConfiguration:
      Did not match:
         - @ConditionalOnClass did not find required class 'io.lettuce.core.metrics.MicrometerCommandLatencyRecorder' (OnClassCondition)

   LiquibaseAutoConfiguration:
      Did not match:
         - @ConditionalOnClass did not find required class 'liquibase.change.DatabaseChange' (OnClassCondition)

   LiquibaseEndpointAutoConfiguration:
      Did not match:
         - @ConditionalOnClass did not find required class 'liquibase.integration.spring.SpringLiquibase' (OnClassCondition)

   Log4J2MetricsAutoConfiguration:
      Did not match:
         - @ConditionalOnClass did not find required class 'org.apache.logging.log4j.core.LoggerContext' (OnClassCondition)

   LogFileWebEndpointAutoConfiguration:
      Did not match:
         - @ConditionalOnAvailableEndpoint no 'management.endpoints' property marked it as exposed (OnAvailableEndpointCondition)

   LoggersEndpointAutoConfiguration:
      Did not match:
         - @ConditionalOnAvailableEndpoint no 'management.endpoints' property marked it as exposed (OnAvailableEndpointCondition)

   MailHealthContributorAutoConfiguration:
      Did not match:
         - @ConditionalOnBean (types: org.springframework.mail.javamail.JavaMailSenderImpl; SearchStrategy: all) did not find any beans of type org.springframework.mail.javamail.JavaMailSenderImpl (OnBeanCondition)
      Matched:
         - @ConditionalOnClass found required class 'org.springframework.mail.javamail.JavaMailSenderImpl' (OnClassCondition)
         - @ConditionalOnEnabledHealthIndicator management.health.defaults.enabled is considered true (OnEnabledHealthIndicatorCondition)

   MailSenderAutoConfiguration:
      Did not match:
         - @ConditionalOnClass did not find required class 'jakarta.mail.internet.MimeMessage' (OnClassCondition)

   MailSenderValidatorAutoConfiguration:
      Did not match:
         - @ConditionalOnProperty (spring.mail.test-connection) did not find property 'test-connection' (OnPropertyCondition)

   ManagementContextAutoConfiguration.DifferentManagementContextConfiguration:
      Did not match:
         - Management Port actual port type (SAME) did not match required type (DIFFERENT) (OnManagementPortCondition)

   ManagementWebSecurityAutoConfiguration:
      Did not match:
         - AllNestedConditions 1 matched 1 did not; NestedCondition on DefaultWebSecurityCondition.Beans @ConditionalOnMissingBean (types: org.springframework.security.web.SecurityFilterChain; SearchStrategy: all) found beans of type 'org.springframework.security.web.SecurityFilterChain' filterChain; NestedCondition on DefaultWebSecurityCondition.Classes @ConditionalOnClass found required classes 'org.springframework.security.web.SecurityFilterChain', 'org.springframework.security.config.annotation.web.builders.HttpSecurity' (DefaultWebSecurityCondition)
      Matched:
         - found 'session' scope (OnWebApplicationCondition)

   MappingsEndpointAutoConfiguration:
      Did not match:
         - @ConditionalOnAvailableEndpoint no 'management.endpoints' property marked it as exposed (OnAvailableEndpointCondition)

   MessageSourceAutoConfiguration:
      Did not match:
         - ResourceBundle did not find bundle with basename messages (MessageSourceAutoConfiguration.ResourceBundleCondition)

   MetricsAspectsAutoConfiguration:
      Did not match:
         - AnyNestedCondition 0 matched 2 did not; NestedCondition on MetricsAspectsAutoConfiguration.ObservationAnnotationsEnabledCondition.ManagementObservationsEnabledCondition @ConditionalOnProperty (management.observations.annotations.enabled=true) did not find property 'enabled'; NestedCondition on MetricsAspectsAutoConfiguration.ObservationAnnotationsEnabledCondition.MicrometerObservationsEnabledCondition @ConditionalOnProperty (micrometer.observations.annotations.enabled=true) did not find property 'enabled' (MetricsAspectsAutoConfiguration.ObservationAnnotationsEnabledCondition)
      Matched:
         - @ConditionalOnClass found required classes 'io.micrometer.core.instrument.MeterRegistry', 'org.aspectj.weaver.Advice' (OnClassCondition)

   MetricsEndpointAutoConfiguration:
      Did not match:
         - @ConditionalOnAvailableEndpoint no 'management.endpoints' property marked it as exposed (OnAvailableEndpointCondition)
      Matched:
         - @ConditionalOnClass found required class 'io.micrometer.core.annotation.Timed' (OnClassCondition)

   MicrometerTracingAutoConfiguration:
      Did not match:
         - @ConditionalOnClass did not find required class 'io.micrometer.tracing.Tracer' (OnClassCondition)

   MongoAutoConfiguration:
      Did not match:
         - @ConditionalOnClass did not find required class 'com.mongodb.client.MongoClient' (OnClassCondition)

   MongoDataAutoConfiguration:
      Did not match:
         - @ConditionalOnClass did not find required class 'com.mongodb.client.MongoClient' (OnClassCondition)

   MongoHealthContributorAutoConfiguration:
      Did not match:
         - @ConditionalOnClass did not find required class 'org.springframework.data.mongodb.core.MongoTemplate' (OnClassCondition)

   MongoMetricsAutoConfiguration:
      Did not match:
         - @ConditionalOnClass did not find required class 'com.mongodb.MongoClientSettings' (OnClassCondition)

   MongoReactiveAutoConfiguration:
      Did not match:
         - @ConditionalOnClass did not find required class 'com.mongodb.reactivestreams.client.MongoClient' (OnClassCondition)

   MongoReactiveDataAutoConfiguration:
      Did not match:
         - @ConditionalOnClass did not find required class 'com.mongodb.reactivestreams.client.MongoClient' (OnClassCondition)

   MongoReactiveHealthContributorAutoConfiguration:
      Did not match:
         - @ConditionalOnClass did not find required class 'reactor.core.publisher.Flux' (OnClassCondition)

   MongoReactiveRepositoriesAutoConfiguration:
      Did not match:
         - @ConditionalOnClass did not find required class 'com.mongodb.reactivestreams.client.MongoClient' (OnClassCondition)

   MongoRepositoriesAutoConfiguration:
      Did not match:
         - @ConditionalOnClass did not find required class 'com.mongodb.client.MongoClient' (OnClassCondition)

   MustacheAutoConfiguration:
      Did not match:
         - @ConditionalOnClass did not find required class 'com.samskivert.mustache.Mustache' (OnClassCondition)

   Neo4jAutoConfiguration:
      Did not match:
         - @ConditionalOnClass did not find required class 'org.neo4j.driver.Driver' (OnClassCondition)

   Neo4jDataAutoConfiguration:
      Did not match:
         - @ConditionalOnClass did not find required class 'org.neo4j.driver.Driver' (OnClassCondition)

   Neo4jHealthContributorAutoConfiguration:
      Did not match:
         - @ConditionalOnClass did not find required class 'org.neo4j.driver.Driver' (OnClassCondition)

   Neo4jReactiveDataAutoConfiguration:
      Did not match:
         - @ConditionalOnClass did not find required class 'org.neo4j.driver.Driver' (OnClassCondition)

   Neo4jReactiveRepositoriesAutoConfiguration:
      Did not match:
         - @ConditionalOnClass did not find required class 'org.neo4j.driver.Driver' (OnClassCondition)

   Neo4jRepositoriesAutoConfiguration:
      Did not match:
         - @ConditionalOnClass did not find required class 'org.neo4j.driver.Driver' (OnClassCondition)

   NettyAutoConfiguration:
      Did not match:
         - @ConditionalOnClass did not find required class 'io.netty.util.NettyRuntime' (OnClassCondition)

   NewRelicMetricsExportAutoConfiguration:
      Did not match:
         - @ConditionalOnClass did not find required class 'io.micrometer.newrelic.NewRelicMeterRegistry' (OnClassCondition)

   NoOpCacheConfiguration:
      Did not match:
         - @ConditionalOnMissingBean (types: org.springframework.cache.CacheManager; SearchStrategy: all) found beans of type 'org.springframework.cache.CacheManager' cacheManager (OnBeanCondition)
      Matched:
         - Cache org.springframework.boot.autoconfigure.cache.NoOpCacheConfiguration automatic cache type (CacheCondition)

   NoOpMeterRegistryConfiguration:
      Did not match:
         - @ConditionalOnMissingBean (types: io.micrometer.core.instrument.MeterRegistry; SearchStrategy: all) found beans of type 'io.micrometer.core.instrument.MeterRegistry' simpleMeterRegistry (OnBeanCondition)

   NoopTracerAutoConfiguration:
      Did not match:
         - @ConditionalOnClass did not find required class 'io.micrometer.tracing.Tracer' (OnClassCondition)

   OAuth2AuthorizationServerAutoConfiguration:
      Did not match:
         - @ConditionalOnClass did not find required class 'org.springframework.security.oauth2.server.authorization.OAuth2Authorization' (OnClassCondition)

   OAuth2AuthorizationServerJwtAutoConfiguration:
      Did not match:
         - @ConditionalOnClass did not find required class 'org.springframework.security.oauth2.server.authorization.OAuth2Authorization' (OnClassCondition)

   OAuth2ClientAutoConfiguration:
      Did not match:
         - @ConditionalOnClass did not find required class 'org.springframework.security.oauth2.client.registration.ClientRegistration' (OnClassCondition)

   OAuth2ResourceServerAutoConfiguration:
      Did not match:
         - @ConditionalOnClass did not find required class 'org.springframework.security.oauth2.server.resource.authentication.BearerTokenAuthenticationToken' (OnClassCondition)

   ObservationAutoConfiguration.MeterObservationHandlerConfiguration.TracingAndMetricsObservationHandlerConfiguration:
      Did not match:
         - @ConditionalOnBean did not find required type 'io.micrometer.tracing.Tracer' (OnBeanCondition)
         - @ConditionalOnBean (types: io.micrometer.tracing.Tracer; SearchStrategy: all) did not find any beans of type io.micrometer.tracing.Tracer (OnBeanCondition)

   ObservationAutoConfiguration.MetricsWithTracingConfiguration:
      Did not match:
         - @ConditionalOnClass did not find required class 'io.micrometer.tracing.Tracer' (OnClassCondition)

   ObservationAutoConfiguration.OnlyTracingConfiguration:
      Did not match:
         - @ConditionalOnClass did not find required class 'io.micrometer.tracing.Tracer' (OnClassCondition)

   org.springframework.boot.actuate.autoconfigure.opentelemetry.OpenTelemetryAutoConfiguration:
      Did not match:
         - @ConditionalOnClass did not find required class 'io.opentelemetry.sdk.OpenTelemetrySdk' (OnClassCondition)

   org.springframework.boot.actuate.autoconfigure.tracing.OpenTelemetryAutoConfiguration:
      Did not match:
         - @ConditionalOnClass did not find required class 'io.micrometer.tracing.otel.bridge.OtelTracer' (OnClassCondition)

   OtlpAutoConfiguration:
      Did not match:
         - @ConditionalOnClass did not find required class 'io.micrometer.tracing.otel.bridge.OtelTracer' (OnClassCondition)

   OtlpMetricsExportAutoConfiguration:
      Did not match:
         - @ConditionalOnClass did not find required class 'io.micrometer.registry.otlp.OtlpMeterRegistry' (OnClassCondition)

   ProjectInfoAutoConfiguration#buildProperties:
      Did not match:
         - @ConditionalOnResource did not find resource '${spring.info.build.location:classpath:META-INF/build-info.properties}' (OnResourceCondition)

   ProjectInfoAutoConfiguration#gitProperties:
      Did not match:
         - GitResource did not find git info at classpath:git.properties (ProjectInfoAutoConfiguration.GitResourceAvailableCondition)

   PrometheusExemplarsAutoConfiguration:
      Did not match:
         - @ConditionalOnClass did not find required class 'io.micrometer.tracing.Tracer' (OnClassCondition)

   PrometheusMetricsExportAutoConfiguration:
      Did not match:
         - @ConditionalOnClass did not find required class 'io.micrometer.prometheusmetrics.PrometheusMeterRegistry' (OnClassCondition)

   PrometheusSimpleclientExemplarsAutoConfiguration:
      Did not match:
         - @ConditionalOnClass did not find required class 'io.micrometer.tracing.Tracer' (OnClassCondition)

   PrometheusSimpleclientMetricsExportAutoConfiguration:
      Did not match:
         - @ConditionalOnClass did not find required class 'io.micrometer.prometheus.PrometheusMeterRegistry' (OnClassCondition)

   PulsarAutoConfiguration:
      Did not match:
         - @ConditionalOnClass did not find required class 'org.apache.pulsar.client.api.PulsarClient' (OnClassCondition)

   PulsarReactiveAutoConfiguration:
      Did not match:
         - @ConditionalOnClass did not find required class 'org.apache.pulsar.client.api.PulsarClient' (OnClassCondition)

   QuartzAutoConfiguration:
      Did not match:
         - @ConditionalOnClass did not find required class 'org.quartz.Scheduler' (OnClassCondition)

   QuartzEndpointAutoConfiguration:
      Did not match:
         - @ConditionalOnClass did not find required class 'org.quartz.Scheduler' (OnClassCondition)

   R2dbcAutoConfiguration:
      Did not match:
         - @ConditionalOnClass did not find required class 'io.r2dbc.spi.ConnectionFactory' (OnClassCondition)

   R2dbcDataAutoConfiguration:
      Did not match:
         - @ConditionalOnClass did not find required class 'org.springframework.data.r2dbc.core.R2dbcEntityTemplate' (OnClassCondition)

   R2dbcInitializationConfiguration:
      Did not match:
         - @ConditionalOnClass did not find required classes 'io.r2dbc.spi.ConnectionFactory', 'org.springframework.r2dbc.connection.init.DatabasePopulator' (OnClassCondition)

   R2dbcObservationAutoConfiguration:
      Did not match:
         - @ConditionalOnClass did not find required class 'io.r2dbc.proxy.ProxyConnectionFactory' (OnClassCondition)

   R2dbcRepositoriesAutoConfiguration:
      Did not match:
         - @ConditionalOnClass did not find required class 'io.r2dbc.spi.ConnectionFactory' (OnClassCondition)

   R2dbcTransactionManagerAutoConfiguration:
      Did not match:
         - @ConditionalOnClass did not find required class 'org.springframework.r2dbc.connection.R2dbcTransactionManager' (OnClassCondition)

   RSocketGraphQlClientAutoConfiguration:
      Did not match:
         - @ConditionalOnClass did not find required class 'graphql.GraphQL' (OnClassCondition)

   RSocketMessagingAutoConfiguration:
      Did not match:
         - @ConditionalOnClass did not find required class 'io.rsocket.RSocket' (OnClassCondition)

   RSocketRequesterAutoConfiguration:
      Did not match:
         - @ConditionalOnClass did not find required class 'io.rsocket.RSocket' (OnClassCondition)

   RSocketSecurityAutoConfiguration:
      Did not match:
         - @ConditionalOnClass did not find required class 'org.springframework.security.rsocket.core.SecuritySocketAcceptorInterceptor' (OnClassCondition)

   RSocketServerAutoConfiguration:
      Did not match:
         - @ConditionalOnClass did not find required class 'io.rsocket.core.RSocketServer' (OnClassCondition)

   RSocketStrategiesAutoConfiguration:
      Did not match:
         - @ConditionalOnClass did not find required class 'io.netty.buffer.PooledByteBufAllocator' (OnClassCondition)

   RabbitAutoConfiguration:
      Did not match:
         - @ConditionalOnClass did not find required class 'com.rabbitmq.client.Channel' (OnClassCondition)

   RabbitHealthContributorAutoConfiguration:
      Did not match:
         - @ConditionalOnClass did not find required class 'org.springframework.amqp.rabbit.core.RabbitTemplate' (OnClassCondition)

   RabbitMetricsAutoConfiguration:
      Did not match:
         - @ConditionalOnClass did not find required class 'com.rabbitmq.client.ConnectionFactory' (OnClassCondition)

   ReactiveCloudFoundryActuatorAutoConfiguration:
      Did not match:
         - @ConditionalOnWebApplication did not find reactive web application classes (OnWebApplicationCondition)

   ReactiveElasticsearchClientAutoConfiguration:
      Did not match:
         - @ConditionalOnClass did not find required class 'co.elastic.clients.transport.ElasticsearchTransport' (OnClassCondition)

   ReactiveElasticsearchRepositoriesAutoConfiguration:
      Did not match:
         - @ConditionalOnClass did not find required class 'reactor.core.publisher.Mono' (OnClassCondition)

   ReactiveHealthEndpointConfiguration:
      Did not match:
         - @ConditionalOnClass did not find required class 'reactor.core.publisher.Flux' (OnClassCondition)

   ReactiveManagementContextAutoConfiguration:
      Did not match:
         - @ConditionalOnClass did not find required class 'reactor.core.publisher.Flux' (OnClassCondition)

   ReactiveManagementWebSecurityAutoConfiguration:
      Did not match:
         - @ConditionalOnWebApplication did not find reactive web application classes (OnWebApplicationCondition)

   ReactiveMultipartAutoConfiguration:
      Did not match:
         - @ConditionalOnClass did not find required class 'org.springframework.web.reactive.config.WebFluxConfigurer' (OnClassCondition)

   ReactiveOAuth2ClientAutoConfiguration:
      Did not match:
         - @ConditionalOnClass did not find required class 'reactor.core.publisher.Flux' (OnClassCondition)

   ReactiveOAuth2ResourceServerAutoConfiguration:
      Did not match:
         - @ConditionalOnWebApplication did not find reactive web application classes (OnWebApplicationCondition)

   ReactiveSecurityAutoConfiguration:
      Did not match:
         - @ConditionalOnClass did not find required class 'reactor.core.publisher.Flux' (OnClassCondition)

   ReactiveUserDetailsServiceAutoConfiguration:
      Did not match:
         - AnyNestedCondition 0 matched 2 did not; NestedCondition on ReactiveUserDetailsServiceAutoConfiguration.RSocketEnabledOrReactiveWebApplication.ReactiveWebApplicationCondition did not find reactive web application classes; NestedCondition on ReactiveUserDetailsServiceAutoConfiguration.RSocketEnabledOrReactiveWebApplication.RSocketSecurityEnabledCondition @ConditionalOnBean (types: org.springframework.messaging.rsocket.annotation.support.RSocketMessageHandler; SearchStrategy: all) did not find any beans of type org.springframework.messaging.rsocket.annotation.support.RSocketMessageHandler (ReactiveUserDetailsServiceAutoConfiguration.RSocketEnabledOrReactiveWebApplication)
      Matched:
         - @ConditionalOnClass found required class 'org.springframework.security.authentication.ReactiveAuthenticationManager' (OnClassCondition)
         - AnyNestedCondition 1 matched 2 did not; NestedCondition on ReactiveUserDetailsServiceAutoConfiguration.MissingAlternativeOrUserPropertiesConfigured.PasswordConfigured @ConditionalOnProperty (spring.security.user.password) did not find property 'password'; NestedCondition on ReactiveUserDetailsServiceAutoConfiguration.MissingAlternativeOrUserPropertiesConfigured.NameConfigured @ConditionalOnProperty (spring.security.user.name) did not find property 'name'; NestedCondition on ReactiveUserDetailsServiceAutoConfiguration.MissingAlternativeOrUserPropertiesConfigured.MissingAlternative @ConditionalOnMissingClass did not find unwanted classes 'org.springframework.security.oauth2.client.registration.ClientRegistrationRepository', 'org.springframework.security.oauth2.server.resource.introspection.ReactiveOpaqueTokenIntrospector' (ReactiveUserDetailsServiceAutoConfiguration.MissingAlternativeOrUserPropertiesConfigured)

   ReactiveWebServerFactoryAutoConfiguration:
      Did not match:
         - @ConditionalOnWebApplication did not find reactive web application classes (OnWebApplicationCondition)

   ReactorAutoConfiguration:
      Did not match:
         - @ConditionalOnClass did not find required class 'reactor.core.publisher.Hooks' (OnClassCondition)

   RedisAutoConfiguration:
      Did not match:
         - @ConditionalOnClass did not find required class 'org.springframework.data.redis.core.RedisOperations' (OnClassCondition)

   RedisCacheConfiguration:
      Did not match:
         - @ConditionalOnClass did not find required class 'org.springframework.data.redis.connection.RedisConnectionFactory' (OnClassCondition)

   RedisHealthContributorAutoConfiguration:
      Did not match:
         - @ConditionalOnClass did not find required class 'org.springframework.data.redis.connection.RedisConnectionFactory' (OnClassCondition)

   RedisReactiveAutoConfiguration:
      Did not match:
         - @ConditionalOnClass did not find required class 'reactor.core.publisher.Flux' (OnClassCondition)

   RedisReactiveHealthContributorAutoConfiguration:
      Did not match:
         - @ConditionalOnClass did not find required class 'reactor.core.publisher.Flux' (OnClassCondition)

   RedisRepositoriesAutoConfiguration:
      Did not match:
         - @ConditionalOnClass did not find required class 'org.springframework.data.redis.repository.configuration.EnableRedisRepositories' (OnClassCondition)

   RepositoryRestMvcAutoConfiguration:
      Did not match:
         - @ConditionalOnClass did not find required class 'org.springframework.data.rest.webmvc.config.RepositoryRestMvcConfiguration' (OnClassCondition)

   Saml2RelyingPartyAutoConfiguration:
      Did not match:
         - @ConditionalOnClass did not find required class 'org.springframework.security.saml2.provider.service.registration.RelyingPartyRegistrationRepository' (OnClassCondition)

   SbomEndpointAutoConfiguration:
      Did not match:
         - @ConditionalOnAvailableEndpoint no 'management.endpoints' property marked it as exposed (OnAvailableEndpointCondition)

   ScheduledTasksEndpointAutoConfiguration:
      Did not match:
         - @ConditionalOnAvailableEndpoint no 'management.endpoints' property marked it as exposed (OnAvailableEndpointCondition)

   SecurityDataConfiguration:
      Did not match:
         - @ConditionalOnClass did not find required class 'org.springframework.security.data.repository.query.SecurityEvaluationContextExtension' (OnClassCondition)

   SecurityRequestMatchersManagementContextConfiguration.JerseyRequestMatcherConfiguration:
      Did not match:
         - @ConditionalOnClass did not find required class 'org.glassfish.jersey.server.ResourceConfig' (OnClassCondition)

   SendGridAutoConfiguration:
      Did not match:
         - @ConditionalOnClass did not find required class 'com.sendgrid.SendGrid' (OnClassCondition)

   ServletEndpointManagementContextConfiguration.JerseyServletEndpointManagementContextConfiguration:
      Did not match:
         - @ConditionalOnClass did not find required class 'org.glassfish.jersey.server.ResourceConfig' (OnClassCondition)

   ServletManagementContextAutoConfiguration.ApplicationContextFilterConfiguration:
      Did not match:
         - @ConditionalOnProperty (management.server.add-application-context-header=true) did not find property 'add-application-context-header' (OnPropertyCondition)

   ServletWebServerFactoryAutoConfiguration.ForwardedHeaderFilterConfiguration:
      Did not match:
         - @ConditionalOnProperty (server.forward-headers-strategy=framework) did not find property 'server.forward-headers-strategy' (OnPropertyCondition)

   ServletWebServerFactoryConfiguration.EmbeddedJetty:
      Did not match:
         - @ConditionalOnClass did not find required classes 'org.eclipse.jetty.server.Server', 'org.eclipse.jetty.util.Loader', 'org.eclipse.jetty.ee10.webapp.WebAppContext' (OnClassCondition)

   ServletWebServerFactoryConfiguration.EmbeddedUndertow:
      Did not match:
         - @ConditionalOnClass did not find required classes 'io.undertow.Undertow', 'org.xnio.SslClientAuthMode' (OnClassCondition)

   SessionAutoConfiguration:
      Did not match:
         - @ConditionalOnClass did not find required class 'org.springframework.session.Session' (OnClassCondition)

   SessionsEndpointAutoConfiguration:
      Did not match:
         - @ConditionalOnClass did not find required class 'org.springframework.session.Session' (OnClassCondition)

   ShutdownEndpointAutoConfiguration:
      Did not match:
         - @ConditionalOnAvailableEndpoint no property management.endpoint.shutdown.enabled found so using endpoint default of false (OnAvailableEndpointCondition)

   SignalFxMetricsExportAutoConfiguration:
      Did not match:
         - @ConditionalOnClass did not find required class 'io.micrometer.signalfx.SignalFxMeterRegistry' (OnClassCondition)

   SpringApplicationAdminJmxAutoConfiguration:
      Did not match:
         - @ConditionalOnProperty (spring.application.admin.enabled=true) did not find property 'enabled' (OnPropertyCondition)

   SpringBootWebSecurityConfiguration.SecurityFilterChainConfiguration:
      Did not match:
         - AllNestedConditions 1 matched 1 did not; NestedCondition on DefaultWebSecurityCondition.Beans @ConditionalOnMissingBean (types: org.springframework.security.web.SecurityFilterChain; SearchStrategy: all) found beans of type 'org.springframework.security.web.SecurityFilterChain' filterChain; NestedCondition on DefaultWebSecurityCondition.Classes @ConditionalOnClass found required classes 'org.springframework.security.web.SecurityFilterChain', 'org.springframework.security.config.annotation.web.builders.HttpSecurity' (DefaultWebSecurityCondition)

   SpringBootWebSecurityConfiguration.WebSecurityEnablerConfiguration:
      Did not match:
         - @ConditionalOnMissingBean (names: springSecurityFilterChain; SearchStrategy: all) found beans named springSecurityFilterChain (OnBeanCondition)
      Matched:
         - @ConditionalOnClass found required class 'org.springframework.security.config.annotation.web.configuration.EnableWebSecurity' (OnClassCondition)

   StackdriverMetricsExportAutoConfiguration:
      Did not match:
         - @ConditionalOnClass did not find required class 'io.micrometer.stackdriver.StackdriverMeterRegistry' (OnClassCondition)

   StartupEndpointAutoConfiguration:
      Did not match:
         - ApplicationStartup configured applicationStartup is of type class org.springframework.core.metrics.DefaultApplicationStartup, expected BufferingApplicationStartup. (StartupEndpointAutoConfiguration.ApplicationStartupCondition)

   StatsdMetricsExportAutoConfiguration:
      Did not match:
         - @ConditionalOnClass did not find required class 'io.micrometer.statsd.StatsdMeterRegistry' (OnClassCondition)

   TaskExecutorConfigurations.SimpleAsyncTaskExecutorBuilderConfiguration#simpleAsyncTaskExecutorBuilderVirtualThreads:
      Did not match:
         - @ConditionalOnMissingBean (types: org.springframework.boot.task.SimpleAsyncTaskExecutorBuilder; SearchStrategy: all) found beans of type 'org.springframework.boot.task.SimpleAsyncTaskExecutorBuilder' simpleAsyncTaskExecutorBuilder (OnBeanCondition)

   TaskExecutorConfigurations.TaskExecutorConfiguration#applicationTaskExecutorVirtualThreads:
      Did not match:
         - @ConditionalOnThreading did not find VIRTUAL (OnThreadingCondition)

   TaskSchedulingConfigurations.SimpleAsyncTaskSchedulerBuilderConfiguration#simpleAsyncTaskSchedulerBuilderVirtualThreads:
      Did not match:
         - @ConditionalOnMissingBean (types: org.springframework.boot.task.SimpleAsyncTaskSchedulerBuilder; SearchStrategy: all) found beans of type 'org.springframework.boot.task.SimpleAsyncTaskSchedulerBuilder' simpleAsyncTaskSchedulerBuilder (OnBeanCondition)

   TaskSchedulingConfigurations.TaskSchedulerConfiguration#taskSchedulerVirtualThreads:
      Did not match:
         - @ConditionalOnThreading did not find VIRTUAL (OnThreadingCondition)

   ThreadDumpEndpointAutoConfiguration:
      Did not match:
         - @ConditionalOnAvailableEndpoint no 'management.endpoints' property marked it as exposed (OnAvailableEndpointCondition)

   ThymeleafAutoConfiguration:
      Did not match:
         - @ConditionalOnClass did not find required class 'org.thymeleaf.spring6.SpringTemplateEngine' (OnClassCondition)

   TransactionAutoConfiguration#transactionalOperator:
      Did not match:
         - @ConditionalOnSingleCandidate (types: org.springframework.transaction.ReactiveTransactionManager; SearchStrategy: all) did not find any beans (OnBeanCondition)

   TransactionAutoConfiguration.AspectJTransactionManagementConfiguration:
      Did not match:
         - @ConditionalOnBean (types: org.springframework.transaction.aspectj.AbstractTransactionAspect; SearchStrategy: all) did not find any beans of type org.springframework.transaction.aspectj.AbstractTransactionAspect (OnBeanCondition)

   TransactionAutoConfiguration.EnableTransactionManagementConfiguration.JdkDynamicAutoProxyConfiguration:
      Did not match:
         - @ConditionalOnProperty (spring.aop.proxy-target-class=false) did not find property 'proxy-target-class' (OnPropertyCondition)

   WavefrontAutoConfiguration:
      Did not match:
         - @ConditionalOnClass did not find required class 'com.wavefront.sdk.common.application.ApplicationTags' (OnClassCondition)

   WavefrontMetricsExportAutoConfiguration:
      Did not match:
         - @ConditionalOnClass did not find required class 'com.wavefront.sdk.common.WavefrontSender' (OnClassCondition)

   WavefrontTracingAutoConfiguration:
      Did not match:
         - @ConditionalOnClass did not find required class 'com.wavefront.sdk.common.WavefrontSender' (OnClassCondition)

   WebClientAutoConfiguration:
      Did not match:
         - @ConditionalOnClass did not find required class 'org.springframework.web.reactive.function.client.WebClient' (OnClassCondition)

   WebClientObservationConfiguration:
      Did not match:
         - @ConditionalOnClass did not find required class 'org.springframework.web.reactive.function.client.WebClient' (OnClassCondition)

   WebFluxAutoConfiguration:
      Did not match:
         - @ConditionalOnClass did not find required class 'org.springframework.web.reactive.config.WebFluxConfigurer' (OnClassCondition)

   WebFluxEndpointManagementContextConfiguration:
      Did not match:
         - @ConditionalOnClass did not find required class 'org.springframework.web.reactive.DispatcherHandler' (OnClassCondition)

   WebFluxObservationAutoConfiguration:
      Did not match:
         - @ConditionalOnWebApplication did not find reactive web application classes (OnWebApplicationCondition)

   WebMvcAutoConfiguration#hiddenHttpMethodFilter:
      Did not match:
         - @ConditionalOnProperty (spring.mvc.hiddenmethod.filter.enabled) did not find property 'enabled' (OnPropertyCondition)

   WebMvcAutoConfiguration.ProblemDetailsErrorHandlingConfiguration:
      Did not match:
         - @ConditionalOnProperty (spring.mvc.problemdetails.enabled=true) did not find property 'enabled' (OnPropertyCondition)

   WebMvcAutoConfiguration.ResourceChainCustomizerConfiguration:
      Did not match:
         - @ConditionalOnEnabledResourceChain did not find class org.webjars.WebJarAssetLocator (OnEnabledResourceChainCondition)

   WebMvcAutoConfiguration.WebMvcAutoConfigurationAdapter#beanNameViewResolver:
      Did not match:
         - @ConditionalOnMissingBean (types: org.springframework.web.servlet.view.BeanNameViewResolver; SearchStrategy: all) found beans of type 'org.springframework.web.servlet.view.BeanNameViewResolver' beanNameViewResolver (OnBeanCondition)

   WebMvcEndpointManagementContextConfiguration#managementHealthEndpointWebMvcHandlerMapping:
      Did not match:
         - Management Port actual port type (SAME) did not match required type (DIFFERENT) (OnManagementPortCondition)

   WebServiceTemplateAutoConfiguration:
      Did not match:
         - @ConditionalOnClass did not find required class 'org.springframework.oxm.Marshaller' (OnClassCondition)

   WebServicesAutoConfiguration:
      Did not match:
         - @ConditionalOnClass did not find required class 'org.springframework.ws.transport.http.MessageDispatcherServlet' (OnClassCondition)

   WebSessionIdResolverAutoConfiguration:
      Did not match:
         - @ConditionalOnClass did not find required class 'reactor.core.publisher.Mono' (OnClassCondition)

   WebSocketMessagingAutoConfiguration:
      Did not match:
         - @ConditionalOnClass did not find required class 'org.springframework.web.socket.config.annotation.WebSocketMessageBrokerConfigurer' (OnClassCondition)

   WebSocketReactiveAutoConfiguration:
      Did not match:
         - @ConditionalOnWebApplication did not find reactive web application classes (OnWebApplicationCondition)

   WebSocketServletAutoConfiguration.JettyWebSocketConfiguration:
      Did not match:
         - @ConditionalOnClass did not find required class 'org.eclipse.jetty.ee10.websocket.jakarta.server.config.JakartaWebSocketServletContainerInitializer' (OnClassCondition)

   WebSocketServletAutoConfiguration.UndertowWebSocketConfiguration:
      Did not match:
         - @ConditionalOnClass did not find required class 'io.undertow.websockets.jsr.Bootstrap' (OnClassCondition)

   XADataSourceAutoConfiguration:
      Did not match:
         - @ConditionalOnBean (types: org.springframework.boot.jdbc.XADataSourceWrapper; SearchStrategy: all) did not find any beans of type org.springframework.boot.jdbc.XADataSourceWrapper (OnBeanCondition)
      Matched:
         - @ConditionalOnClass found required classes 'javax.sql.DataSource', 'jakarta.transaction.TransactionManager', 'org.springframework.jdbc.datasource.embedded.EmbeddedDatabaseType' (OnClassCondition)

   ZipkinAutoConfiguration:
      Did not match:
         - @ConditionalOnClass did not find required class 'zipkin2.reporter.Encoding' (OnClassCondition)


Exclusions:
-----------

    None


Unconditional classes:
----------------------

    org.springframework.boot.autoconfigure.context.ConfigurationPropertiesAutoConfiguration

    org.springframework.boot.actuate.autoconfigure.availability.AvailabilityHealthContributorAutoConfiguration

    org.springframework.boot.autoconfigure.ssl.SslAutoConfiguration

    org.springframework.boot.actuate.autoconfigure.info.InfoContributorAutoConfiguration

    org.springframework.boot.autoconfigure.context.PropertyPlaceholderAutoConfiguration

    org.springframework.boot.autoconfigure.context.LifecycleAutoConfiguration

    org.springframework.boot.actuate.autoconfigure.metrics.integration.IntegrationMetricsAutoConfiguration

    org.springframework.boot.actuate.autoconfigure.endpoint.EndpointAutoConfiguration

    org.springframework.boot.actuate.autoconfigure.web.server.ManagementContextAutoConfiguration

    org.springframework.boot.actuate.autoconfigure.health.HealthContributorAutoConfiguration

    org.springframework.boot.actuate.autoconfigure.endpoint.jackson.JacksonEndpointAutoConfiguration

    org.springframework.boot.autoconfigure.availability.ApplicationAvailabilityAutoConfiguration

    org.springframework.boot.autoconfigure.info.ProjectInfoAutoConfiguration



2026-07-11T12:23:25.052+05:30  INFO 29656 --- [wireblog-backend] [           main] com.wireblog.WireBlogApplication         : Started WireBlogApplication in 25.982 seconds (process running for 26.588)
2026-07-11T12:23:25.200+05:30  INFO 29656 --- [wireblog-backend] [nio-8080-exec-1] o.a.c.c.C.[Tomcat].[localhost].[/]       : Initializing Spring DispatcherServlet 'dispatcherServlet'
2026-07-11T12:23:25.202+05:30  INFO 29656 --- [wireblog-backend] [nio-8080-exec-1] o.s.web.servlet.DispatcherServlet        : Initializing Servlet 'dispatcherServlet'
2026-07-11T12:23:25.203+05:30 DEBUG 29656 --- [wireblog-backend] [nio-8080-exec-1] o.s.web.servlet.DispatcherServlet        : Detected StandardServletMultipartResolver
2026-07-11T12:23:25.204+05:30 DEBUG 29656 --- [wireblog-backend] [nio-8080-exec-1] o.s.web.servlet.DispatcherServlet        : Detected AcceptHeaderLocaleResolver
2026-07-11T12:23:25.205+05:30 DEBUG 29656 --- [wireblog-backend] [nio-8080-exec-1] o.s.web.servlet.DispatcherServlet        : Detected FixedThemeResolver
2026-07-11T12:23:25.210+05:30 DEBUG 29656 --- [wireblog-backend] [nio-8080-exec-1] o.s.web.servlet.DispatcherServlet        : Detected org.springframework.web.servlet.view.DefaultRequestToViewNameTranslator@63f9c2cd
2026-07-11T12:23:25.213+05:30 DEBUG 29656 --- [wireblog-backend] [nio-8080-exec-1] o.s.web.servlet.DispatcherServlet        : Detected org.springframework.web.servlet.support.SessionFlashMapManager@5e83badc
2026-07-11T12:23:25.214+05:30 DEBUG 29656 --- [wireblog-backend] [nio-8080-exec-1] o.s.web.servlet.DispatcherServlet        : enableLoggingRequestDetails='false': request parameters and headers will be masked to prevent unsafe logging of potentially sensitive data
2026-07-11T12:23:25.215+05:30  INFO 29656 --- [wireblog-backend] [nio-8080-exec-1] o.s.web.servlet.DispatcherServlet        : Completed initialization in 12 ms
2026-07-11T12:23:25.431+05:30 DEBUG 29656 --- [wireblog-backend] [           main] o.s.b.a.ApplicationAvailabilityBean      : Application availability state LivenessState changed to CORRECT
2026-07-11T12:23:25.612+05:30 DEBUG 29656 --- [wireblog-backend] [   scheduling-1] o.s.web.client.RestTemplate              : HTTP GET https://newsapi.org/v2/top-headlines?country=in&pageSize=50&apiKey=1a908d5e59954ae7b071e41ff73ed042
2026-07-11T12:23:25.614+05:30 DEBUG 29656 --- [wireblog-backend] [           main] o.s.web.client.RestTemplate              : HTTP GET https://newsapi.org/v2/top-headlines?country=in&pageSize=50&apiKey=1a908d5e59954ae7b071e41ff73ed042
2026-07-11T12:23:25.639+05:30 DEBUG 29656 --- [wireblog-backend] [           main] o.s.web.client.RestTemplate              : Accept=[text/plain, application/json, application/*+json, */*]
2026-07-11T12:23:25.639+05:30 DEBUG 29656 --- [wireblog-backend] [   scheduling-1] o.s.web.client.RestTemplate              : Accept=[text/plain, application/json, application/*+json, */*]
2026-07-11T12:23:26.393+05:30 DEBUG 29656 --- [wireblog-backend] [nio-8080-exec-3] o.s.web.servlet.DispatcherServlet        : GET "/api/news/headlines", parameters={}
2026-07-11T12:23:26.394+05:30 DEBUG 29656 --- [wireblog-backend] [nio-8080-exec-4] o.s.web.servlet.DispatcherServlet        : GET "/api/sponsorships/active?placement=NEWS_TICKER", parameters={masked}
2026-07-11T12:23:26.401+05:30 DEBUG 29656 --- [wireblog-backend] [nio-8080-exec-3] s.w.s.m.m.a.RequestMappingHandlerMapping : Mapped to com.wireblog.controller.NewsController#headlines(String)
2026-07-11T12:23:26.402+05:30 DEBUG 29656 --- [wireblog-backend] [nio-8080-exec-4] s.w.s.m.m.a.RequestMappingHandlerMapping : Mapped to com.wireblog.controller.SponsorshipController#active(String)
2026-07-11T12:23:26.675+05:30 DEBUG 29656 --- [wireblog-backend] [nio-8080-exec-4] org.hibernate.SQL                        : 
    select
        s1_0.id,
        s1_0.brand_name,
        s1_0.clicks,
        s1_0.created_at,
        s1_0.creative_image_url,
        s1_0.end_date,
        s1_0.headline,
        s1_0.impressions,
        s1_0.placement,
        s1_0.start_date,
        s1_0.status,
        s1_0.target_url 
    from
        sponsorships s1_0 
    where
        s1_0.placement=? 
        and s1_0.status=? 
        and s1_0.start_date<=? 
        and s1_0.end_date>=?
2026-07-11T12:23:26.717+05:30 DEBUG 29656 --- [wireblog-backend] [nio-8080-exec-3] org.hibernate.SQL                        : 
    select
        nh1_0.id,
        nh1_0.category,
        nh1_0.fetched_at,
        nh1_0.image_url,
        nh1_0.published_at,
        nh1_0.source_name,
        nh1_0.source_url,
        nh1_0.title 
    from
        news_headlines nh1_0 
    order by
        nh1_0.published_at desc 
    fetch
        first ? rows only
2026-07-11T12:23:26.746+05:30 DEBUG 29656 --- [wireblog-backend] [nio-8080-exec-4] m.m.a.RequestResponseBodyMethodProcessor : Using 'application/json', given [application/json, text/plain, */*] and supported [application/json, application/*+json]
2026-07-11T12:23:26.751+05:30 DEBUG 29656 --- [wireblog-backend] [nio-8080-exec-4] m.m.a.RequestResponseBodyMethodProcessor : Writing [[]]
2026-07-11T12:23:26.820+05:30 DEBUG 29656 --- [wireblog-backend] [nio-8080-exec-3] m.m.a.RequestResponseBodyMethodProcessor : Using 'application/json', given [application/json, text/plain, */*] and supported [application/json, application/*+json]
2026-07-11T12:23:26.836+05:30 DEBUG 29656 --- [wireblog-backend] [nio-8080-exec-3] m.m.a.RequestResponseBodyMethodProcessor : Writing [[NewsHeadlineResponse[id=2, title=Archer gets into the World Cup spirit with clever run out, sourceU (truncated)...]
2026-07-11T12:23:26.928+05:30 DEBUG 29656 --- [wireblog-backend] [nio-8080-exec-4] o.s.web.servlet.DispatcherServlet        : Completed 200 OK
2026-07-11T12:23:26.938+05:30 DEBUG 29656 --- [wireblog-backend] [nio-8080-exec-3] o.s.web.servlet.DispatcherServlet        : Completed 200 OK
2026-07-11T12:23:27.843+05:30 DEBUG 29656 --- [wireblog-backend] [   scheduling-1] o.s.web.client.RestTemplate              : Response 200 OK
2026-07-11T12:23:27.847+05:30 DEBUG 29656 --- [wireblog-backend] [   scheduling-1] o.s.web.client.RestTemplate              : Reading to [java.lang.String] as "application/json;charset=utf-8"
2026-07-11T12:23:27.892+05:30 DEBUG 29656 --- [wireblog-backend] [   scheduling-1] org.hibernate.SQL                        : 
    select
        nh1_0.id,
        nh1_0.category,
        nh1_0.fetched_at,
        nh1_0.image_url,
        nh1_0.published_at,
        nh1_0.source_name,
        nh1_0.source_url,
        nh1_0.title 
    from
        news_headlines nh1_0 
    where
        nh1_0.fetched_at<?
2026-07-11T12:23:27.906+05:30 DEBUG 29656 --- [wireblog-backend] [   scheduling-1] org.hibernate.SQL                        : 
    select
        nh1_0.id,
        nh1_0.category,
        nh1_0.fetched_at,
        nh1_0.image_url,
        nh1_0.published_at,
        nh1_0.source_name,
        nh1_0.source_url,
        nh1_0.title 
    from
        news_headlines nh1_0 
    order by
        nh1_0.published_at desc 
    fetch
        first ? rows only
2026-07-11T12:23:27.923+05:30 DEBUG 29656 --- [wireblog-backend] [           main] o.s.web.client.RestTemplate              : Response 200 OK
2026-07-11T12:23:27.925+05:30 DEBUG 29656 --- [wireblog-backend] [           main] o.s.web.client.RestTemplate              : Reading to [java.lang.String] as "application/json;charset=utf-8"
2026-07-11T12:23:27.932+05:30 DEBUG 29656 --- [wireblog-backend] [           main] org.hibernate.SQL                        : 
    select
        nh1_0.id,
        nh1_0.category,
        nh1_0.fetched_at,
        nh1_0.image_url,
        nh1_0.published_at,
        nh1_0.source_name,
        nh1_0.source_url,
        nh1_0.title 
    from
        news_headlines nh1_0 
    where
        nh1_0.fetched_at<?
2026-07-11T12:23:27.942+05:30 DEBUG 29656 --- [wireblog-backend] [           main] org.hibernate.SQL                        : 
    select
        nh1_0.id,
        nh1_0.category,
        nh1_0.fetched_at,
        nh1_0.image_url,
        nh1_0.published_at,
        nh1_0.source_name,
        nh1_0.source_url,
        nh1_0.title 
    from
        news_headlines nh1_0 
    order by
        nh1_0.published_at desc 
    fetch
        first ? rows only
2026-07-11T12:23:27.985+05:30 DEBUG 29656 --- [wireblog-backend] [   scheduling-1] org.hibernate.SQL                        : 
    select
        nh1_0.id,
        nh1_0.category,
        nh1_0.fetched_at,
        nh1_0.image_url,
        nh1_0.published_at,
        nh1_0.source_name,
        nh1_0.source_url,
        nh1_0.title 
    from
        news_headlines nh1_0 
    order by
        nh1_0.published_at desc 
    fetch
        first ? rows only
2026-07-11T12:23:27.987+05:30 DEBUG 29656 --- [wireblog-backend] [           main] org.hibernate.SQL                        : 
    select
        nh1_0.id,
        nh1_0.category,
        nh1_0.fetched_at,
        nh1_0.image_url,
        nh1_0.published_at,
        nh1_0.source_name,
        nh1_0.source_url,
        nh1_0.title 
    from
        news_headlines nh1_0 
    order by
        nh1_0.published_at desc 
    fetch
        first ? rows only
2026-07-11T12:23:27.993+05:30  INFO 29656 --- [wireblog-backend] [   scheduling-1] com.wireblog.service.NewsService         : Refreshed news headlines. Cached headline count now 50.
2026-07-11T12:23:28.011+05:30  INFO 29656 --- [wireblog-backend] [           main] com.wireblog.service.NewsService         : Refreshed news headlines. Cached headline count now 50.
2026-07-11T12:23:28.014+05:30 DEBUG 29656 --- [wireblog-backend] [           main] o.s.b.a.ApplicationAvailabilityBean      : Application availability state ReadinessState changed to ACCEPTING_TRAFFIC
2026-07-11T12:23:37.895+05:30 DEBUG 29656 --- [wireblog-backend] [nio-8080-exec-5] o.s.web.servlet.DispatcherServlet        : POST "/api/auth/login", parameters={}
2026-07-11T12:23:37.898+05:30 DEBUG 29656 --- [wireblog-backend] [nio-8080-exec-5] s.w.s.m.m.a.RequestMappingHandlerMapping : Mapped to com.wireblog.controller.AuthController#login(LoginRequest)
2026-07-11T12:23:38.015+05:30 DEBUG 29656 --- [wireblog-backend] [nio-8080-exec-5] m.m.a.RequestResponseBodyMethodProcessor : Read "application/json;charset=UTF-8" to [LoginRequest[email=arpitsangal@gmail.com, password=Test@123]]
2026-07-11T12:23:38.146+05:30 DEBUG 29656 --- [wireblog-backend] [nio-8080-exec-5] org.hibernate.SQL                        : 
    select
        u1_0.id,
        u1_0.avatar_url,
        u1_0.bio,
        u1_0.created_at,
        u1_0.display_name,
        u1_0.email,
        u1_0.email_verified,
        u1_0.enabled,
        u1_0.handle,
        u1_0.password_hash,
        u1_0.password_reset_expires_at,
        u1_0.password_reset_token,
        u1_0.role,
        u1_0.verification_token 
    from
        users u1_0 
    where
        u1_0.email=?
2026-07-11T12:23:38.157+05:30 DEBUG 29656 --- [wireblog-backend] [nio-8080-exec-5] .m.m.a.ExceptionHandlerExceptionResolver : Using @ExceptionHandler com.wireblog.exception.GlobalExceptionHandler#handleApiException(ApiException, HttpServletRequest)
2026-07-11T12:23:38.183+05:30 DEBUG 29656 --- [wireblog-backend] [nio-8080-exec-5] o.s.w.s.m.m.a.HttpEntityMethodProcessor  : Using 'application/json', given [*/*] and supported [application/json, application/*+json]
2026-07-11T12:23:38.198+05:30 DEBUG 29656 --- [wireblog-backend] [nio-8080-exec-5] o.s.w.s.m.m.a.HttpEntityMethodProcessor  : Writing [ApiError[timestamp=2026-07-11T06:53:38.177695600Z, status=400, error=Bad Request, message=Incorrect  (truncated)...]
2026-07-11T12:23:38.202+05:30 DEBUG 29656 --- [wireblog-backend] [nio-8080-exec-5] .m.m.a.ExceptionHandlerExceptionResolver : Resolved [com.wireblog.exception.ApiException: Incorrect email or password.]
2026-07-11T12:23:38.203+05:30 DEBUG 29656 --- [wireblog-backend] [nio-8080-exec-5] o.s.web.servlet.DispatcherServlet        : Completed 400 BAD_REQUEST
2026-07-11T12:23:47.821+05:30 DEBUG 29656 --- [wireblog-backend] [nio-8080-exec-6] o.s.web.servlet.DispatcherServlet        : POST "/api/auth/register", parameters={}
2026-07-11T12:23:47.822+05:30 DEBUG 29656 --- [wireblog-backend] [nio-8080-exec-6] s.w.s.m.m.a.RequestMappingHandlerMapping : Mapped to com.wireblog.controller.AuthController#register(RegisterRequest)
2026-07-11T12:23:47.829+05:30 DEBUG 29656 --- [wireblog-backend] [nio-8080-exec-6] m.m.a.RequestResponseBodyMethodProcessor : Read "application/json;charset=UTF-8" to [RegisterRequest[displayName=Arpit Sangal, handle=arpitsangal, email=arpitsangal@gmail.com, password= (truncated)...]
2026-07-11T12:23:47.847+05:30 DEBUG 29656 --- [wireblog-backend] [nio-8080-exec-6] org.hibernate.SQL                        : 
    select
        u1_0.id 
    from
        users u1_0 
    where
        u1_0.email=? 
    fetch
        first ? rows only
2026-07-11T12:23:47.934+05:30 DEBUG 29656 --- [wireblog-backend] [nio-8080-exec-6] org.hibernate.SQL                        : 
    select
        u1_0.id 
    from
        users u1_0 
    where
        u1_0.handle=? 
    fetch
        first ? rows only
2026-07-11T12:23:48.226+05:30 DEBUG 29656 --- [wireblog-backend] [nio-8080-exec-6] org.hibernate.SQL                        : 
    insert 
    into
        users
        (avatar_url, bio, created_at, display_name, email, email_verified, enabled, handle, password_hash, password_reset_expires_at, password_reset_token, role, verification_token) 
    values
        (?, ?, ?, ?, ?, ?, ?, ?, ?, ?, ?, ?, ?) 
    returning id
2026-07-11T12:23:48.277+05:30  INFO 29656 --- [wireblog-backend] [nio-8080-exec-6] com.wireblog.service.EmailService        : Development verification link for arpitsangal@gmail.com: http://localhost:4200/verify-email?token=d163e33a-9183-4842-b610-bb9f3b6050c1
2026-07-11T12:23:48.558+05:30 DEBUG 29656 --- [wireblog-backend] [nio-8080-exec-6] m.m.a.RequestResponseBodyMethodProcessor : Using 'application/json', given [*/*] and supported [application/json, application/*+json]
2026-07-11T12:23:48.566+05:30 DEBUG 29656 --- [wireblog-backend] [nio-8080-exec-6] m.m.a.RequestResponseBodyMethodProcessor : Writing [AuthResponse[token=eyJhbGciOiJIUzI1NiJ9.eyJ1aWQiOjQsInJvbGUiOiJBVVRIT1IiLCJzdWIiOiJhcnBpdHNhbmdhbEBn (truncated)...]
2026-07-11T12:23:48.569+05:30 DEBUG 29656 --- [wireblog-backend] [nio-8080-exec-6] o.s.web.servlet.DispatcherServlet        : Completed 200 OK
2026-07-11T12:24:05.338+05:30 DEBUG 29656 --- [wireblog-backend] [nio-8080-exec-8] o.s.web.servlet.DispatcherServlet        : POST "/api/auth/login", parameters={}
2026-07-11T12:24:05.339+05:30 DEBUG 29656 --- [wireblog-backend] [nio-8080-exec-8] s.w.s.m.m.a.RequestMappingHandlerMapping : Mapped to com.wireblog.controller.AuthController#login(LoginRequest)
2026-07-11T12:24:05.341+05:30 DEBUG 29656 --- [wireblog-backend] [nio-8080-exec-8] m.m.a.RequestResponseBodyMethodProcessor : Read "application/json;charset=UTF-8" to [LoginRequest[email=arpitsangal@gmail.com, password=Test@123]]
2026-07-11T12:24:05.346+05:30 DEBUG 29656 --- [wireblog-backend] [nio-8080-exec-8] org.hibernate.SQL                        : 
    select
        u1_0.id,
        u1_0.avatar_url,
        u1_0.bio,
        u1_0.created_at,
        u1_0.display_name,
        u1_0.email,
        u1_0.email_verified,
        u1_0.enabled,
        u1_0.handle,
        u1_0.password_hash,
        u1_0.password_reset_expires_at,
        u1_0.password_reset_token,
        u1_0.role,
        u1_0.verification_token 
    from
        users u1_0 
    where
        u1_0.email=?
2026-07-11T12:24:05.471+05:30 DEBUG 29656 --- [wireblog-backend] [nio-8080-exec-8] m.m.a.RequestResponseBodyMethodProcessor : Using 'application/json', given [*/*] and supported [application/json, application/*+json]
2026-07-11T12:24:05.473+05:30 DEBUG 29656 --- [wireblog-backend] [nio-8080-exec-8] m.m.a.RequestResponseBodyMethodProcessor : Writing [AuthResponse[token=eyJhbGciOiJIUzI1NiJ9.eyJ1aWQiOjQsInJvbGUiOiJBRE1JTiIsInN1YiI6ImFycGl0c2FuZ2FsQGdt (truncated)...]
2026-07-11T12:24:05.474+05:30 DEBUG 29656 --- [wireblog-backend] [nio-8080-exec-8] o.s.web.servlet.DispatcherServlet        : Completed 200 OK
2026-07-11T12:24:20.202+05:30 DEBUG 29656 --- [wireblog-backend] [io-8080-exec-10] o.s.web.servlet.DispatcherServlet        : POST "/api/auth/login", parameters={}
2026-07-11T12:24:20.204+05:30 DEBUG 29656 --- [wireblog-backend] [io-8080-exec-10] s.w.s.m.m.a.RequestMappingHandlerMapping : Mapped to com.wireblog.controller.AuthController#login(LoginRequest)
2026-07-11T12:24:20.206+05:30 DEBUG 29656 --- [wireblog-backend] [io-8080-exec-10] m.m.a.RequestResponseBodyMethodProcessor : Read "application/json;charset=UTF-8" to [LoginRequest[email=arpitsangal@gmail.com, password=Test@123]]
2026-07-11T12:24:20.210+05:30 DEBUG 29656 --- [wireblog-backend] [io-8080-exec-10] org.hibernate.SQL                        : 
    select
        u1_0.id,
        u1_0.avatar_url,
        u1_0.bio,
        u1_0.created_at,
        u1_0.display_name,
        u1_0.email,
        u1_0.email_verified,
        u1_0.enabled,
        u1_0.handle,
        u1_0.password_hash,
        u1_0.password_reset_expires_at,
        u1_0.password_reset_token,
        u1_0.role,
        u1_0.verification_token 
    from
        users u1_0 
    where
        u1_0.email=?
2026-07-11T12:24:20.341+05:30 DEBUG 29656 --- [wireblog-backend] [io-8080-exec-10] m.m.a.RequestResponseBodyMethodProcessor : Using 'application/json', given [*/*] and supported [application/json, application/*+json]
2026-07-11T12:24:20.372+05:30 DEBUG 29656 --- [wireblog-backend] [io-8080-exec-10] m.m.a.RequestResponseBodyMethodProcessor : Writing [AuthResponse[token=eyJhbGciOiJIUzI1NiJ9.eyJ1aWQiOjQsInJvbGUiOiJBRE1JTiIsInN1YiI6ImFycGl0c2FuZ2FsQGdt (truncated)...]
2026-07-11T12:24:20.374+05:30 DEBUG 29656 --- [wireblog-backend] [io-8080-exec-10] o.s.web.servlet.DispatcherServlet        : Completed 200 OK
2026-07-11T12:24:20.465+05:30 DEBUG 29656 --- [wireblog-backend] [nio-8080-exec-1] o.s.web.servlet.DispatcherServlet        : POST "/api/posts", parameters={}
2026-07-11T12:24:20.467+05:30 DEBUG 29656 --- [wireblog-backend] [nio-8080-exec-1] s.w.s.m.m.a.RequestMappingHandlerMapping : Mapped to com.wireblog.controller.PostController#create(PostRequest)
2026-07-11T12:24:20.483+05:30 DEBUG 29656 --- [wireblog-backend] [nio-8080-exec-1] m.m.a.RequestResponseBodyMethodProcessor : Read "application/json;charset=UTF-8" to [PostRequest[title=AI Agents Are Becoming the New Work Interface in 2026, excerpt=AI agents are shift (truncated)...]
2026-07-11T12:24:20.494+05:30 DEBUG 29656 --- [wireblog-backend] [nio-8080-exec-1] org.hibernate.SQL                        : 
    select
        u1_0.id,
        u1_0.avatar_url,
        u1_0.bio,
        u1_0.created_at,
        u1_0.display_name,
        u1_0.email,
        u1_0.email_verified,
        u1_0.enabled,
        u1_0.handle,
        u1_0.password_hash,
        u1_0.password_reset_expires_at,
        u1_0.password_reset_token,
        u1_0.role,
        u1_0.verification_token 
    from
        users u1_0 
    where
        u1_0.email=?
2026-07-11T12:24:20.503+05:30 DEBUG 29656 --- [wireblog-backend] [nio-8080-exec-1] org.hibernate.SQL                        : 
    select
        p1_0.id 
    from
        posts p1_0 
    where
        p1_0.slug=? 
    fetch
        first ? rows only
2026-07-11T12:24:20.528+05:30 DEBUG 29656 --- [wireblog-backend] [nio-8080-exec-1] org.hibernate.SQL                        : 
    insert 
    into
        posts
        (author_id, content, cover_image_url, created_at, excerpt, published_at, share_count, slug, status, title, updated_at, view_count) 
    values
        (?, ?, ?, ?, ?, ?, ?, ?, ?, ?, ?, ?) 
    returning id
2026-07-11T12:24:20.580+05:30 DEBUG 29656 --- [wireblog-backend] [nio-8080-exec-1] org.hibernate.SQL                        : 
    select
        count(c1_0.id) 
    from
        comments c1_0 
    where
        c1_0.post_id=?
2026-07-11T12:24:20.591+05:30 DEBUG 29656 --- [wireblog-backend] [nio-8080-exec-1] org.hibernate.SQL                        : 
    insert 
    into
        post_tags
        (post_id, tag) 
    values
        (?, ?)
2026-07-11T12:24:20.597+05:30 DEBUG 29656 --- [wireblog-backend] [nio-8080-exec-1] org.hibernate.SQL                        : 
    insert 
    into
        post_tags
        (post_id, tag) 
    values
        (?, ?)
2026-07-11T12:24:20.600+05:30 DEBUG 29656 --- [wireblog-backend] [nio-8080-exec-1] org.hibernate.SQL                        : 
    insert 
    into
        post_tags
        (post_id, tag) 
    values
        (?, ?)
2026-07-11T12:24:20.602+05:30 DEBUG 29656 --- [wireblog-backend] [nio-8080-exec-1] org.hibernate.SQL                        : 
    insert 
    into
        post_tags
        (post_id, tag) 
    values
        (?, ?)
2026-07-11T12:24:20.614+05:30 DEBUG 29656 --- [wireblog-backend] [nio-8080-exec-1] m.m.a.RequestResponseBodyMethodProcessor : Using 'application/json', given [*/*] and supported [application/json, application/*+json]
2026-07-11T12:24:20.641+05:30 DEBUG 29656 --- [wireblog-backend] [nio-8080-exec-1] m.m.a.RequestResponseBodyMethodProcessor : Writing [PostDetailResponse[id=2, title=AI Agents Are Becoming the New Work Interface in 2026, slug=ai-agents (truncated)...]
2026-07-11T12:24:20.645+05:30 DEBUG 29656 --- [wireblog-backend] [nio-8080-exec-1] o.s.web.servlet.DispatcherServlet        : Completed 200 OK
2026-07-11T12:25:31.462+05:30 DEBUG 29656 --- [wireblog-backend] [nio-8080-exec-5] o.s.web.servlet.DispatcherServlet        : POST "/api/auth/login", parameters={}
2026-07-11T12:25:31.756+05:30 DEBUG 29656 --- [wireblog-backend] [nio-8080-exec-5] s.w.s.m.m.a.RequestMappingHandlerMapping : Mapped to com.wireblog.controller.AuthController#login(LoginRequest)
2026-07-11T12:25:31.757+05:30 DEBUG 29656 --- [wireblog-backend] [nio-8080-exec-5] m.m.a.RequestResponseBodyMethodProcessor : Read "application/json;charset=UTF-8" to [LoginRequest[email=arpitsangal@gmail.com, password=Test@123]]
2026-07-11T12:25:31.761+05:30 DEBUG 29656 --- [wireblog-backend] [nio-8080-exec-5] org.hibernate.SQL                        : 
    select
        u1_0.id,
        u1_0.avatar_url,
        u1_0.bio,
        u1_0.created_at,
        u1_0.display_name,
        u1_0.email,
        u1_0.email_verified,
        u1_0.enabled,
        u1_0.handle,
        u1_0.password_hash,
        u1_0.password_reset_expires_at,
        u1_0.password_reset_token,
        u1_0.role,
        u1_0.verification_token 
    from
        users u1_0 
    where
        u1_0.email=?
2026-07-11T12:25:31.765+05:30 DEBUG 29656 --- [wireblog-backend] [nio-8080-exec-5] .m.m.a.ExceptionHandlerExceptionResolver : Using @ExceptionHandler com.wireblog.exception.GlobalExceptionHandler#handleApiException(ApiException, HttpServletRequest)
2026-07-11T12:25:31.766+05:30 DEBUG 29656 --- [wireblog-backend] [nio-8080-exec-5] o.s.w.s.m.m.a.HttpEntityMethodProcessor  : Using 'application/json', given [*/*] and supported [application/json, application/*+json]
2026-07-11T12:25:31.767+05:30 DEBUG 29656 --- [wireblog-backend] [nio-8080-exec-5] o.s.w.s.m.m.a.HttpEntityMethodProcessor  : Writing [ApiError[timestamp=2026-07-11T06:55:31.766724600Z, status=400, error=Bad Request, message=Incorrect  (truncated)...]
2026-07-11T12:25:31.769+05:30 DEBUG 29656 --- [wireblog-backend] [nio-8080-exec-5] .m.m.a.ExceptionHandlerExceptionResolver : Resolved [com.wireblog.exception.ApiException: Incorrect email or password.]
2026-07-11T12:25:31.770+05:30 DEBUG 29656 --- [wireblog-backend] [nio-8080-exec-5] o.s.web.servlet.DispatcherServlet        : Completed 400 BAD_REQUEST
2026-07-11T12:25:47.502+05:30 DEBUG 29656 --- [wireblog-backend] [nio-8080-exec-6] o.s.web.servlet.DispatcherServlet        : POST "/api/auth/login", parameters={}
2026-07-11T12:25:47.506+05:30 DEBUG 29656 --- [wireblog-backend] [nio-8080-exec-6] s.w.s.m.m.a.RequestMappingHandlerMapping : Mapped to com.wireblog.controller.AuthController#login(LoginRequest)
2026-07-11T12:25:47.509+05:30 DEBUG 29656 --- [wireblog-backend] [nio-8080-exec-6] m.m.a.RequestResponseBodyMethodProcessor : Read "application/json;charset=UTF-8" to [LoginRequest[email=arpitsangal@gmail.com, password=Test@123]]
2026-07-11T12:25:47.514+05:30 DEBUG 29656 --- [wireblog-backend] [nio-8080-exec-6] org.hibernate.SQL                        : 
    select
        u1_0.id,
        u1_0.avatar_url,
        u1_0.bio,
        u1_0.created_at,
        u1_0.display_name,
        u1_0.email,
        u1_0.email_verified,
        u1_0.enabled,
        u1_0.handle,
        u1_0.password_hash,
        u1_0.password_reset_expires_at,
        u1_0.password_reset_token,
        u1_0.role,
        u1_0.verification_token 
    from
        users u1_0 
    where
        u1_0.email=?
2026-07-11T12:25:47.521+05:30 DEBUG 29656 --- [wireblog-backend] [nio-8080-exec-6] .m.m.a.ExceptionHandlerExceptionResolver : Using @ExceptionHandler com.wireblog.exception.GlobalExceptionHandler#handleApiException(ApiException, HttpServletRequest)
2026-07-11T12:25:47.561+05:30 DEBUG 29656 --- [wireblog-backend] [nio-8080-exec-6] o.s.w.s.m.m.a.HttpEntityMethodProcessor  : Using 'application/json', given [*/*] and supported [application/json, application/*+json]
2026-07-11T12:25:47.562+05:30 DEBUG 29656 --- [wireblog-backend] [nio-8080-exec-6] o.s.w.s.m.m.a.HttpEntityMethodProcessor  : Writing [ApiError[timestamp=2026-07-11T06:55:47.561705600Z, status=400, error=Bad Request, message=Incorrect  (truncated)...]
2026-07-11T12:25:47.564+05:30 DEBUG 29656 --- [wireblog-backend] [nio-8080-exec-6] .m.m.a.ExceptionHandlerExceptionResolver : Resolved [com.wireblog.exception.ApiException: Incorrect email or password.]
2026-07-11T12:25:47.566+05:30 DEBUG 29656 --- [wireblog-backend] [nio-8080-exec-6] o.s.web.servlet.DispatcherServlet        : Completed 400 BAD_REQUEST
2026-07-11T12:26:22.967+05:30 DEBUG 29656 --- [wireblog-backend] [nio-8080-exec-7] o.s.web.servlet.DispatcherServlet        : POST "/api/auth/login", parameters={}
2026-07-11T12:26:23.263+05:30 DEBUG 29656 --- [wireblog-backend] [nio-8080-exec-7] s.w.s.m.m.a.RequestMappingHandlerMapping : Mapped to com.wireblog.controller.AuthController#login(LoginRequest)
2026-07-11T12:26:23.265+05:30 DEBUG 29656 --- [wireblog-backend] [nio-8080-exec-7] m.m.a.RequestResponseBodyMethodProcessor : Read "application/json;charset=UTF-8" to [LoginRequest[email=arpitsangal00@gmail.com, password=Test@123]]
2026-07-11T12:26:23.268+05:30 DEBUG 29656 --- [wireblog-backend] [nio-8080-exec-7] org.hibernate.SQL                        : 
    select
        u1_0.id,
        u1_0.avatar_url,
        u1_0.bio,
        u1_0.created_at,
        u1_0.display_name,
        u1_0.email,
        u1_0.email_verified,
        u1_0.enabled,
        u1_0.handle,
        u1_0.password_hash,
        u1_0.password_reset_expires_at,
        u1_0.password_reset_token,
        u1_0.role,
        u1_0.verification_token 
    from
        users u1_0 
    where
        u1_0.email=?
2026-07-11T12:26:23.393+05:30 DEBUG 29656 --- [wireblog-backend] [nio-8080-exec-7] m.m.a.RequestResponseBodyMethodProcessor : Using 'application/json', given [*/*] and supported [application/json, application/*+json]
2026-07-11T12:26:23.399+05:30 DEBUG 29656 --- [wireblog-backend] [nio-8080-exec-7] m.m.a.RequestResponseBodyMethodProcessor : Writing [AuthResponse[token=eyJhbGciOiJIUzI1NiJ9.eyJ1aWQiOjQsInJvbGUiOiJBRE1JTiIsInN1YiI6ImFycGl0c2FuZ2FsMDBA (truncated)...]
2026-07-11T12:26:23.400+05:30 DEBUG 29656 --- [wireblog-backend] [nio-8080-exec-7] o.s.web.servlet.DispatcherServlet        : Completed 200 OK
2026-07-11T12:27:50.162+05:30 DEBUG 29656 --- [wireblog-backend] [nio-8080-exec-9] o.s.web.servlet.DispatcherServlet        : POST "/api/auth/login", parameters={}
2026-07-11T12:27:50.462+05:30 DEBUG 29656 --- [wireblog-backend] [nio-8080-exec-9] s.w.s.m.m.a.RequestMappingHandlerMapping : Mapped to com.wireblog.controller.AuthController#login(LoginRequest)
2026-07-11T12:27:50.467+05:30 DEBUG 29656 --- [wireblog-backend] [nio-8080-exec-9] m.m.a.RequestResponseBodyMethodProcessor : Read "application/json;charset=UTF-8" to [LoginRequest[email=arpitsangal00@gmail.com, password=Test@123]]
2026-07-11T12:27:50.474+05:30 DEBUG 29656 --- [wireblog-backend] [nio-8080-exec-9] org.hibernate.SQL                        : 
    select
        u1_0.id,
        u1_0.avatar_url,
        u1_0.bio,
        u1_0.created_at,
        u1_0.display_name,
        u1_0.email,
        u1_0.email_verified,
        u1_0.enabled,
        u1_0.handle,
        u1_0.password_hash,
        u1_0.password_reset_expires_at,
        u1_0.password_reset_token,
        u1_0.role,
        u1_0.verification_token 
    from
        users u1_0 
    where
        u1_0.email=?
2026-07-11T12:27:50.797+05:30 DEBUG 29656 --- [wireblog-backend] [nio-8080-exec-9] m.m.a.RequestResponseBodyMethodProcessor : Using 'application/json', given [*/*] and supported [application/json, application/*+json]
2026-07-11T12:27:50.798+05:30 DEBUG 29656 --- [wireblog-backend] [nio-8080-exec-9] m.m.a.RequestResponseBodyMethodProcessor : Writing [AuthResponse[token=eyJhbGciOiJIUzI1NiJ9.eyJ1aWQiOjQsInJvbGUiOiJBRE1JTiIsInN1YiI6ImFycGl0c2FuZ2FsMDBA (truncated)...]
2026-07-11T12:27:50.802+05:30 DEBUG 29656 --- [wireblog-backend] [nio-8080-exec-9] o.s.web.servlet.DispatcherServlet        : Completed 200 OK
2026-07-11T12:27:51.066+05:30 DEBUG 29656 --- [wireblog-backend] [io-8080-exec-10] o.s.web.servlet.DispatcherServlet        : POST "/api/auth/password-reset/request", parameters={}
2026-07-11T12:27:51.069+05:30 DEBUG 29656 --- [wireblog-backend] [io-8080-exec-10] s.w.s.m.m.a.RequestMappingHandlerMapping : Mapped to com.wireblog.controller.AuthController#requestPasswordReset(PasswordResetRequest)
2026-07-11T12:27:51.204+05:30 DEBUG 29656 --- [wireblog-backend] [io-8080-exec-10] m.m.a.RequestResponseBodyMethodProcessor : Read "application/json;charset=UTF-8" to [PasswordResetRequest[email=arpitsangal00@gmail.com]]
2026-07-11T12:27:51.291+05:30 DEBUG 29656 --- [wireblog-backend] [io-8080-exec-10] org.hibernate.SQL                        : 
    select
        u1_0.id,
        u1_0.avatar_url,
        u1_0.bio,
        u1_0.created_at,
        u1_0.display_name,
        u1_0.email,
        u1_0.email_verified,
        u1_0.enabled,
        u1_0.handle,
        u1_0.password_hash,
        u1_0.password_reset_expires_at,
        u1_0.password_reset_token,
        u1_0.role,
        u1_0.verification_token 
    from
        users u1_0 
    where
        u1_0.email=?
2026-07-11T12:27:51.687+05:30 DEBUG 29656 --- [wireblog-backend] [io-8080-exec-10] org.hibernate.SQL                        : 
    select
        u1_0.id,
        u1_0.avatar_url,
        u1_0.bio,
        u1_0.created_at,
        u1_0.display_name,
        u1_0.email,
        u1_0.email_verified,
        u1_0.enabled,
        u1_0.handle,
        u1_0.password_hash,
        u1_0.password_reset_expires_at,
        u1_0.password_reset_token,
        u1_0.role,
        u1_0.verification_token 
    from
        users u1_0 
    where
        u1_0.id=?
2026-07-11T12:27:51.854+05:30 DEBUG 29656 --- [wireblog-backend] [io-8080-exec-10] org.hibernate.SQL                        : 
    update
        users 
    set
        avatar_url=?,
        bio=?,
        created_at=?,
        display_name=?,
        email=?,
        email_verified=?,
        enabled=?,
        handle=?,
        password_hash=?,
        password_reset_expires_at=?,
        password_reset_token=?,
        role=?,
        verification_token=? 
    where
        id=?
2026-07-11T12:27:51.886+05:30  INFO 29656 --- [wireblog-backend] [io-8080-exec-10] com.wireblog.service.EmailService        : Development password reset link for arpitsangal00@gmail.com: http://localhost:4200/reset-password?token=e5977e5d-c67a-417d-9a57-1de8144c0058
2026-07-11T12:27:51.893+05:30 DEBUG 29656 --- [wireblog-backend] [io-8080-exec-10] m.m.a.RequestResponseBodyMethodProcessor : Using 'application/json', given [*/*] and supported [application/json, application/*+json]
2026-07-11T12:27:51.894+05:30 DEBUG 29656 --- [wireblog-backend] [io-8080-exec-10] m.m.a.RequestResponseBodyMethodProcessor : Nothing to write: null body
2026-07-11T12:27:51.898+05:30 DEBUG 29656 --- [wireblog-backend] [io-8080-exec-10] o.s.web.servlet.DispatcherServlet        : Completed 200 OK
2026-07-11T12:27:51.995+05:30 DEBUG 29656 --- [wireblog-backend] [nio-8080-exec-1] o.s.web.servlet.DispatcherServlet        : GET "/api/posts?page=0&size=5", parameters={masked}
2026-07-11T12:27:51.996+05:30 DEBUG 29656 --- [wireblog-backend] [nio-8080-exec-1] s.w.s.m.m.a.RequestMappingHandlerMapping : Mapped to com.wireblog.controller.PostController#list(int, int, String, String)
2026-07-11T12:27:52.126+05:30 DEBUG 29656 --- [wireblog-backend] [nio-8080-exec-1] org.hibernate.SQL                        : 
    select
        p1_0.id,
        p1_0.author_id,
        p1_0.content,
        p1_0.cover_image_url,
        p1_0.created_at,
        p1_0.excerpt,
        p1_0.published_at,
        p1_0.share_count,
        p1_0.slug,
        p1_0.status,
        p1_0.title,
        p1_0.updated_at,
        p1_0.view_count 
    from
        posts p1_0 
    where
        p1_0.status=? 
    order by
        p1_0.created_at desc 
    fetch
        first ? rows only
2026-07-11T12:27:52.257+05:30 DEBUG 29656 --- [wireblog-backend] [nio-8080-exec-1] org.hibernate.SQL                        : 
    select
        count(c1_0.id) 
    from
        comments c1_0 
    where
        c1_0.post_id=?
2026-07-11T12:27:52.278+05:30 DEBUG 29656 --- [wireblog-backend] [nio-8080-exec-1] org.hibernate.SQL                        : 
    select
        t1_0.post_id,
        t1_0.tag 
    from
        post_tags t1_0 
    where
        t1_0.post_id=?
2026-07-11T12:27:52.298+05:30 DEBUG 29656 --- [wireblog-backend] [nio-8080-exec-1] org.hibernate.SQL                        : 
    select
        u1_0.id,
        u1_0.avatar_url,
        u1_0.bio,
        u1_0.created_at,
        u1_0.display_name,
        u1_0.email,
        u1_0.email_verified,
        u1_0.enabled,
        u1_0.handle,
        u1_0.password_hash,
        u1_0.password_reset_expires_at,
        u1_0.password_reset_token,
        u1_0.role,
        u1_0.verification_token 
    from
        users u1_0 
    where
        u1_0.id=?
2026-07-11T12:27:52.316+05:30 DEBUG 29656 --- [wireblog-backend] [nio-8080-exec-1] org.hibernate.SQL                        : 
    select
        count(c1_0.id) 
    from
        comments c1_0 
    where
        c1_0.post_id=?
2026-07-11T12:27:52.319+05:30 DEBUG 29656 --- [wireblog-backend] [nio-8080-exec-1] org.hibernate.SQL                        : 
    select
        t1_0.post_id,
        t1_0.tag 
    from
        post_tags t1_0 
    where
        t1_0.post_id=?
2026-07-11T12:27:52.323+05:30 DEBUG 29656 --- [wireblog-backend] [nio-8080-exec-1] org.hibernate.SQL                        : 
    select
        u1_0.id,
        u1_0.avatar_url,
        u1_0.bio,
        u1_0.created_at,
        u1_0.display_name,
        u1_0.email,
        u1_0.email_verified,
        u1_0.enabled,
        u1_0.handle,
        u1_0.password_hash,
        u1_0.password_reset_expires_at,
        u1_0.password_reset_token,
        u1_0.role,
        u1_0.verification_token 
    from
        users u1_0 
    where
        u1_0.id=?
2026-07-11T12:27:52.432+05:30  WARN 29656 --- [wireblog-backend] [nio-8080-exec-1] ration$PageModule$WarningLoggingModifier : Serializing PageImpl instances as-is is not supported, meaning that there is no guarantee about the stability of the resulting JSON structure!
	For a stable JSON structure, please use Spring Data's PagedModel (globally via @EnableSpringDataWebSupport(pageSerializationMode = VIA_DTO))
	or Spring HATEOAS and Spring Data's PagedResourcesAssembler as documented in https://docs.spring.io/spring-data/commons/reference/repositories/core-extensions.html#core.web.pageables.

2026-07-11T12:27:52.445+05:30 DEBUG 29656 --- [wireblog-backend] [nio-8080-exec-1] m.m.a.RequestResponseBodyMethodProcessor : Using 'application/json', given [*/*] and supported [application/json, application/*+json]
2026-07-11T12:27:52.460+05:30 DEBUG 29656 --- [wireblog-backend] [nio-8080-exec-1] m.m.a.RequestResponseBodyMethodProcessor : Writing [Page 1 of 1 containing com.wireblog.dto.PostSummaryResponse instances]
2026-07-11T12:27:52.545+05:30 DEBUG 29656 --- [wireblog-backend] [nio-8080-exec-1] o.s.web.servlet.DispatcherServlet        : Completed 200 OK
2026-07-11T12:27:52.658+05:30 DEBUG 29656 --- [wireblog-backend] [nio-8080-exec-2] o.s.web.servlet.DispatcherServlet        : GET "/api/posts/ai-agents-are-becoming-the-new-work-interface-in-2026", parameters={}
2026-07-11T12:27:52.660+05:30 DEBUG 29656 --- [wireblog-backend] [nio-8080-exec-2] s.w.s.m.m.a.RequestMappingHandlerMapping : Mapped to com.wireblog.controller.PostController#getOne(String)
2026-07-11T12:27:52.685+05:30 DEBUG 29656 --- [wireblog-backend] [nio-8080-exec-2] org.hibernate.SQL                        : 
    select
        p1_0.id,
        p1_0.author_id,
        p1_0.content,
        p1_0.cover_image_url,
        p1_0.created_at,
        p1_0.excerpt,
        p1_0.published_at,
        p1_0.share_count,
        p1_0.slug,
        p1_0.status,
        p1_0.title,
        p1_0.updated_at,
        p1_0.view_count 
    from
        posts p1_0 
    where
        p1_0.slug=?
2026-07-11T12:27:52.710+05:30 DEBUG 29656 --- [wireblog-backend] [nio-8080-exec-2] org.hibernate.SQL                        : 
    select
        count(c1_0.id) 
    from
        comments c1_0 
    where
        c1_0.post_id=?
2026-07-11T12:27:52.713+05:30 DEBUG 29656 --- [wireblog-backend] [nio-8080-exec-2] org.hibernate.SQL                        : 
    select
        t1_0.post_id,
        t1_0.tag 
    from
        post_tags t1_0 
    where
        t1_0.post_id=?
2026-07-11T12:27:52.716+05:30 DEBUG 29656 --- [wireblog-backend] [nio-8080-exec-2] org.hibernate.SQL                        : 
    select
        u1_0.id,
        u1_0.avatar_url,
        u1_0.bio,
        u1_0.created_at,
        u1_0.display_name,
        u1_0.email,
        u1_0.email_verified,
        u1_0.enabled,
        u1_0.handle,
        u1_0.password_hash,
        u1_0.password_reset_expires_at,
        u1_0.password_reset_token,
        u1_0.role,
        u1_0.verification_token 
    from
        users u1_0 
    where
        u1_0.id=?
2026-07-11T12:27:52.725+05:30 DEBUG 29656 --- [wireblog-backend] [nio-8080-exec-2] org.hibernate.SQL                        : 
    update
        posts 
    set
        author_id=?,
        content=?,
        cover_image_url=?,
        created_at=?,
        excerpt=?,
        published_at=?,
        share_count=?,
        slug=?,
        status=?,
        title=?,
        updated_at=?,
        view_count=? 
    where
        id=?
2026-07-11T12:27:52.740+05:30 DEBUG 29656 --- [wireblog-backend] [nio-8080-exec-2] m.m.a.RequestResponseBodyMethodProcessor : Using 'application/json', given [*/*] and supported [application/json, application/*+json]
2026-07-11T12:27:52.748+05:30 DEBUG 29656 --- [wireblog-backend] [nio-8080-exec-2] m.m.a.RequestResponseBodyMethodProcessor : Writing [PostDetailResponse[id=2, title=AI Agents Are Becoming the New Work Interface in 2026, slug=ai-agents (truncated)...]
2026-07-11T12:27:52.762+05:30 DEBUG 29656 --- [wireblog-backend] [nio-8080-exec-2] o.s.web.servlet.DispatcherServlet        : Completed 200 OK
2026-07-11T12:27:52.868+05:30 DEBUG 29656 --- [wireblog-backend] [nio-8080-exec-3] o.s.web.servlet.DispatcherServlet        : GET "/api/posts/mine?page=0&size=20", parameters={masked}
2026-07-11T12:27:52.869+05:30 DEBUG 29656 --- [wireblog-backend] [nio-8080-exec-3] s.w.s.m.m.a.RequestMappingHandlerMapping : Mapped to com.wireblog.controller.PostController#mine(int, int)
2026-07-11T12:27:52.898+05:30 DEBUG 29656 --- [wireblog-backend] [nio-8080-exec-3] org.hibernate.SQL                        : 
    select
        u1_0.id,
        u1_0.avatar_url,
        u1_0.bio,
        u1_0.created_at,
        u1_0.display_name,
        u1_0.email,
        u1_0.email_verified,
        u1_0.enabled,
        u1_0.handle,
        u1_0.password_hash,
        u1_0.password_reset_expires_at,
        u1_0.password_reset_token,
        u1_0.role,
        u1_0.verification_token 
    from
        users u1_0 
    where
        u1_0.email=?
2026-07-11T12:27:52.965+05:30 DEBUG 29656 --- [wireblog-backend] [nio-8080-exec-3] org.hibernate.SQL                        : 
    select
        p1_0.id,
        p1_0.author_id,
        p1_0.content,
        p1_0.cover_image_url,
        p1_0.created_at,
        p1_0.excerpt,
        p1_0.published_at,
        p1_0.share_count,
        p1_0.slug,
        p1_0.status,
        p1_0.title,
        p1_0.updated_at,
        p1_0.view_count 
    from
        posts p1_0 
    where
        p1_0.author_id=? 
    order by
        p1_0.created_at desc 
    fetch
        first ? rows only
2026-07-11T12:27:53.009+05:30 DEBUG 29656 --- [wireblog-backend] [nio-8080-exec-3] org.hibernate.SQL                        : 
    select
        count(c1_0.id) 
    from
        comments c1_0 
    where
        c1_0.post_id=?
2026-07-11T12:27:53.017+05:30 DEBUG 29656 --- [wireblog-backend] [nio-8080-exec-3] org.hibernate.SQL                        : 
    select
        t1_0.post_id,
        t1_0.tag 
    from
        post_tags t1_0 
    where
        t1_0.post_id=?
2026-07-11T12:27:53.026+05:30 DEBUG 29656 --- [wireblog-backend] [nio-8080-exec-3] m.m.a.RequestResponseBodyMethodProcessor : Using 'application/json', given [*/*] and supported [application/json, application/*+json]
2026-07-11T12:27:53.028+05:30 DEBUG 29656 --- [wireblog-backend] [nio-8080-exec-3] m.m.a.RequestResponseBodyMethodProcessor : Writing [Page 1 of 1 containing com.wireblog.dto.PostSummaryResponse instances]
2026-07-11T12:27:53.031+05:30 DEBUG 29656 --- [wireblog-backend] [nio-8080-exec-3] o.s.web.servlet.DispatcherServlet        : Completed 200 OK
2026-07-11T12:27:53.101+05:30 DEBUG 29656 --- [wireblog-backend] [nio-8080-exec-4] o.s.web.servlet.DispatcherServlet        : GET "/api/posts/2/edit", parameters={}
2026-07-11T12:27:53.107+05:30 DEBUG 29656 --- [wireblog-backend] [nio-8080-exec-4] s.w.s.m.m.a.RequestMappingHandlerMapping : Mapped to com.wireblog.controller.PostController#getForEditing(Long)
2026-07-11T12:27:53.127+05:30 DEBUG 29656 --- [wireblog-backend] [nio-8080-exec-4] org.hibernate.SQL                        : 
    select
        u1_0.id,
        u1_0.avatar_url,
        u1_0.bio,
        u1_0.created_at,
        u1_0.display_name,
        u1_0.email,
        u1_0.email_verified,
        u1_0.enabled,
        u1_0.handle,
        u1_0.password_hash,
        u1_0.password_reset_expires_at,
        u1_0.password_reset_token,
        u1_0.role,
        u1_0.verification_token 
    from
        users u1_0 
    where
        u1_0.email=?
2026-07-11T12:27:53.162+05:30 DEBUG 29656 --- [wireblog-backend] [nio-8080-exec-4] org.hibernate.SQL                        : 
    select
        p1_0.id,
        p1_0.author_id,
        p1_0.content,
        p1_0.cover_image_url,
        p1_0.created_at,
        p1_0.excerpt,
        p1_0.published_at,
        p1_0.share_count,
        p1_0.slug,
        p1_0.status,
        p1_0.title,
        p1_0.updated_at,
        p1_0.view_count 
    from
        posts p1_0 
    where
        p1_0.id=?
2026-07-11T12:27:53.175+05:30 DEBUG 29656 --- [wireblog-backend] [nio-8080-exec-4] org.hibernate.SQL                        : 
    select
        count(c1_0.id) 
    from
        comments c1_0 
    where
        c1_0.post_id=?
2026-07-11T12:27:53.203+05:30 DEBUG 29656 --- [wireblog-backend] [nio-8080-exec-4] org.hibernate.SQL                        : 
    select
        t1_0.post_id,
        t1_0.tag 
    from
        post_tags t1_0 
    where
        t1_0.post_id=?
2026-07-11T12:27:53.209+05:30 DEBUG 29656 --- [wireblog-backend] [nio-8080-exec-4] m.m.a.RequestResponseBodyMethodProcessor : Using 'application/json', given [*/*] and supported [application/json, application/*+json]
2026-07-11T12:27:53.210+05:30 DEBUG 29656 --- [wireblog-backend] [nio-8080-exec-4] m.m.a.RequestResponseBodyMethodProcessor : Writing [PostDetailResponse[id=2, title=AI Agents Are Becoming the New Work Interface in 2026, slug=ai-agents (truncated)...]
2026-07-11T12:27:53.213+05:30 DEBUG 29656 --- [wireblog-backend] [nio-8080-exec-4] o.s.web.servlet.DispatcherServlet        : Completed 200 OK
2026-07-11T12:27:53.293+05:30 DEBUG 29656 --- [wireblog-backend] [nio-8080-exec-5] o.s.web.servlet.DispatcherServlet        : POST "/api/posts", parameters={}
2026-07-11T12:27:53.294+05:30 DEBUG 29656 --- [wireblog-backend] [nio-8080-exec-5] s.w.s.m.m.a.RequestMappingHandlerMapping : Mapped to com.wireblog.controller.PostController#create(PostRequest)
2026-07-11T12:27:53.297+05:30 DEBUG 29656 --- [wireblog-backend] [nio-8080-exec-5] m.m.a.RequestResponseBodyMethodProcessor : Read "application/json;charset=UTF-8" to [PostRequest[title=Smoke Test Draft, excerpt=Temporary draft for API smoke testing., content=<p>Tempo (truncated)...]
2026-07-11T12:27:53.308+05:30 DEBUG 29656 --- [wireblog-backend] [nio-8080-exec-5] org.hibernate.SQL                        : 
    select
        u1_0.id,
        u1_0.avatar_url,
        u1_0.bio,
        u1_0.created_at,
        u1_0.display_name,
        u1_0.email,
        u1_0.email_verified,
        u1_0.enabled,
        u1_0.handle,
        u1_0.password_hash,
        u1_0.password_reset_expires_at,
        u1_0.password_reset_token,
        u1_0.role,
        u1_0.verification_token 
    from
        users u1_0 
    where
        u1_0.email=?
2026-07-11T12:27:53.322+05:30 DEBUG 29656 --- [wireblog-backend] [nio-8080-exec-5] org.hibernate.SQL                        : 
    select
        p1_0.id 
    from
        posts p1_0 
    where
        p1_0.slug=? 
    fetch
        first ? rows only
2026-07-11T12:27:53.329+05:30 DEBUG 29656 --- [wireblog-backend] [nio-8080-exec-5] org.hibernate.SQL                        : 
    insert 
    into
        posts
        (author_id, content, cover_image_url, created_at, excerpt, published_at, share_count, slug, status, title, updated_at, view_count) 
    values
        (?, ?, ?, ?, ?, ?, ?, ?, ?, ?, ?, ?) 
    returning id
2026-07-11T12:27:53.351+05:30 DEBUG 29656 --- [wireblog-backend] [nio-8080-exec-5] org.hibernate.SQL                        : 
    select
        count(c1_0.id) 
    from
        comments c1_0 
    where
        c1_0.post_id=?
2026-07-11T12:27:53.359+05:30 DEBUG 29656 --- [wireblog-backend] [nio-8080-exec-5] org.hibernate.SQL                        : 
    insert 
    into
        post_tags
        (post_id, tag) 
    values
        (?, ?)
2026-07-11T12:27:53.377+05:30 DEBUG 29656 --- [wireblog-backend] [nio-8080-exec-5] m.m.a.RequestResponseBodyMethodProcessor : Using 'application/json', given [*/*] and supported [application/json, application/*+json]
2026-07-11T12:27:53.378+05:30 DEBUG 29656 --- [wireblog-backend] [nio-8080-exec-5] m.m.a.RequestResponseBodyMethodProcessor : Writing [PostDetailResponse[id=3, title=Smoke Test Draft, slug=smoke-test-draft, excerpt=Temporary draft for  (truncated)...]
2026-07-11T12:27:53.381+05:30 DEBUG 29656 --- [wireblog-backend] [nio-8080-exec-5] o.s.web.servlet.DispatcherServlet        : Completed 200 OK
2026-07-11T12:27:53.404+05:30 DEBUG 29656 --- [wireblog-backend] [nio-8080-exec-6] o.s.web.servlet.DispatcherServlet        : POST "/api/posts/3/publish", parameters={masked}
2026-07-11T12:27:53.407+05:30 DEBUG 29656 --- [wireblog-backend] [nio-8080-exec-6] s.w.s.m.m.a.RequestMappingHandlerMapping : Mapped to com.wireblog.controller.PostController#publish(Long)
2026-07-11T12:27:53.416+05:30 DEBUG 29656 --- [wireblog-backend] [nio-8080-exec-6] org.hibernate.SQL                        : 
    select
        u1_0.id,
        u1_0.avatar_url,
        u1_0.bio,
        u1_0.created_at,
        u1_0.display_name,
        u1_0.email,
        u1_0.email_verified,
        u1_0.enabled,
        u1_0.handle,
        u1_0.password_hash,
        u1_0.password_reset_expires_at,
        u1_0.password_reset_token,
        u1_0.role,
        u1_0.verification_token 
    from
        users u1_0 
    where
        u1_0.email=?
2026-07-11T12:27:53.422+05:30 DEBUG 29656 --- [wireblog-backend] [nio-8080-exec-6] org.hibernate.SQL                        : 
    select
        p1_0.id,
        p1_0.author_id,
        p1_0.content,
        p1_0.cover_image_url,
        p1_0.created_at,
        p1_0.excerpt,
        p1_0.published_at,
        p1_0.share_count,
        p1_0.slug,
        p1_0.status,
        p1_0.title,
        p1_0.updated_at,
        p1_0.view_count 
    from
        posts p1_0 
    where
        p1_0.id=?
2026-07-11T12:27:53.443+05:30 DEBUG 29656 --- [wireblog-backend] [nio-8080-exec-6] org.hibernate.SQL                        : 
    select
        count(c1_0.id) 
    from
        comments c1_0 
    where
        c1_0.post_id=?
2026-07-11T12:27:53.446+05:30 DEBUG 29656 --- [wireblog-backend] [nio-8080-exec-6] org.hibernate.SQL                        : 
    select
        t1_0.post_id,
        t1_0.tag 
    from
        post_tags t1_0 
    where
        t1_0.post_id=?
2026-07-11T12:27:53.451+05:30 DEBUG 29656 --- [wireblog-backend] [nio-8080-exec-6] org.hibernate.SQL                        : 
    update
        posts 
    set
        author_id=?,
        content=?,
        cover_image_url=?,
        created_at=?,
        excerpt=?,
        published_at=?,
        share_count=?,
        slug=?,
        status=?,
        title=?,
        updated_at=?,
        view_count=? 
    where
        id=?
2026-07-11T12:27:53.474+05:30 DEBUG 29656 --- [wireblog-backend] [nio-8080-exec-6] m.m.a.RequestResponseBodyMethodProcessor : Using 'application/json', given [*/*] and supported [application/json, application/*+json]
2026-07-11T12:27:53.551+05:30 DEBUG 29656 --- [wireblog-backend] [nio-8080-exec-6] m.m.a.RequestResponseBodyMethodProcessor : Writing [PostSummaryResponse[id=3, title=Smoke Test Draft, slug=smoke-test-draft, excerpt=Temporary draft for (truncated)...]
2026-07-11T12:27:53.556+05:30 DEBUG 29656 --- [wireblog-backend] [nio-8080-exec-6] o.s.web.servlet.DispatcherServlet        : Completed 200 OK
2026-07-11T12:27:53.577+05:30 DEBUG 29656 --- [wireblog-backend] [nio-8080-exec-7] o.s.web.servlet.DispatcherServlet        : POST "/api/posts/3/archive", parameters={masked}
2026-07-11T12:27:53.578+05:30 DEBUG 29656 --- [wireblog-backend] [nio-8080-exec-7] s.w.s.m.m.a.RequestMappingHandlerMapping : Mapped to com.wireblog.controller.PostController#archive(Long)
2026-07-11T12:27:53.590+05:30 DEBUG 29656 --- [wireblog-backend] [nio-8080-exec-7] org.hibernate.SQL                        : 
    select
        u1_0.id,
        u1_0.avatar_url,
        u1_0.bio,
        u1_0.created_at,
        u1_0.display_name,
        u1_0.email,
        u1_0.email_verified,
        u1_0.enabled,
        u1_0.handle,
        u1_0.password_hash,
        u1_0.password_reset_expires_at,
        u1_0.password_reset_token,
        u1_0.role,
        u1_0.verification_token 
    from
        users u1_0 
    where
        u1_0.email=?
2026-07-11T12:27:53.598+05:30 DEBUG 29656 --- [wireblog-backend] [nio-8080-exec-7] org.hibernate.SQL                        : 
    select
        p1_0.id,
        p1_0.author_id,
        p1_0.content,
        p1_0.cover_image_url,
        p1_0.created_at,
        p1_0.excerpt,
        p1_0.published_at,
        p1_0.share_count,
        p1_0.slug,
        p1_0.status,
        p1_0.title,
        p1_0.updated_at,
        p1_0.view_count 
    from
        posts p1_0 
    where
        p1_0.id=?
2026-07-11T12:27:53.613+05:30 DEBUG 29656 --- [wireblog-backend] [nio-8080-exec-7] org.hibernate.SQL                        : 
    select
        count(c1_0.id) 
    from
        comments c1_0 
    where
        c1_0.post_id=?
2026-07-11T12:27:53.621+05:30 DEBUG 29656 --- [wireblog-backend] [nio-8080-exec-7] org.hibernate.SQL                        : 
    select
        t1_0.post_id,
        t1_0.tag 
    from
        post_tags t1_0 
    where
        t1_0.post_id=?
2026-07-11T12:27:53.633+05:30 DEBUG 29656 --- [wireblog-backend] [nio-8080-exec-7] org.hibernate.SQL                        : 
    update
        posts 
    set
        author_id=?,
        content=?,
        cover_image_url=?,
        created_at=?,
        excerpt=?,
        published_at=?,
        share_count=?,
        slug=?,
        status=?,
        title=?,
        updated_at=?,
        view_count=? 
    where
        id=?
2026-07-11T12:27:53.646+05:30 DEBUG 29656 --- [wireblog-backend] [nio-8080-exec-7] m.m.a.RequestResponseBodyMethodProcessor : Using 'application/json', given [*/*] and supported [application/json, application/*+json]
2026-07-11T12:27:53.661+05:30 DEBUG 29656 --- [wireblog-backend] [nio-8080-exec-7] m.m.a.RequestResponseBodyMethodProcessor : Writing [PostSummaryResponse[id=3, title=Smoke Test Draft, slug=smoke-test-draft, excerpt=Temporary draft for (truncated)...]
2026-07-11T12:27:53.665+05:30 DEBUG 29656 --- [wireblog-backend] [nio-8080-exec-7] o.s.web.servlet.DispatcherServlet        : Completed 200 OK
2026-07-11T12:27:53.690+05:30 DEBUG 29656 --- [wireblog-backend] [nio-8080-exec-8] o.s.web.servlet.DispatcherServlet        : DELETE "/api/posts/3", parameters={}
2026-07-11T12:27:53.696+05:30 DEBUG 29656 --- [wireblog-backend] [nio-8080-exec-8] s.w.s.m.m.a.RequestMappingHandlerMapping : Mapped to com.wireblog.controller.PostController#delete(Long)
2026-07-11T12:27:53.707+05:30 DEBUG 29656 --- [wireblog-backend] [nio-8080-exec-8] org.hibernate.SQL                        : 
    select
        u1_0.id,
        u1_0.avatar_url,
        u1_0.bio,
        u1_0.created_at,
        u1_0.display_name,
        u1_0.email,
        u1_0.email_verified,
        u1_0.enabled,
        u1_0.handle,
        u1_0.password_hash,
        u1_0.password_reset_expires_at,
        u1_0.password_reset_token,
        u1_0.role,
        u1_0.verification_token 
    from
        users u1_0 
    where
        u1_0.email=?
2026-07-11T12:27:53.712+05:30 DEBUG 29656 --- [wireblog-backend] [nio-8080-exec-8] org.hibernate.SQL                        : 
    select
        p1_0.id,
        p1_0.author_id,
        p1_0.content,
        p1_0.cover_image_url,
        p1_0.created_at,
        p1_0.excerpt,
        p1_0.published_at,
        p1_0.share_count,
        p1_0.slug,
        p1_0.status,
        p1_0.title,
        p1_0.updated_at,
        p1_0.view_count 
    from
        posts p1_0 
    where
        p1_0.id=?
2026-07-11T12:27:53.797+05:30 DEBUG 29656 --- [wireblog-backend] [nio-8080-exec-8] org.hibernate.SQL                        : 
    delete 
    from
        post_tags 
    where
        post_id=?
2026-07-11T12:27:53.812+05:30 DEBUG 29656 --- [wireblog-backend] [nio-8080-exec-8] org.hibernate.SQL                        : 
    delete 
    from
        posts 
    where
        id=?
2026-07-11T12:27:53.845+05:30 DEBUG 29656 --- [wireblog-backend] [nio-8080-exec-8] m.m.a.RequestResponseBodyMethodProcessor : Using 'application/json', given [*/*] and supported [application/json, application/*+json]
2026-07-11T12:27:53.847+05:30 DEBUG 29656 --- [wireblog-backend] [nio-8080-exec-8] m.m.a.RequestResponseBodyMethodProcessor : Nothing to write: null body
2026-07-11T12:27:53.848+05:30 DEBUG 29656 --- [wireblog-backend] [nio-8080-exec-8] o.s.web.servlet.DispatcherServlet        : Completed 200 OK
2026-07-11T12:27:53.929+05:30 DEBUG 29656 --- [wireblog-backend] [nio-8080-exec-9] o.s.web.servlet.DispatcherServlet        : POST "/api/comments/post/2", parameters={}
2026-07-11T12:27:53.931+05:30 DEBUG 29656 --- [wireblog-backend] [nio-8080-exec-9] s.w.s.m.m.a.RequestMappingHandlerMapping : Mapped to com.wireblog.controller.CommentController#add(Long, CommentRequest)
2026-07-11T12:27:53.944+05:30 DEBUG 29656 --- [wireblog-backend] [nio-8080-exec-9] m.m.a.RequestResponseBodyMethodProcessor : Read "application/json;charset=UTF-8" to [CommentRequest[body=Smoke test comment., parentId=null]]
2026-07-11T12:27:53.978+05:30 DEBUG 29656 --- [wireblog-backend] [nio-8080-exec-9] org.hibernate.SQL                        : 
    select
        u1_0.id,
        u1_0.avatar_url,
        u1_0.bio,
        u1_0.created_at,
        u1_0.display_name,
        u1_0.email,
        u1_0.email_verified,
        u1_0.enabled,
        u1_0.handle,
        u1_0.password_hash,
        u1_0.password_reset_expires_at,
        u1_0.password_reset_token,
        u1_0.role,
        u1_0.verification_token 
    from
        users u1_0 
    where
        u1_0.email=?
2026-07-11T12:27:53.981+05:30 DEBUG 29656 --- [wireblog-backend] [nio-8080-exec-9] org.hibernate.SQL                        : 
    select
        p1_0.id,
        p1_0.author_id,
        p1_0.content,
        p1_0.cover_image_url,
        p1_0.created_at,
        p1_0.excerpt,
        p1_0.published_at,
        p1_0.share_count,
        p1_0.slug,
        p1_0.status,
        p1_0.title,
        p1_0.updated_at,
        p1_0.view_count 
    from
        posts p1_0 
    where
        p1_0.id=?
2026-07-11T12:27:54.007+05:30 DEBUG 29656 --- [wireblog-backend] [nio-8080-exec-9] org.hibernate.SQL                        : 
    insert 
    into
        comments
        (author_id, body, created_at, flagged, parent_id, post_id) 
    values
        (?, ?, ?, ?, ?, ?) 
    returning id
2026-07-11T12:27:54.031+05:30 DEBUG 29656 --- [wireblog-backend] [nio-8080-exec-9] m.m.a.RequestResponseBodyMethodProcessor : Using 'application/json', given [*/*] and supported [application/json, application/*+json]
2026-07-11T12:27:54.043+05:30 DEBUG 29656 --- [wireblog-backend] [nio-8080-exec-9] m.m.a.RequestResponseBodyMethodProcessor : Writing [CommentResponse[id=1, body=Smoke test comment., author=AuthorResponse[id=4, displayName=Arpit Sangal (truncated)...]
2026-07-11T12:27:54.048+05:30 DEBUG 29656 --- [wireblog-backend] [nio-8080-exec-9] o.s.web.servlet.DispatcherServlet        : Completed 200 OK
2026-07-11T12:27:54.062+05:30 DEBUG 29656 --- [wireblog-backend] [io-8080-exec-10] o.s.web.servlet.DispatcherServlet        : GET "/api/comments/post/2", parameters={}
2026-07-11T12:27:54.064+05:30 DEBUG 29656 --- [wireblog-backend] [io-8080-exec-10] s.w.s.m.m.a.RequestMappingHandlerMapping : Mapped to com.wireblog.controller.CommentController#forPost(Long)
2026-07-11T12:27:54.074+05:30 DEBUG 29656 --- [wireblog-backend] [io-8080-exec-10] org.hibernate.SQL                        : 
    select
        c1_0.id,
        c1_0.author_id,
        c1_0.body,
        c1_0.created_at,
        c1_0.flagged,
        c1_0.parent_id,
        c1_0.post_id 
    from
        comments c1_0 
    where
        c1_0.post_id=? 
    order by
        c1_0.created_at
2026-07-11T12:27:54.322+05:30 DEBUG 29656 --- [wireblog-backend] [io-8080-exec-10] .m.m.a.ExceptionHandlerExceptionResolver : Using @ExceptionHandler com.wireblog.exception.GlobalExceptionHandler#handleGeneric(Exception, HttpServletRequest)
2026-07-11T12:27:54.326+05:30 DEBUG 29656 --- [wireblog-backend] [io-8080-exec-10] o.s.w.s.m.m.a.HttpEntityMethodProcessor  : Using 'application/json', given [*/*] and supported [application/json, application/*+json]
2026-07-11T12:27:54.327+05:30 DEBUG 29656 --- [wireblog-backend] [io-8080-exec-10] o.s.w.s.m.m.a.HttpEntityMethodProcessor  : Writing [ApiError[timestamp=2026-07-11T06:57:54.324785Z, status=500, error=Internal Server Error, message=Una (truncated)...]
2026-07-11T12:27:54.329+05:30 DEBUG 29656 --- [wireblog-backend] [io-8080-exec-10] .m.m.a.ExceptionHandlerExceptionResolver : Resolved [org.springframework.orm.jpa.JpaSystemException: Unable to access lob stream]
2026-07-11T12:27:54.330+05:30 DEBUG 29656 --- [wireblog-backend] [io-8080-exec-10] o.s.web.servlet.DispatcherServlet        : Completed 500 INTERNAL_SERVER_ERROR
2026-07-11T12:27:54.574+05:30 DEBUG 29656 --- [wireblog-backend] [nio-8080-exec-1] o.s.web.servlet.DispatcherServlet        : POST "/api/posts/2/share", parameters={}
2026-07-11T12:27:54.576+05:30 DEBUG 29656 --- [wireblog-backend] [nio-8080-exec-1] s.w.s.m.m.a.RequestMappingHandlerMapping : Mapped to com.wireblog.controller.ShareController#share(Long, ShareRequest)
2026-07-11T12:27:54.597+05:30 DEBUG 29656 --- [wireblog-backend] [nio-8080-exec-1] m.m.a.RequestResponseBodyMethodProcessor : Read "application/json;charset=UTF-8" to [ShareRequest[channel=COPY_LINK, sharedToHandle=null]]
2026-07-11T12:27:54.732+05:30 DEBUG 29656 --- [wireblog-backend] [nio-8080-exec-1] org.hibernate.SQL                        : 
    select
        u1_0.id,
        u1_0.avatar_url,
        u1_0.bio,
        u1_0.created_at,
        u1_0.display_name,
        u1_0.email,
        u1_0.email_verified,
        u1_0.enabled,
        u1_0.handle,
        u1_0.password_hash,
        u1_0.password_reset_expires_at,
        u1_0.password_reset_token,
        u1_0.role,
        u1_0.verification_token 
    from
        users u1_0 
    where
        u1_0.email=?
2026-07-11T12:27:54.737+05:30 DEBUG 29656 --- [wireblog-backend] [nio-8080-exec-1] org.hibernate.SQL                        : 
    select
        p1_0.id,
        p1_0.author_id,
        p1_0.content,
        p1_0.cover_image_url,
        p1_0.created_at,
        p1_0.excerpt,
        p1_0.published_at,
        p1_0.share_count,
        p1_0.slug,
        p1_0.status,
        p1_0.title,
        p1_0.updated_at,
        p1_0.view_count 
    from
        posts p1_0 
    where
        p1_0.id=?
2026-07-11T12:27:54.756+05:30 DEBUG 29656 --- [wireblog-backend] [nio-8080-exec-1] org.hibernate.SQL                        : 
    insert 
    into
        shares
        (channel, created_at, post_id, shared_by_id, shared_to_id) 
    values
        (?, ?, ?, ?, ?) 
    returning id
2026-07-11T12:27:54.771+05:30 DEBUG 29656 --- [wireblog-backend] [nio-8080-exec-1] org.hibernate.SQL                        : 
    update
        posts 
    set
        author_id=?,
        content=?,
        cover_image_url=?,
        created_at=?,
        excerpt=?,
        published_at=?,
        share_count=?,
        slug=?,
        status=?,
        title=?,
        updated_at=?,
        view_count=? 
    where
        id=?
2026-07-11T12:27:54.791+05:30 DEBUG 29656 --- [wireblog-backend] [nio-8080-exec-1] m.m.a.RequestResponseBodyMethodProcessor : Using 'application/json', given [*/*] and supported [application/json, application/*+json]
2026-07-11T12:27:54.792+05:30 DEBUG 29656 --- [wireblog-backend] [nio-8080-exec-1] m.m.a.RequestResponseBodyMethodProcessor : Nothing to write: null body
2026-07-11T12:27:54.793+05:30 DEBUG 29656 --- [wireblog-backend] [nio-8080-exec-1] o.s.web.servlet.DispatcherServlet        : Completed 200 OK
2026-07-11T12:27:54.878+05:30 DEBUG 29656 --- [wireblog-backend] [nio-8080-exec-2] o.s.web.servlet.DispatcherServlet        : GET "/api/notifications", parameters={}
2026-07-11T12:27:54.880+05:30 DEBUG 29656 --- [wireblog-backend] [nio-8080-exec-2] s.w.s.m.m.a.RequestMappingHandlerMapping : Mapped to com.wireblog.controller.NotificationController#list()
2026-07-11T12:27:54.890+05:30 DEBUG 29656 --- [wireblog-backend] [nio-8080-exec-2] org.hibernate.SQL                        : 
    select
        u1_0.id,
        u1_0.avatar_url,
        u1_0.bio,
        u1_0.created_at,
        u1_0.display_name,
        u1_0.email,
        u1_0.email_verified,
        u1_0.enabled,
        u1_0.handle,
        u1_0.password_hash,
        u1_0.password_reset_expires_at,
        u1_0.password_reset_token,
        u1_0.role,
        u1_0.verification_token 
    from
        users u1_0 
    where
        u1_0.email=?
2026-07-11T12:27:54.950+05:30 DEBUG 29656 --- [wireblog-backend] [nio-8080-exec-2] org.hibernate.SQL                        : 
    select
        n1_0.id,
        n1_0.created_at,
        n1_0.link,
        n1_0.message,
        n1_0.read,
        n1_0.type,
        n1_0.user_id 
    from
        notifications n1_0 
    where
        n1_0.user_id=? 
    order by
        n1_0.created_at desc
2026-07-11T12:27:54.966+05:30 DEBUG 29656 --- [wireblog-backend] [nio-8080-exec-2] m.m.a.RequestResponseBodyMethodProcessor : Using 'application/json', given [*/*] and supported [application/json, application/*+json]
2026-07-11T12:27:54.967+05:30 DEBUG 29656 --- [wireblog-backend] [nio-8080-exec-2] m.m.a.RequestResponseBodyMethodProcessor : Writing [[]]
2026-07-11T12:27:54.975+05:30 DEBUG 29656 --- [wireblog-backend] [nio-8080-exec-2] o.s.web.servlet.DispatcherServlet        : Completed 200 OK
2026-07-11T12:27:55.015+05:30 DEBUG 29656 --- [wireblog-backend] [nio-8080-exec-3] o.s.web.servlet.DispatcherServlet        : GET "/api/notifications/unread-count", parameters={}
2026-07-11T12:27:55.019+05:30 DEBUG 29656 --- [wireblog-backend] [nio-8080-exec-3] s.w.s.m.m.a.RequestMappingHandlerMapping : Mapped to com.wireblog.controller.NotificationController#unreadCount()
2026-07-11T12:27:55.028+05:30 DEBUG 29656 --- [wireblog-backend] [nio-8080-exec-3] org.hibernate.SQL                        : 
    select
        u1_0.id,
        u1_0.avatar_url,
        u1_0.bio,
        u1_0.created_at,
        u1_0.display_name,
        u1_0.email,
        u1_0.email_verified,
        u1_0.enabled,
        u1_0.handle,
        u1_0.password_hash,
        u1_0.password_reset_expires_at,
        u1_0.password_reset_token,
        u1_0.role,
        u1_0.verification_token 
    from
        users u1_0 
    where
        u1_0.email=?
2026-07-11T12:27:55.046+05:30 DEBUG 29656 --- [wireblog-backend] [nio-8080-exec-3] org.hibernate.SQL                        : 
    select
        n1_0.id,
        n1_0.created_at,
        n1_0.link,
        n1_0.message,
        n1_0.read,
        n1_0.type,
        n1_0.user_id 
    from
        notifications n1_0 
    where
        n1_0.user_id=? 
    order by
        n1_0.created_at desc
2026-07-11T12:27:55.056+05:30 DEBUG 29656 --- [wireblog-backend] [nio-8080-exec-3] m.m.a.RequestResponseBodyMethodProcessor : Using 'application/json', given [*/*] and supported [application/json, application/*+json]
2026-07-11T12:27:55.057+05:30 DEBUG 29656 --- [wireblog-backend] [nio-8080-exec-3] m.m.a.RequestResponseBodyMethodProcessor : Writing [0]
2026-07-11T12:27:55.059+05:30 DEBUG 29656 --- [wireblog-backend] [nio-8080-exec-3] o.s.web.servlet.DispatcherServlet        : Completed 200 OK
2026-07-11T12:27:55.078+05:30 DEBUG 29656 --- [wireblog-backend] [nio-8080-exec-4] o.s.web.servlet.DispatcherServlet        : PATCH "/api/notifications/read-all", parameters={}
2026-07-11T12:27:55.079+05:30 DEBUG 29656 --- [wireblog-backend] [nio-8080-exec-4] s.w.s.m.m.a.RequestMappingHandlerMapping : Mapped to com.wireblog.controller.NotificationController#markAllRead()
2026-07-11T12:27:55.086+05:30 DEBUG 29656 --- [wireblog-backend] [nio-8080-exec-4] org.hibernate.SQL                        : 
    select
        u1_0.id,
        u1_0.avatar_url,
        u1_0.bio,
        u1_0.created_at,
        u1_0.display_name,
        u1_0.email,
        u1_0.email_verified,
        u1_0.enabled,
        u1_0.handle,
        u1_0.password_hash,
        u1_0.password_reset_expires_at,
        u1_0.password_reset_token,
        u1_0.role,
        u1_0.verification_token 
    from
        users u1_0 
    where
        u1_0.email=?
2026-07-11T12:27:55.097+05:30 DEBUG 29656 --- [wireblog-backend] [nio-8080-exec-4] org.hibernate.SQL                        : 
    select
        n1_0.id,
        n1_0.created_at,
        n1_0.link,
        n1_0.message,
        n1_0.read,
        n1_0.type,
        n1_0.user_id 
    from
        notifications n1_0 
    where
        n1_0.user_id=? 
    order by
        n1_0.created_at desc
2026-07-11T12:27:55.110+05:30 DEBUG 29656 --- [wireblog-backend] [nio-8080-exec-4] m.m.a.RequestResponseBodyMethodProcessor : Using 'application/json', given [*/*] and supported [application/json, application/*+json]
2026-07-11T12:27:55.123+05:30 DEBUG 29656 --- [wireblog-backend] [nio-8080-exec-4] m.m.a.RequestResponseBodyMethodProcessor : Nothing to write: null body
2026-07-11T12:27:55.124+05:30 DEBUG 29656 --- [wireblog-backend] [nio-8080-exec-4] o.s.web.servlet.DispatcherServlet        : Completed 200 OK
2026-07-11T12:27:55.200+05:30 DEBUG 29656 --- [wireblog-backend] [nio-8080-exec-5] o.s.web.servlet.DispatcherServlet        : GET "/api/news/headlines", parameters={}
2026-07-11T12:27:55.203+05:30 DEBUG 29656 --- [wireblog-backend] [nio-8080-exec-5] s.w.s.m.m.a.RequestMappingHandlerMapping : Mapped to com.wireblog.controller.NewsController#headlines(String)
2026-07-11T12:27:55.214+05:30 DEBUG 29656 --- [wireblog-backend] [nio-8080-exec-5] org.hibernate.SQL                        : 
    select
        nh1_0.id,
        nh1_0.category,
        nh1_0.fetched_at,
        nh1_0.image_url,
        nh1_0.published_at,
        nh1_0.source_name,
        nh1_0.source_url,
        nh1_0.title 
    from
        news_headlines nh1_0 
    order by
        nh1_0.published_at desc 
    fetch
        first ? rows only
2026-07-11T12:27:55.230+05:30 DEBUG 29656 --- [wireblog-backend] [nio-8080-exec-5] m.m.a.RequestResponseBodyMethodProcessor : Using 'application/json', given [*/*] and supported [application/json, application/*+json]
2026-07-11T12:27:55.241+05:30 DEBUG 29656 --- [wireblog-backend] [nio-8080-exec-5] m.m.a.RequestResponseBodyMethodProcessor : Writing [[NewsHeadlineResponse[id=2, title=Archer gets into the World Cup spirit with clever run out, sourceU (truncated)...]
2026-07-11T12:27:55.251+05:30 DEBUG 29656 --- [wireblog-backend] [nio-8080-exec-5] o.s.web.servlet.DispatcherServlet        : Completed 200 OK
2026-07-11T12:27:55.412+05:30 DEBUG 29656 --- [wireblog-backend] [nio-8080-exec-6] o.s.web.servlet.DispatcherServlet        : POST "/api/admin/sponsorships", parameters={}
2026-07-11T12:27:55.413+05:30 DEBUG 29656 --- [wireblog-backend] [nio-8080-exec-6] s.w.s.m.m.a.RequestMappingHandlerMapping : Mapped to com.wireblog.controller.AdminController#createSponsorship(SponsorshipRequest)
2026-07-11T12:27:55.490+05:30 DEBUG 29656 --- [wireblog-backend] [nio-8080-exec-6] m.m.a.RequestResponseBodyMethodProcessor : Read "application/json;charset=UTF-8" to [SponsorshipRequest[brandName=Smoke Sponsor, headline=Smoke test sponsorship, targetUrl=https://examp (truncated)...]
2026-07-11T12:27:55.521+05:30 DEBUG 29656 --- [wireblog-backend] [nio-8080-exec-6] org.hibernate.SQL                        : 
    insert 
    into
        sponsorships
        (brand_name, clicks, created_at, creative_image_url, end_date, headline, impressions, placement, start_date, status, target_url) 
    values
        (?, ?, ?, ?, ?, ?, ?, ?, ?, ?, ?) 
    returning id
2026-07-11T12:27:55.535+05:30 DEBUG 29656 --- [wireblog-backend] [nio-8080-exec-6] m.m.a.RequestResponseBodyMethodProcessor : Using 'application/json', given [*/*] and supported [application/json, application/*+json]
2026-07-11T12:27:55.562+05:30 DEBUG 29656 --- [wireblog-backend] [nio-8080-exec-6] m.m.a.RequestResponseBodyMethodProcessor : Writing [SponsorshipResponse[id=2, brandName=Smoke Sponsor, headline=Smoke test sponsorship, targetUrl=https: (truncated)...]
2026-07-11T12:27:55.565+05:30 DEBUG 29656 --- [wireblog-backend] [nio-8080-exec-6] o.s.web.servlet.DispatcherServlet        : Completed 200 OK
2026-07-11T12:27:55.572+05:30 DEBUG 29656 --- [wireblog-backend] [nio-8080-exec-7] o.s.web.servlet.DispatcherServlet        : GET "/api/sponsorships/active?placement=FEED_BANNER", parameters={masked}
2026-07-11T12:27:55.573+05:30 DEBUG 29656 --- [wireblog-backend] [nio-8080-exec-7] s.w.s.m.m.a.RequestMappingHandlerMapping : Mapped to com.wireblog.controller.SponsorshipController#active(String)
2026-07-11T12:27:55.578+05:30 DEBUG 29656 --- [wireblog-backend] [nio-8080-exec-7] org.hibernate.SQL                        : 
    select
        s1_0.id,
        s1_0.brand_name,
        s1_0.clicks,
        s1_0.created_at,
        s1_0.creative_image_url,
        s1_0.end_date,
        s1_0.headline,
        s1_0.impressions,
        s1_0.placement,
        s1_0.start_date,
        s1_0.status,
        s1_0.target_url 
    from
        sponsorships s1_0 
    where
        s1_0.placement=? 
        and s1_0.status=? 
        and s1_0.start_date<=? 
        and s1_0.end_date>=?
2026-07-11T12:27:55.586+05:30 DEBUG 29656 --- [wireblog-backend] [nio-8080-exec-7] org.hibernate.SQL                        : 
    update
        sponsorships 
    set
        brand_name=?,
        clicks=?,
        created_at=?,
        creative_image_url=?,
        end_date=?,
        headline=?,
        impressions=?,
        placement=?,
        start_date=?,
        status=?,
        target_url=? 
    where
        id=?
2026-07-11T12:27:55.594+05:30 DEBUG 29656 --- [wireblog-backend] [nio-8080-exec-7] m.m.a.RequestResponseBodyMethodProcessor : Using 'application/json', given [*/*] and supported [application/json, application/*+json]
2026-07-11T12:27:55.594+05:30 DEBUG 29656 --- [wireblog-backend] [nio-8080-exec-7] m.m.a.RequestResponseBodyMethodProcessor : Writing [[SponsorshipResponse[id=2, brandName=Smoke Sponsor, headline=Smoke test sponsorship, targetUrl=https (truncated)...]
2026-07-11T12:27:55.595+05:30 DEBUG 29656 --- [wireblog-backend] [nio-8080-exec-7] o.s.web.servlet.DispatcherServlet        : Completed 200 OK
2026-07-11T12:27:55.602+05:30 DEBUG 29656 --- [wireblog-backend] [nio-8080-exec-8] o.s.web.servlet.DispatcherServlet        : POST "/api/sponsorships/2/click", parameters={masked}
2026-07-11T12:27:55.604+05:30 DEBUG 29656 --- [wireblog-backend] [nio-8080-exec-8] s.w.s.m.m.a.RequestMappingHandlerMapping : Mapped to com.wireblog.controller.SponsorshipController#recordClick(Long)
2026-07-11T12:27:55.607+05:30 DEBUG 29656 --- [wireblog-backend] [nio-8080-exec-8] org.hibernate.SQL                        : 
    select
        s1_0.id,
        s1_0.brand_name,
        s1_0.clicks,
        s1_0.created_at,
        s1_0.creative_image_url,
        s1_0.end_date,
        s1_0.headline,
        s1_0.impressions,
        s1_0.placement,
        s1_0.start_date,
        s1_0.status,
        s1_0.target_url 
    from
        sponsorships s1_0 
    where
        s1_0.id=?
2026-07-11T12:27:55.611+05:30 DEBUG 29656 --- [wireblog-backend] [nio-8080-exec-8] org.hibernate.SQL                        : 
    update
        sponsorships 
    set
        brand_name=?,
        clicks=?,
        created_at=?,
        creative_image_url=?,
        end_date=?,
        headline=?,
        impressions=?,
        placement=?,
        start_date=?,
        status=?,
        target_url=? 
    where
        id=?
2026-07-11T12:27:55.618+05:30 DEBUG 29656 --- [wireblog-backend] [nio-8080-exec-8] m.m.a.RequestResponseBodyMethodProcessor : Using 'application/json', given [*/*] and supported [application/json, application/*+json]
2026-07-11T12:27:55.619+05:30 DEBUG 29656 --- [wireblog-backend] [nio-8080-exec-8] m.m.a.RequestResponseBodyMethodProcessor : Nothing to write: null body
2026-07-11T12:27:55.619+05:30 DEBUG 29656 --- [wireblog-backend] [nio-8080-exec-8] o.s.web.servlet.DispatcherServlet        : Completed 200 OK
2026-07-11T12:27:55.629+05:30 DEBUG 29656 --- [wireblog-backend] [nio-8080-exec-9] o.s.web.servlet.DispatcherServlet        : GET "/api/admin/sponsorships", parameters={}
2026-07-11T12:27:55.630+05:30 DEBUG 29656 --- [wireblog-backend] [nio-8080-exec-9] s.w.s.m.m.a.RequestMappingHandlerMapping : Mapped to com.wireblog.controller.AdminController#listSponsorships()
2026-07-11T12:27:55.645+05:30 DEBUG 29656 --- [wireblog-backend] [nio-8080-exec-9] org.hibernate.SQL                        : 
    select
        s1_0.id,
        s1_0.brand_name,
        s1_0.clicks,
        s1_0.created_at,
        s1_0.creative_image_url,
        s1_0.end_date,
        s1_0.headline,
        s1_0.impressions,
        s1_0.placement,
        s1_0.start_date,
        s1_0.status,
        s1_0.target_url 
    from
        sponsorships s1_0
2026-07-11T12:27:55.661+05:30 DEBUG 29656 --- [wireblog-backend] [nio-8080-exec-9] m.m.a.RequestResponseBodyMethodProcessor : Using 'application/json', given [*/*] and supported [application/json, application/*+json]
2026-07-11T12:27:55.662+05:30 DEBUG 29656 --- [wireblog-backend] [nio-8080-exec-9] m.m.a.RequestResponseBodyMethodProcessor : Writing [[SponsorshipResponse[id=2, brandName=Smoke Sponsor, headline=Smoke test sponsorship, targetUrl=https (truncated)...]
2026-07-11T12:27:55.664+05:30 DEBUG 29656 --- [wireblog-backend] [nio-8080-exec-9] o.s.web.servlet.DispatcherServlet        : Completed 200 OK
2026-07-11T12:27:55.676+05:30 DEBUG 29656 --- [wireblog-backend] [io-8080-exec-10] o.s.web.servlet.DispatcherServlet        : DELETE "/api/admin/sponsorships/2", parameters={}
2026-07-11T12:27:55.682+05:30 DEBUG 29656 --- [wireblog-backend] [io-8080-exec-10] s.w.s.m.m.a.RequestMappingHandlerMapping : Mapped to com.wireblog.controller.AdminController#deleteSponsorship(Long)
2026-07-11T12:27:55.686+05:30 DEBUG 29656 --- [wireblog-backend] [io-8080-exec-10] org.hibernate.SQL                        : 
    select
        s1_0.id,
        s1_0.brand_name,
        s1_0.clicks,
        s1_0.created_at,
        s1_0.creative_image_url,
        s1_0.end_date,
        s1_0.headline,
        s1_0.impressions,
        s1_0.placement,
        s1_0.start_date,
        s1_0.status,
        s1_0.target_url 
    from
        sponsorships s1_0 
    where
        s1_0.id=?
2026-07-11T12:27:55.690+05:30 DEBUG 29656 --- [wireblog-backend] [io-8080-exec-10] org.hibernate.SQL                        : 
    delete 
    from
        sponsorships 
    where
        id=?
2026-07-11T12:27:55.692+05:30 DEBUG 29656 --- [wireblog-backend] [io-8080-exec-10] m.m.a.RequestResponseBodyMethodProcessor : Using 'application/json', given [*/*] and supported [application/json, application/*+json]
2026-07-11T12:27:55.693+05:30 DEBUG 29656 --- [wireblog-backend] [io-8080-exec-10] m.m.a.RequestResponseBodyMethodProcessor : Nothing to write: null body
2026-07-11T12:27:55.693+05:30 DEBUG 29656 --- [wireblog-backend] [io-8080-exec-10] o.s.web.servlet.DispatcherServlet        : Completed 200 OK
2026-07-11T12:27:55.970+05:30 DEBUG 29656 --- [wireblog-backend] [nio-8080-exec-1] o.s.web.servlet.DispatcherServlet        : POST "/api/upload", parameters={multipart}
2026-07-11T12:27:56.161+05:30 DEBUG 29656 --- [wireblog-backend] [nio-8080-exec-1] s.w.s.m.m.a.RequestMappingHandlerMapping : Mapped to com.wireblog.controller.UploadController#upload(MultipartFile)
2026-07-11T12:27:56.217+05:30 DEBUG 29656 --- [wireblog-backend] [nio-8080-exec-1] o.s.w.s.m.m.a.HttpEntityMethodProcessor  : Using 'application/json', given [*/*] and supported [application/json, application/*+json]
2026-07-11T12:27:56.218+05:30 DEBUG 29656 --- [wireblog-backend] [nio-8080-exec-1] o.s.w.s.m.m.a.HttpEntityMethodProcessor  : Writing [{url=http://localhost:8080/uploads/aeaf4734-869a-4a3c-a415-e59af4e8d318.png}]
2026-07-11T12:27:56.222+05:30 DEBUG 29656 --- [wireblog-backend] [nio-8080-exec-1] o.s.web.servlet.DispatcherServlet        : Completed 200 OK
2026-07-11T12:28:09.204+05:30 DEBUG 29656 --- [wireblog-backend] [nio-8080-exec-5] o.s.web.servlet.DispatcherServlet        : POST "/api/auth/login", parameters={}
2026-07-11T12:28:09.206+05:30 DEBUG 29656 --- [wireblog-backend] [nio-8080-exec-5] s.w.s.m.m.a.RequestMappingHandlerMapping : Mapped to com.wireblog.controller.AuthController#login(LoginRequest)
2026-07-11T12:28:09.208+05:30 DEBUG 29656 --- [wireblog-backend] [nio-8080-exec-5] m.m.a.RequestResponseBodyMethodProcessor : Read "application/json;charset=UTF-8" to [LoginRequest[email=arpitsangal00@gmail.com, password=Test@123]]
2026-07-11T12:28:09.214+05:30 DEBUG 29656 --- [wireblog-backend] [nio-8080-exec-5] org.hibernate.SQL                        : 
    select
        u1_0.id,
        u1_0.avatar_url,
        u1_0.bio,
        u1_0.created_at,
        u1_0.display_name,
        u1_0.email,
        u1_0.email_verified,
        u1_0.enabled,
        u1_0.handle,
        u1_0.password_hash,
        u1_0.password_reset_expires_at,
        u1_0.password_reset_token,
        u1_0.role,
        u1_0.verification_token 
    from
        users u1_0 
    where
        u1_0.email=?
2026-07-11T12:28:09.563+05:30 DEBUG 29656 --- [wireblog-backend] [nio-8080-exec-5] m.m.a.RequestResponseBodyMethodProcessor : Using 'application/json', given [application/json, text/plain, */*] and supported [application/json, application/*+json]
2026-07-11T12:28:09.564+05:30 DEBUG 29656 --- [wireblog-backend] [nio-8080-exec-5] m.m.a.RequestResponseBodyMethodProcessor : Writing [AuthResponse[token=eyJhbGciOiJIUzI1NiJ9.eyJ1aWQiOjQsInJvbGUiOiJBRE1JTiIsInN1YiI6ImFycGl0c2FuZ2FsMDBA (truncated)...]
2026-07-11T12:28:09.566+05:30 DEBUG 29656 --- [wireblog-backend] [nio-8080-exec-5] o.s.web.servlet.DispatcherServlet        : Completed 200 OK
2026-07-11T12:28:09.616+05:30 DEBUG 29656 --- [wireblog-backend] [nio-8080-exec-7] o.s.web.servlet.DispatcherServlet        : GET "/api/notifications", parameters={}
2026-07-11T12:28:09.618+05:30 DEBUG 29656 --- [wireblog-backend] [nio-8080-exec-7] s.w.s.m.m.a.RequestMappingHandlerMapping : Mapped to com.wireblog.controller.NotificationController#list()
2026-07-11T12:28:09.622+05:30 DEBUG 29656 --- [wireblog-backend] [nio-8080-exec-7] org.hibernate.SQL                        : 
    select
        u1_0.id,
        u1_0.avatar_url,
        u1_0.bio,
        u1_0.created_at,
        u1_0.display_name,
        u1_0.email,
        u1_0.email_verified,
        u1_0.enabled,
        u1_0.handle,
        u1_0.password_hash,
        u1_0.password_reset_expires_at,
        u1_0.password_reset_token,
        u1_0.role,
        u1_0.verification_token 
    from
        users u1_0 
    where
        u1_0.email=?
2026-07-11T12:28:09.630+05:30 DEBUG 29656 --- [wireblog-backend] [nio-8080-exec-7] org.hibernate.SQL                        : 
    select
        n1_0.id,
        n1_0.created_at,
        n1_0.link,
        n1_0.message,
        n1_0.read,
        n1_0.type,
        n1_0.user_id 
    from
        notifications n1_0 
    where
        n1_0.user_id=? 
    order by
        n1_0.created_at desc
2026-07-11T12:28:09.643+05:30 DEBUG 29656 --- [wireblog-backend] [nio-8080-exec-7] m.m.a.RequestResponseBodyMethodProcessor : Using 'application/json', given [application/json, text/plain, */*] and supported [application/json, application/*+json]
2026-07-11T12:28:09.646+05:30 DEBUG 29656 --- [wireblog-backend] [nio-8080-exec-7] m.m.a.RequestResponseBodyMethodProcessor : Writing [[]]
2026-07-11T12:28:09.652+05:30 DEBUG 29656 --- [wireblog-backend] [nio-8080-exec-7] o.s.web.servlet.DispatcherServlet        : Completed 200 OK
2026-07-11T12:28:10.084+05:30 DEBUG 29656 --- [wireblog-backend] [nio-8080-exec-2] o.s.web.servlet.DispatcherServlet        : GET "/api/sponsorships/active?placement=FEED_BANNER", parameters={masked}
2026-07-11T12:28:10.085+05:30 DEBUG 29656 --- [wireblog-backend] [nio-8080-exec-3] o.s.web.servlet.DispatcherServlet        : GET "/api/sponsorships/active?placement=SIDEBAR", parameters={masked}
2026-07-11T12:28:10.086+05:30 DEBUG 29656 --- [wireblog-backend] [nio-8080-exec-2] s.w.s.m.m.a.RequestMappingHandlerMapping : Mapped to com.wireblog.controller.SponsorshipController#active(String)
2026-07-11T12:28:10.087+05:30 DEBUG 29656 --- [wireblog-backend] [nio-8080-exec-3] s.w.s.m.m.a.RequestMappingHandlerMapping : Mapped to com.wireblog.controller.SponsorshipController#active(String)
2026-07-11T12:28:10.088+05:30 DEBUG 29656 --- [wireblog-backend] [nio-8080-exec-1] o.s.web.servlet.DispatcherServlet        : GET "/api/posts?page=0&size=13", parameters={masked}
2026-07-11T12:28:10.091+05:30 DEBUG 29656 --- [wireblog-backend] [nio-8080-exec-1] s.w.s.m.m.a.RequestMappingHandlerMapping : Mapped to com.wireblog.controller.PostController#list(int, int, String, String)
2026-07-11T12:28:10.097+05:30 DEBUG 29656 --- [wireblog-backend] [nio-8080-exec-3] org.hibernate.SQL                        : 
    select
        s1_0.id,
        s1_0.brand_name,
        s1_0.clicks,
        s1_0.created_at,
        s1_0.creative_image_url,
        s1_0.end_date,
        s1_0.headline,
        s1_0.impressions,
        s1_0.placement,
        s1_0.start_date,
        s1_0.status,
        s1_0.target_url 
    from
        sponsorships s1_0 
    where
        s1_0.placement=? 
        and s1_0.status=? 
        and s1_0.start_date<=? 
        and s1_0.end_date>=?
2026-07-11T12:28:10.097+05:30 DEBUG 29656 --- [wireblog-backend] [nio-8080-exec-2] org.hibernate.SQL                        : 
    select
        s1_0.id,
        s1_0.brand_name,
        s1_0.clicks,
        s1_0.created_at,
        s1_0.creative_image_url,
        s1_0.end_date,
        s1_0.headline,
        s1_0.impressions,
        s1_0.placement,
        s1_0.start_date,
        s1_0.status,
        s1_0.target_url 
    from
        sponsorships s1_0 
    where
        s1_0.placement=? 
        and s1_0.status=? 
        and s1_0.start_date<=? 
        and s1_0.end_date>=?
2026-07-11T12:28:10.118+05:30 DEBUG 29656 --- [wireblog-backend] [nio-8080-exec-1] org.hibernate.SQL                        : 
    select
        p1_0.id,
        p1_0.author_id,
        p1_0.content,
        p1_0.cover_image_url,
        p1_0.created_at,
        p1_0.excerpt,
        p1_0.published_at,
        p1_0.share_count,
        p1_0.slug,
        p1_0.status,
        p1_0.title,
        p1_0.updated_at,
        p1_0.view_count 
    from
        posts p1_0 
    where
        p1_0.status=? 
    order by
        p1_0.created_at desc 
    fetch
        first ? rows only
2026-07-11T12:28:10.201+05:30 DEBUG 29656 --- [wireblog-backend] [nio-8080-exec-2] m.m.a.RequestResponseBodyMethodProcessor : Using 'application/json', given [application/json, text/plain, */*] and supported [application/json, application/*+json]
2026-07-11T12:28:10.201+05:30 DEBUG 29656 --- [wireblog-backend] [nio-8080-exec-3] m.m.a.RequestResponseBodyMethodProcessor : Using 'application/json', given [application/json, text/plain, */*] and supported [application/json, application/*+json]
2026-07-11T12:28:10.202+05:30 DEBUG 29656 --- [wireblog-backend] [nio-8080-exec-2] m.m.a.RequestResponseBodyMethodProcessor : Writing [[]]
2026-07-11T12:28:10.203+05:30 DEBUG 29656 --- [wireblog-backend] [nio-8080-exec-3] m.m.a.RequestResponseBodyMethodProcessor : Writing [[]]
2026-07-11T12:28:10.205+05:30 DEBUG 29656 --- [wireblog-backend] [nio-8080-exec-2] o.s.web.servlet.DispatcherServlet        : Completed 200 OK
2026-07-11T12:28:10.206+05:30 DEBUG 29656 --- [wireblog-backend] [nio-8080-exec-3] o.s.web.servlet.DispatcherServlet        : Completed 200 OK
2026-07-11T12:28:10.252+05:30 DEBUG 29656 --- [wireblog-backend] [nio-8080-exec-1] org.hibernate.SQL                        : 
    select
        count(c1_0.id) 
    from
        comments c1_0 
    where
        c1_0.post_id=?
2026-07-11T12:28:10.260+05:30 DEBUG 29656 --- [wireblog-backend] [nio-8080-exec-1] org.hibernate.SQL                        : 
    select
        t1_0.post_id,
        t1_0.tag 
    from
        post_tags t1_0 
    where
        t1_0.post_id=?
2026-07-11T12:28:10.265+05:30 DEBUG 29656 --- [wireblog-backend] [nio-8080-exec-1] org.hibernate.SQL                        : 
    select
        u1_0.id,
        u1_0.avatar_url,
        u1_0.bio,
        u1_0.created_at,
        u1_0.display_name,
        u1_0.email,
        u1_0.email_verified,
        u1_0.enabled,
        u1_0.handle,
        u1_0.password_hash,
        u1_0.password_reset_expires_at,
        u1_0.password_reset_token,
        u1_0.role,
        u1_0.verification_token 
    from
        users u1_0 
    where
        u1_0.id=?
2026-07-11T12:28:10.280+05:30 DEBUG 29656 --- [wireblog-backend] [nio-8080-exec-1] org.hibernate.SQL                        : 
    select
        count(c1_0.id) 
    from
        comments c1_0 
    where
        c1_0.post_id=?
2026-07-11T12:28:10.283+05:30 DEBUG 29656 --- [wireblog-backend] [nio-8080-exec-1] org.hibernate.SQL                        : 
    select
        t1_0.post_id,
        t1_0.tag 
    from
        post_tags t1_0 
    where
        t1_0.post_id=?
2026-07-11T12:28:10.285+05:30 DEBUG 29656 --- [wireblog-backend] [nio-8080-exec-1] org.hibernate.SQL                        : 
    select
        u1_0.id,
        u1_0.avatar_url,
        u1_0.bio,
        u1_0.created_at,
        u1_0.display_name,
        u1_0.email,
        u1_0.email_verified,
        u1_0.enabled,
        u1_0.handle,
        u1_0.password_hash,
        u1_0.password_reset_expires_at,
        u1_0.password_reset_token,
        u1_0.role,
        u1_0.verification_token 
    from
        users u1_0 
    where
        u1_0.id=?
2026-07-11T12:28:10.291+05:30 DEBUG 29656 --- [wireblog-backend] [nio-8080-exec-1] m.m.a.RequestResponseBodyMethodProcessor : Using 'application/json', given [application/json, text/plain, */*] and supported [application/json, application/*+json]
2026-07-11T12:28:10.298+05:30 DEBUG 29656 --- [wireblog-backend] [nio-8080-exec-1] m.m.a.RequestResponseBodyMethodProcessor : Writing [Page 1 of 1 containing com.wireblog.dto.PostSummaryResponse instances]
2026-07-11T12:28:10.300+05:30 DEBUG 29656 --- [wireblog-backend] [nio-8080-exec-1] o.s.web.servlet.DispatcherServlet        : Completed 200 OK
2026-07-11T12:28:14.573+05:30 DEBUG 29656 --- [wireblog-backend] [nio-8080-exec-5] o.s.web.servlet.DispatcherServlet        : GET "/api/news/headlines", parameters={}
2026-07-11T12:28:14.575+05:30 DEBUG 29656 --- [wireblog-backend] [nio-8080-exec-5] s.w.s.m.m.a.RequestMappingHandlerMapping : Mapped to com.wireblog.controller.NewsController#headlines(String)
2026-07-11T12:28:14.578+05:30 DEBUG 29656 --- [wireblog-backend] [nio-8080-exec-5] org.hibernate.SQL                        : 
    select
        nh1_0.id,
        nh1_0.category,
        nh1_0.fetched_at,
        nh1_0.image_url,
        nh1_0.published_at,
        nh1_0.source_name,
        nh1_0.source_url,
        nh1_0.title 
    from
        news_headlines nh1_0 
    order by
        nh1_0.published_at desc 
    fetch
        first ? rows only
2026-07-11T12:28:14.588+05:30 DEBUG 29656 --- [wireblog-backend] [nio-8080-exec-5] m.m.a.RequestResponseBodyMethodProcessor : Using 'application/json', given [application/json, text/plain, */*] and supported [application/json, application/*+json]
2026-07-11T12:28:14.672+05:30 DEBUG 29656 --- [wireblog-backend] [nio-8080-exec-5] m.m.a.RequestResponseBodyMethodProcessor : Writing [[NewsHeadlineResponse[id=2, title=Archer gets into the World Cup spirit with clever run out, sourceU (truncated)...]
2026-07-11T12:28:14.687+05:30 DEBUG 29656 --- [wireblog-backend] [nio-8080-exec-5] o.s.web.servlet.DispatcherServlet        : Completed 200 OK
2026-07-11T12:28:16.559+05:30 DEBUG 29656 --- [wireblog-backend] [nio-8080-exec-7] o.s.web.servlet.DispatcherServlet        : GET "/api/news/headlines?category=business", parameters={masked}
2026-07-11T12:28:16.560+05:30 DEBUG 29656 --- [wireblog-backend] [nio-8080-exec-7] s.w.s.m.m.a.RequestMappingHandlerMapping : Mapped to com.wireblog.controller.NewsController#headlines(String)
2026-07-11T12:28:16.570+05:30 DEBUG 29656 --- [wireblog-backend] [nio-8080-exec-7] org.hibernate.SQL                        : 
    select
        nh1_0.id,
        nh1_0.category,
        nh1_0.fetched_at,
        nh1_0.image_url,
        nh1_0.published_at,
        nh1_0.source_name,
        nh1_0.source_url,
        nh1_0.title 
    from
        news_headlines nh1_0 
    where
        nh1_0.category=? 
    order by
        nh1_0.published_at desc 
    fetch
        first ? rows only
2026-07-11T12:28:16.576+05:30 DEBUG 29656 --- [wireblog-backend] [nio-8080-exec-7] org.hibernate.SQL                        : 
    select
        nh1_0.id,
        nh1_0.category,
        nh1_0.fetched_at,
        nh1_0.image_url,
        nh1_0.published_at,
        nh1_0.source_name,
        nh1_0.source_url,
        nh1_0.title 
    from
        news_headlines nh1_0 
    order by
        nh1_0.published_at desc 
    fetch
        first ? rows only
2026-07-11T12:28:16.594+05:30 DEBUG 29656 --- [wireblog-backend] [nio-8080-exec-7] m.m.a.RequestResponseBodyMethodProcessor : Using 'application/json', given [application/json, text/plain, */*] and supported [application/json, application/*+json]
2026-07-11T12:28:16.597+05:30 DEBUG 29656 --- [wireblog-backend] [nio-8080-exec-7] m.m.a.RequestResponseBodyMethodProcessor : Writing [[NewsHeadlineResponse[id=2, title=Archer gets into the World Cup spirit with clever run out, sourceU (truncated)...]
2026-07-11T12:28:16.608+05:30 DEBUG 29656 --- [wireblog-backend] [nio-8080-exec-7] o.s.web.servlet.DispatcherServlet        : Completed 200 OK
2026-07-11T12:28:17.916+05:30 DEBUG 29656 --- [wireblog-backend] [nio-8080-exec-9] o.s.web.servlet.DispatcherServlet        : GET "/api/news/headlines?category=technology", parameters={masked}
2026-07-11T12:28:17.926+05:30 DEBUG 29656 --- [wireblog-backend] [nio-8080-exec-9] s.w.s.m.m.a.RequestMappingHandlerMapping : Mapped to com.wireblog.controller.NewsController#headlines(String)
2026-07-11T12:28:17.942+05:30 DEBUG 29656 --- [wireblog-backend] [nio-8080-exec-9] org.hibernate.SQL                        : 
    select
        nh1_0.id,
        nh1_0.category,
        nh1_0.fetched_at,
        nh1_0.image_url,
        nh1_0.published_at,
        nh1_0.source_name,
        nh1_0.source_url,
        nh1_0.title 
    from
        news_headlines nh1_0 
    where
        nh1_0.category=? 
    order by
        nh1_0.published_at desc 
    fetch
        first ? rows only
2026-07-11T12:28:17.962+05:30 DEBUG 29656 --- [wireblog-backend] [nio-8080-exec-9] org.hibernate.SQL                        : 
    select
        nh1_0.id,
        nh1_0.category,
        nh1_0.fetched_at,
        nh1_0.image_url,
        nh1_0.published_at,
        nh1_0.source_name,
        nh1_0.source_url,
        nh1_0.title 
    from
        news_headlines nh1_0 
    order by
        nh1_0.published_at desc 
    fetch
        first ? rows only
2026-07-11T12:28:18.010+05:30 DEBUG 29656 --- [wireblog-backend] [nio-8080-exec-9] m.m.a.RequestResponseBodyMethodProcessor : Using 'application/json', given [application/json, text/plain, */*] and supported [application/json, application/*+json]
2026-07-11T12:28:18.021+05:30 DEBUG 29656 --- [wireblog-backend] [nio-8080-exec-9] m.m.a.RequestResponseBodyMethodProcessor : Writing [[NewsHeadlineResponse[id=2, title=Archer gets into the World Cup spirit with clever run out, sourceU (truncated)...]
2026-07-11T12:28:18.055+05:30 DEBUG 29656 --- [wireblog-backend] [nio-8080-exec-9] o.s.web.servlet.DispatcherServlet        : Completed 200 OK
2026-07-11T12:28:19.055+05:30 DEBUG 29656 --- [wireblog-backend] [nio-8080-exec-2] o.s.web.servlet.DispatcherServlet        : GET "/api/news/headlines?category=sports", parameters={masked}
2026-07-11T12:28:19.058+05:30 DEBUG 29656 --- [wireblog-backend] [nio-8080-exec-2] s.w.s.m.m.a.RequestMappingHandlerMapping : Mapped to com.wireblog.controller.NewsController#headlines(String)
2026-07-11T12:28:19.066+05:30 DEBUG 29656 --- [wireblog-backend] [nio-8080-exec-2] org.hibernate.SQL                        : 
    select
        nh1_0.id,
        nh1_0.category,
        nh1_0.fetched_at,
        nh1_0.image_url,
        nh1_0.published_at,
        nh1_0.source_name,
        nh1_0.source_url,
        nh1_0.title 
    from
        news_headlines nh1_0 
    where
        nh1_0.category=? 
    order by
        nh1_0.published_at desc 
    fetch
        first ? rows only
2026-07-11T12:28:19.174+05:30 DEBUG 29656 --- [wireblog-backend] [nio-8080-exec-2] org.hibernate.SQL                        : 
    select
        nh1_0.id,
        nh1_0.category,
        nh1_0.fetched_at,
        nh1_0.image_url,
        nh1_0.published_at,
        nh1_0.source_name,
        nh1_0.source_url,
        nh1_0.title 
    from
        news_headlines nh1_0 
    order by
        nh1_0.published_at desc 
    fetch
        first ? rows only
2026-07-11T12:28:19.185+05:30 DEBUG 29656 --- [wireblog-backend] [nio-8080-exec-2] m.m.a.RequestResponseBodyMethodProcessor : Using 'application/json', given [application/json, text/plain, */*] and supported [application/json, application/*+json]
2026-07-11T12:28:19.197+05:30 DEBUG 29656 --- [wireblog-backend] [nio-8080-exec-2] m.m.a.RequestResponseBodyMethodProcessor : Writing [[NewsHeadlineResponse[id=2, title=Archer gets into the World Cup spirit with clever run out, sourceU (truncated)...]
2026-07-11T12:28:19.206+05:30 DEBUG 29656 --- [wireblog-backend] [nio-8080-exec-2] o.s.web.servlet.DispatcherServlet        : Completed 200 OK
2026-07-11T12:28:20.185+05:30 DEBUG 29656 --- [wireblog-backend] [nio-8080-exec-1] o.s.web.servlet.DispatcherServlet        : GET "/api/news/headlines?category=science", parameters={masked}
2026-07-11T12:28:20.186+05:30 DEBUG 29656 --- [wireblog-backend] [nio-8080-exec-1] s.w.s.m.m.a.RequestMappingHandlerMapping : Mapped to com.wireblog.controller.NewsController#headlines(String)
2026-07-11T12:28:20.190+05:30 DEBUG 29656 --- [wireblog-backend] [nio-8080-exec-1] org.hibernate.SQL                        : 
    select
        nh1_0.id,
        nh1_0.category,
        nh1_0.fetched_at,
        nh1_0.image_url,
        nh1_0.published_at,
        nh1_0.source_name,
        nh1_0.source_url,
        nh1_0.title 
    from
        news_headlines nh1_0 
    where
        nh1_0.category=? 
    order by
        nh1_0.published_at desc 
    fetch
        first ? rows only
2026-07-11T12:28:20.201+05:30 DEBUG 29656 --- [wireblog-backend] [nio-8080-exec-1] org.hibernate.SQL                        : 
    select
        nh1_0.id,
        nh1_0.category,
        nh1_0.fetched_at,
        nh1_0.image_url,
        nh1_0.published_at,
        nh1_0.source_name,
        nh1_0.source_url,
        nh1_0.title 
    from
        news_headlines nh1_0 
    order by
        nh1_0.published_at desc 
    fetch
        first ? rows only
2026-07-11T12:28:20.289+05:30 DEBUG 29656 --- [wireblog-backend] [nio-8080-exec-1] m.m.a.RequestResponseBodyMethodProcessor : Using 'application/json', given [application/json, text/plain, */*] and supported [application/json, application/*+json]
2026-07-11T12:28:20.299+05:30 DEBUG 29656 --- [wireblog-backend] [nio-8080-exec-1] m.m.a.RequestResponseBodyMethodProcessor : Writing [[NewsHeadlineResponse[id=2, title=Archer gets into the World Cup spirit with clever run out, sourceU (truncated)...]
2026-07-11T12:28:20.302+05:30 DEBUG 29656 --- [wireblog-backend] [nio-8080-exec-1] o.s.web.servlet.DispatcherServlet        : Completed 200 OK
2026-07-11T12:28:20.973+05:30 DEBUG 29656 --- [wireblog-backend] [nio-8080-exec-5] o.s.web.servlet.DispatcherServlet        : GET "/api/news/headlines?category=health", parameters={masked}
2026-07-11T12:28:20.975+05:30 DEBUG 29656 --- [wireblog-backend] [nio-8080-exec-5] s.w.s.m.m.a.RequestMappingHandlerMapping : Mapped to com.wireblog.controller.NewsController#headlines(String)
2026-07-11T12:28:20.981+05:30 DEBUG 29656 --- [wireblog-backend] [nio-8080-exec-5] org.hibernate.SQL                        : 
    select
        nh1_0.id,
        nh1_0.category,
        nh1_0.fetched_at,
        nh1_0.image_url,
        nh1_0.published_at,
        nh1_0.source_name,
        nh1_0.source_url,
        nh1_0.title 
    from
        news_headlines nh1_0 
    where
        nh1_0.category=? 
    order by
        nh1_0.published_at desc 
    fetch
        first ? rows only
2026-07-11T12:28:20.987+05:30 DEBUG 29656 --- [wireblog-backend] [nio-8080-exec-5] org.hibernate.SQL                        : 
    select
        nh1_0.id,
        nh1_0.category,
        nh1_0.fetched_at,
        nh1_0.image_url,
        nh1_0.published_at,
        nh1_0.source_name,
        nh1_0.source_url,
        nh1_0.title 
    from
        news_headlines nh1_0 
    order by
        nh1_0.published_at desc 
    fetch
        first ? rows only
2026-07-11T12:28:21.095+05:30 DEBUG 29656 --- [wireblog-backend] [nio-8080-exec-5] m.m.a.RequestResponseBodyMethodProcessor : Using 'application/json', given [application/json, text/plain, */*] and supported [application/json, application/*+json]
2026-07-11T12:28:21.096+05:30 DEBUG 29656 --- [wireblog-backend] [nio-8080-exec-5] m.m.a.RequestResponseBodyMethodProcessor : Writing [[NewsHeadlineResponse[id=2, title=Archer gets into the World Cup spirit with clever run out, sourceU (truncated)...]
2026-07-11T12:28:21.115+05:30 DEBUG 29656 --- [wireblog-backend] [nio-8080-exec-5] o.s.web.servlet.DispatcherServlet        : Completed 200 OK
2026-07-11T12:28:22.452+05:30 DEBUG 29656 --- [wireblog-backend] [nio-8080-exec-7] o.s.web.servlet.DispatcherServlet        : GET "/api/news/headlines", parameters={}
2026-07-11T12:28:22.454+05:30 DEBUG 29656 --- [wireblog-backend] [nio-8080-exec-7] s.w.s.m.m.a.RequestMappingHandlerMapping : Mapped to com.wireblog.controller.NewsController#headlines(String)
2026-07-11T12:28:22.460+05:30 DEBUG 29656 --- [wireblog-backend] [nio-8080-exec-7] org.hibernate.SQL                        : 
    select
        nh1_0.id,
        nh1_0.category,
        nh1_0.fetched_at,
        nh1_0.image_url,
        nh1_0.published_at,
        nh1_0.source_name,
        nh1_0.source_url,
        nh1_0.title 
    from
        news_headlines nh1_0 
    order by
        nh1_0.published_at desc 
    fetch
        first ? rows only
2026-07-11T12:28:22.564+05:30 DEBUG 29656 --- [wireblog-backend] [nio-8080-exec-7] m.m.a.RequestResponseBodyMethodProcessor : Using 'application/json', given [application/json, text/plain, */*] and supported [application/json, application/*+json]
2026-07-11T12:28:22.579+05:30 DEBUG 29656 --- [wireblog-backend] [nio-8080-exec-7] m.m.a.RequestResponseBodyMethodProcessor : Writing [[NewsHeadlineResponse[id=2, title=Archer gets into the World Cup spirit with clever run out, sourceU (truncated)...]
2026-07-11T12:28:22.593+05:30 DEBUG 29656 --- [wireblog-backend] [nio-8080-exec-7] o.s.web.servlet.DispatcherServlet        : Completed 200 OK
2026-07-11T12:28:23.706+05:30 DEBUG 29656 --- [wireblog-backend] [nio-8080-exec-3] o.s.web.servlet.DispatcherServlet        : GET "/api/sponsorships/active?placement=FEED_BANNER", parameters={masked}
2026-07-11T12:28:23.707+05:30 DEBUG 29656 --- [wireblog-backend] [nio-8080-exec-1] o.s.web.servlet.DispatcherServlet        : GET "/api/sponsorships/active?placement=SIDEBAR", parameters={masked}
2026-07-11T12:28:23.707+05:30 DEBUG 29656 --- [wireblog-backend] [nio-8080-exec-2] o.s.web.servlet.DispatcherServlet        : GET "/api/posts?page=0&size=13", parameters={masked}
2026-07-11T12:28:23.707+05:30 DEBUG 29656 --- [wireblog-backend] [nio-8080-exec-3] s.w.s.m.m.a.RequestMappingHandlerMapping : Mapped to com.wireblog.controller.SponsorshipController#active(String)
2026-07-11T12:28:23.708+05:30 DEBUG 29656 --- [wireblog-backend] [nio-8080-exec-1] s.w.s.m.m.a.RequestMappingHandlerMapping : Mapped to com.wireblog.controller.SponsorshipController#active(String)
2026-07-11T12:28:23.708+05:30 DEBUG 29656 --- [wireblog-backend] [nio-8080-exec-2] s.w.s.m.m.a.RequestMappingHandlerMapping : Mapped to com.wireblog.controller.PostController#list(int, int, String, String)
2026-07-11T12:28:23.711+05:30 DEBUG 29656 --- [wireblog-backend] [nio-8080-exec-1] org.hibernate.SQL                        : 
    select
        s1_0.id,
        s1_0.brand_name,
        s1_0.clicks,
        s1_0.created_at,
        s1_0.creative_image_url,
        s1_0.end_date,
        s1_0.headline,
        s1_0.impressions,
        s1_0.placement,
        s1_0.start_date,
        s1_0.status,
        s1_0.target_url 
    from
        sponsorships s1_0 
    where
        s1_0.placement=? 
        and s1_0.status=? 
        and s1_0.start_date<=? 
        and s1_0.end_date>=?
2026-07-11T12:28:23.711+05:30 DEBUG 29656 --- [wireblog-backend] [nio-8080-exec-2] org.hibernate.SQL                        : 
    select
        p1_0.id,
        p1_0.author_id,
        p1_0.content,
        p1_0.cover_image_url,
        p1_0.created_at,
        p1_0.excerpt,
        p1_0.published_at,
        p1_0.share_count,
        p1_0.slug,
        p1_0.status,
        p1_0.title,
        p1_0.updated_at,
        p1_0.view_count 
    from
        posts p1_0 
    where
        p1_0.status=? 
    order by
        p1_0.created_at desc 
    fetch
        first ? rows only
2026-07-11T12:28:23.716+05:30 DEBUG 29656 --- [wireblog-backend] [nio-8080-exec-1] m.m.a.RequestResponseBodyMethodProcessor : Using 'application/json', given [application/json, text/plain, */*] and supported [application/json, application/*+json]
2026-07-11T12:28:23.716+05:30 DEBUG 29656 --- [wireblog-backend] [nio-8080-exec-1] m.m.a.RequestResponseBodyMethodProcessor : Writing [[]]
2026-07-11T12:28:23.717+05:30 DEBUG 29656 --- [wireblog-backend] [nio-8080-exec-1] o.s.web.servlet.DispatcherServlet        : Completed 200 OK
2026-07-11T12:28:23.718+05:30 DEBUG 29656 --- [wireblog-backend] [nio-8080-exec-2] org.hibernate.SQL                        : 
    select
        count(c1_0.id) 
    from
        comments c1_0 
    where
        c1_0.post_id=?
2026-07-11T12:28:23.720+05:30 DEBUG 29656 --- [wireblog-backend] [nio-8080-exec-2] org.hibernate.SQL                        : 
    select
        t1_0.post_id,
        t1_0.tag 
    from
        post_tags t1_0 
    where
        t1_0.post_id=?
2026-07-11T12:28:23.723+05:30 DEBUG 29656 --- [wireblog-backend] [nio-8080-exec-2] org.hibernate.SQL                        : 
    select
        u1_0.id,
        u1_0.avatar_url,
        u1_0.bio,
        u1_0.created_at,
        u1_0.display_name,
        u1_0.email,
        u1_0.email_verified,
        u1_0.enabled,
        u1_0.handle,
        u1_0.password_hash,
        u1_0.password_reset_expires_at,
        u1_0.password_reset_token,
        u1_0.role,
        u1_0.verification_token 
    from
        users u1_0 
    where
        u1_0.id=?
2026-07-11T12:28:23.726+05:30 DEBUG 29656 --- [wireblog-backend] [nio-8080-exec-2] org.hibernate.SQL                        : 
    select
        count(c1_0.id) 
    from
        comments c1_0 
    where
        c1_0.post_id=?
2026-07-11T12:28:23.738+05:30 DEBUG 29656 --- [wireblog-backend] [nio-8080-exec-2] org.hibernate.SQL                        : 
    select
        t1_0.post_id,
        t1_0.tag 
    from
        post_tags t1_0 
    where
        t1_0.post_id=?
2026-07-11T12:28:23.749+05:30 DEBUG 29656 --- [wireblog-backend] [nio-8080-exec-2] org.hibernate.SQL                        : 
    select
        u1_0.id,
        u1_0.avatar_url,
        u1_0.bio,
        u1_0.created_at,
        u1_0.display_name,
        u1_0.email,
        u1_0.email_verified,
        u1_0.enabled,
        u1_0.handle,
        u1_0.password_hash,
        u1_0.password_reset_expires_at,
        u1_0.password_reset_token,
        u1_0.role,
        u1_0.verification_token 
    from
        users u1_0 
    where
        u1_0.id=?
2026-07-11T12:28:23.752+05:30 DEBUG 29656 --- [wireblog-backend] [nio-8080-exec-2] m.m.a.RequestResponseBodyMethodProcessor : Using 'application/json', given [application/json, text/plain, */*] and supported [application/json, application/*+json]
2026-07-11T12:28:23.752+05:30 DEBUG 29656 --- [wireblog-backend] [nio-8080-exec-2] m.m.a.RequestResponseBodyMethodProcessor : Writing [Page 1 of 1 containing com.wireblog.dto.PostSummaryResponse instances]
2026-07-11T12:28:23.754+05:30 DEBUG 29656 --- [wireblog-backend] [nio-8080-exec-2] o.s.web.servlet.DispatcherServlet        : Completed 200 OK
2026-07-11T12:28:23.777+05:30 DEBUG 29656 --- [wireblog-backend] [nio-8080-exec-3] org.hibernate.SQL                        : 
    select
        s1_0.id,
        s1_0.brand_name,
        s1_0.clicks,
        s1_0.created_at,
        s1_0.creative_image_url,
        s1_0.end_date,
        s1_0.headline,
        s1_0.impressions,
        s1_0.placement,
        s1_0.start_date,
        s1_0.status,
        s1_0.target_url 
    from
        sponsorships s1_0 
    where
        s1_0.placement=? 
        and s1_0.status=? 
        and s1_0.start_date<=? 
        and s1_0.end_date>=?
2026-07-11T12:28:23.787+05:30 DEBUG 29656 --- [wireblog-backend] [nio-8080-exec-3] m.m.a.RequestResponseBodyMethodProcessor : Using 'application/json', given [application/json, text/plain, */*] and supported [application/json, application/*+json]
2026-07-11T12:28:23.797+05:30 DEBUG 29656 --- [wireblog-backend] [nio-8080-exec-3] m.m.a.RequestResponseBodyMethodProcessor : Writing [[]]
2026-07-11T12:28:23.801+05:30 DEBUG 29656 --- [wireblog-backend] [nio-8080-exec-3] o.s.web.servlet.DispatcherServlet        : Completed 200 OK
2026-07-11T12:28:26.703+05:30 DEBUG 29656 --- [wireblog-backend] [nio-8080-exec-5] o.s.web.servlet.DispatcherServlet        : GET "/api/posts/mine?page=0&size=20", parameters={masked}
2026-07-11T12:28:26.704+05:30 DEBUG 29656 --- [wireblog-backend] [nio-8080-exec-5] s.w.s.m.m.a.RequestMappingHandlerMapping : Mapped to com.wireblog.controller.PostController#mine(int, int)
2026-07-11T12:28:26.708+05:30 DEBUG 29656 --- [wireblog-backend] [nio-8080-exec-5] org.hibernate.SQL                        : 
    select
        u1_0.id,
        u1_0.avatar_url,
        u1_0.bio,
        u1_0.created_at,
        u1_0.display_name,
        u1_0.email,
        u1_0.email_verified,
        u1_0.enabled,
        u1_0.handle,
        u1_0.password_hash,
        u1_0.password_reset_expires_at,
        u1_0.password_reset_token,
        u1_0.role,
        u1_0.verification_token 
    from
        users u1_0 
    where
        u1_0.email=?
2026-07-11T12:28:26.716+05:30 DEBUG 29656 --- [wireblog-backend] [nio-8080-exec-5] org.hibernate.SQL                        : 
    select
        p1_0.id,
        p1_0.author_id,
        p1_0.content,
        p1_0.cover_image_url,
        p1_0.created_at,
        p1_0.excerpt,
        p1_0.published_at,
        p1_0.share_count,
        p1_0.slug,
        p1_0.status,
        p1_0.title,
        p1_0.updated_at,
        p1_0.view_count 
    from
        posts p1_0 
    where
        p1_0.author_id=? 
    order by
        p1_0.created_at desc 
    fetch
        first ? rows only
2026-07-11T12:28:26.725+05:30 DEBUG 29656 --- [wireblog-backend] [nio-8080-exec-5] org.hibernate.SQL                        : 
    select
        count(c1_0.id) 
    from
        comments c1_0 
    where
        c1_0.post_id=?
2026-07-11T12:28:26.819+05:30 DEBUG 29656 --- [wireblog-backend] [nio-8080-exec-5] org.hibernate.SQL                        : 
    select
        t1_0.post_id,
        t1_0.tag 
    from
        post_tags t1_0 
    where
        t1_0.post_id=?
2026-07-11T12:28:26.834+05:30 DEBUG 29656 --- [wireblog-backend] [nio-8080-exec-5] m.m.a.RequestResponseBodyMethodProcessor : Using 'application/json', given [application/json, text/plain, */*] and supported [application/json, application/*+json]
2026-07-11T12:28:26.841+05:30 DEBUG 29656 --- [wireblog-backend] [nio-8080-exec-5] m.m.a.RequestResponseBodyMethodProcessor : Writing [Page 1 of 1 containing com.wireblog.dto.PostSummaryResponse instances]
2026-07-11T12:28:26.843+05:30 DEBUG 29656 --- [wireblog-backend] [nio-8080-exec-5] o.s.web.servlet.DispatcherServlet        : Completed 200 OK
2026-07-11T12:28:29.252+05:30 DEBUG 29656 --- [wireblog-backend] [io-8080-exec-10] o.s.web.servlet.DispatcherServlet        : GET "/api/sponsorships/active?placement=SIDEBAR", parameters={masked}
2026-07-11T12:28:29.257+05:30 DEBUG 29656 --- [wireblog-backend] [io-8080-exec-10] s.w.s.m.m.a.RequestMappingHandlerMapping : Mapped to com.wireblog.controller.SponsorshipController#active(String)
2026-07-11T12:28:29.267+05:30 DEBUG 29656 --- [wireblog-backend] [nio-8080-exec-9] o.s.web.servlet.DispatcherServlet        : GET "/api/posts?page=0&size=13", parameters={masked}
2026-07-11T12:28:29.268+05:30 DEBUG 29656 --- [wireblog-backend] [nio-8080-exec-1] o.s.web.servlet.DispatcherServlet        : GET "/api/sponsorships/active?placement=FEED_BANNER", parameters={masked}
2026-07-11T12:28:29.269+05:30 DEBUG 29656 --- [wireblog-backend] [io-8080-exec-10] org.hibernate.SQL                        : 
    select
        s1_0.id,
        s1_0.brand_name,
        s1_0.clicks,
        s1_0.created_at,
        s1_0.creative_image_url,
        s1_0.end_date,
        s1_0.headline,
        s1_0.impressions,
        s1_0.placement,
        s1_0.start_date,
        s1_0.status,
        s1_0.target_url 
    from
        sponsorships s1_0 
    where
        s1_0.placement=? 
        and s1_0.status=? 
        and s1_0.start_date<=? 
        and s1_0.end_date>=?
2026-07-11T12:28:29.360+05:30 DEBUG 29656 --- [wireblog-backend] [nio-8080-exec-9] s.w.s.m.m.a.RequestMappingHandlerMapping : Mapped to com.wireblog.controller.PostController#list(int, int, String, String)
2026-07-11T12:28:29.364+05:30 DEBUG 29656 --- [wireblog-backend] [nio-8080-exec-1] s.w.s.m.m.a.RequestMappingHandlerMapping : Mapped to com.wireblog.controller.SponsorshipController#active(String)
2026-07-11T12:28:29.367+05:30 DEBUG 29656 --- [wireblog-backend] [io-8080-exec-10] m.m.a.RequestResponseBodyMethodProcessor : Using 'application/json', given [application/json, text/plain, */*] and supported [application/json, application/*+json]
2026-07-11T12:28:29.368+05:30 DEBUG 29656 --- [wireblog-backend] [io-8080-exec-10] m.m.a.RequestResponseBodyMethodProcessor : Writing [[]]
2026-07-11T12:28:29.370+05:30 DEBUG 29656 --- [wireblog-backend] [io-8080-exec-10] o.s.web.servlet.DispatcherServlet        : Completed 200 OK
2026-07-11T12:28:29.371+05:30 DEBUG 29656 --- [wireblog-backend] [nio-8080-exec-9] org.hibernate.SQL                        : 
    select
        p1_0.id,
        p1_0.author_id,
        p1_0.content,
        p1_0.cover_image_url,
        p1_0.created_at,
        p1_0.excerpt,
        p1_0.published_at,
        p1_0.share_count,
        p1_0.slug,
        p1_0.status,
        p1_0.title,
        p1_0.updated_at,
        p1_0.view_count 
    from
        posts p1_0 
    where
        p1_0.status=? 
    order by
        p1_0.created_at desc 
    fetch
        first ? rows only
2026-07-11T12:28:29.377+05:30 DEBUG 29656 --- [wireblog-backend] [nio-8080-exec-1] org.hibernate.SQL                        : 
    select
        s1_0.id,
        s1_0.brand_name,
        s1_0.clicks,
        s1_0.created_at,
        s1_0.creative_image_url,
        s1_0.end_date,
        s1_0.headline,
        s1_0.impressions,
        s1_0.placement,
        s1_0.start_date,
        s1_0.status,
        s1_0.target_url 
    from
        sponsorships s1_0 
    where
        s1_0.placement=? 
        and s1_0.status=? 
        and s1_0.start_date<=? 
        and s1_0.end_date>=?
2026-07-11T12:28:29.385+05:30 DEBUG 29656 --- [wireblog-backend] [nio-8080-exec-1] m.m.a.RequestResponseBodyMethodProcessor : Using 'application/json', given [application/json, text/plain, */*] and supported [application/json, application/*+json]
2026-07-11T12:28:29.389+05:30 DEBUG 29656 --- [wireblog-backend] [nio-8080-exec-9] org.hibernate.SQL                        : 
    select
        count(c1_0.id) 
    from
        comments c1_0 
    where
        c1_0.post_id=?
2026-07-11T12:28:29.392+05:30 DEBUG 29656 --- [wireblog-backend] [nio-8080-exec-1] m.m.a.RequestResponseBodyMethodProcessor : Writing [[]]
2026-07-11T12:28:29.397+05:30 DEBUG 29656 --- [wireblog-backend] [nio-8080-exec-1] o.s.web.servlet.DispatcherServlet        : Completed 200 OK
2026-07-11T12:28:29.398+05:30 DEBUG 29656 --- [wireblog-backend] [nio-8080-exec-9] org.hibernate.SQL                        : 
    select
        t1_0.post_id,
        t1_0.tag 
    from
        post_tags t1_0 
    where
        t1_0.post_id=?
2026-07-11T12:28:29.401+05:30 DEBUG 29656 --- [wireblog-backend] [nio-8080-exec-9] org.hibernate.SQL                        : 
    select
        u1_0.id,
        u1_0.avatar_url,
        u1_0.bio,
        u1_0.created_at,
        u1_0.display_name,
        u1_0.email,
        u1_0.email_verified,
        u1_0.enabled,
        u1_0.handle,
        u1_0.password_hash,
        u1_0.password_reset_expires_at,
        u1_0.password_reset_token,
        u1_0.role,
        u1_0.verification_token 
    from
        users u1_0 
    where
        u1_0.id=?
2026-07-11T12:28:29.409+05:30 DEBUG 29656 --- [wireblog-backend] [nio-8080-exec-9] org.hibernate.SQL                        : 
    select
        count(c1_0.id) 
    from
        comments c1_0 
    where
        c1_0.post_id=?
2026-07-11T12:28:29.417+05:30 DEBUG 29656 --- [wireblog-backend] [nio-8080-exec-9] org.hibernate.SQL                        : 
    select
        t1_0.post_id,
        t1_0.tag 
    from
        post_tags t1_0 
    where
        t1_0.post_id=?
2026-07-11T12:28:29.419+05:30 DEBUG 29656 --- [wireblog-backend] [nio-8080-exec-9] org.hibernate.SQL                        : 
    select
        u1_0.id,
        u1_0.avatar_url,
        u1_0.bio,
        u1_0.created_at,
        u1_0.display_name,
        u1_0.email,
        u1_0.email_verified,
        u1_0.enabled,
        u1_0.handle,
        u1_0.password_hash,
        u1_0.password_reset_expires_at,
        u1_0.password_reset_token,
        u1_0.role,
        u1_0.verification_token 
    from
        users u1_0 
    where
        u1_0.id=?
2026-07-11T12:28:29.424+05:30 DEBUG 29656 --- [wireblog-backend] [nio-8080-exec-9] m.m.a.RequestResponseBodyMethodProcessor : Using 'application/json', given [application/json, text/plain, */*] and supported [application/json, application/*+json]
2026-07-11T12:28:29.425+05:30 DEBUG 29656 --- [wireblog-backend] [nio-8080-exec-9] m.m.a.RequestResponseBodyMethodProcessor : Writing [Page 1 of 1 containing com.wireblog.dto.PostSummaryResponse instances]
2026-07-11T12:28:29.428+05:30 DEBUG 29656 --- [wireblog-backend] [nio-8080-exec-9] o.s.web.servlet.DispatcherServlet        : Completed 200 OK
2026-07-11T12:28:36.706+05:30 DEBUG 29656 --- [wireblog-backend] [nio-8080-exec-4] o.s.web.servlet.DispatcherServlet        : GET "/api/posts/ai-agents-are-becoming-the-new-work-interface-in-2026", parameters={}
2026-07-11T12:28:36.707+05:30 DEBUG 29656 --- [wireblog-backend] [nio-8080-exec-5] o.s.web.servlet.DispatcherServlet        : GET "/api/sponsorships/active?placement=POST_INLINE", parameters={masked}
2026-07-11T12:28:36.708+05:30 DEBUG 29656 --- [wireblog-backend] [nio-8080-exec-4] s.w.s.m.m.a.RequestMappingHandlerMapping : Mapped to com.wireblog.controller.PostController#getOne(String)
2026-07-11T12:28:36.708+05:30 DEBUG 29656 --- [wireblog-backend] [nio-8080-exec-5] s.w.s.m.m.a.RequestMappingHandlerMapping : Mapped to com.wireblog.controller.SponsorshipController#active(String)
2026-07-11T12:28:36.714+05:30 DEBUG 29656 --- [wireblog-backend] [nio-8080-exec-4] org.hibernate.SQL                        : 
    select
        p1_0.id,
        p1_0.author_id,
        p1_0.content,
        p1_0.cover_image_url,
        p1_0.created_at,
        p1_0.excerpt,
        p1_0.published_at,
        p1_0.share_count,
        p1_0.slug,
        p1_0.status,
        p1_0.title,
        p1_0.updated_at,
        p1_0.view_count 
    from
        posts p1_0 
    where
        p1_0.slug=?
2026-07-11T12:28:36.718+05:30 DEBUG 29656 --- [wireblog-backend] [nio-8080-exec-5] org.hibernate.SQL                        : 
    select
        s1_0.id,
        s1_0.brand_name,
        s1_0.clicks,
        s1_0.created_at,
        s1_0.creative_image_url,
        s1_0.end_date,
        s1_0.headline,
        s1_0.impressions,
        s1_0.placement,
        s1_0.start_date,
        s1_0.status,
        s1_0.target_url 
    from
        sponsorships s1_0 
    where
        s1_0.placement=? 
        and s1_0.status=? 
        and s1_0.start_date<=? 
        and s1_0.end_date>=?
2026-07-11T12:28:36.722+05:30 DEBUG 29656 --- [wireblog-backend] [nio-8080-exec-5] m.m.a.RequestResponseBodyMethodProcessor : Using 'application/json', given [application/json, text/plain, */*] and supported [application/json, application/*+json]
2026-07-11T12:28:36.726+05:30 DEBUG 29656 --- [wireblog-backend] [nio-8080-exec-4] org.hibernate.SQL                        : 
    select
        count(c1_0.id) 
    from
        comments c1_0 
    where
        c1_0.post_id=?
2026-07-11T12:28:36.813+05:30 DEBUG 29656 --- [wireblog-backend] [nio-8080-exec-5] m.m.a.RequestResponseBodyMethodProcessor : Writing [[]]
2026-07-11T12:28:36.814+05:30 DEBUG 29656 --- [wireblog-backend] [nio-8080-exec-5] o.s.web.servlet.DispatcherServlet        : Completed 200 OK
2026-07-11T12:28:36.815+05:30 DEBUG 29656 --- [wireblog-backend] [nio-8080-exec-4] org.hibernate.SQL                        : 
    select
        t1_0.post_id,
        t1_0.tag 
    from
        post_tags t1_0 
    where
        t1_0.post_id=?
2026-07-11T12:28:36.819+05:30 DEBUG 29656 --- [wireblog-backend] [nio-8080-exec-4] org.hibernate.SQL                        : 
    select
        u1_0.id,
        u1_0.avatar_url,
        u1_0.bio,
        u1_0.created_at,
        u1_0.display_name,
        u1_0.email,
        u1_0.email_verified,
        u1_0.enabled,
        u1_0.handle,
        u1_0.password_hash,
        u1_0.password_reset_expires_at,
        u1_0.password_reset_token,
        u1_0.role,
        u1_0.verification_token 
    from
        users u1_0 
    where
        u1_0.id=?
2026-07-11T12:28:36.822+05:30 DEBUG 29656 --- [wireblog-backend] [nio-8080-exec-4] org.hibernate.SQL                        : 
    update
        posts 
    set
        author_id=?,
        content=?,
        cover_image_url=?,
        created_at=?,
        excerpt=?,
        published_at=?,
        share_count=?,
        slug=?,
        status=?,
        title=?,
        updated_at=?,
        view_count=? 
    where
        id=?
2026-07-11T12:28:36.834+05:30 DEBUG 29656 --- [wireblog-backend] [nio-8080-exec-4] m.m.a.RequestResponseBodyMethodProcessor : Using 'application/json', given [application/json, text/plain, */*] and supported [application/json, application/*+json]
2026-07-11T12:28:36.836+05:30 DEBUG 29656 --- [wireblog-backend] [nio-8080-exec-4] m.m.a.RequestResponseBodyMethodProcessor : Writing [PostDetailResponse[id=2, title=AI Agents Are Becoming the New Work Interface in 2026, slug=ai-agents (truncated)...]
2026-07-11T12:28:36.838+05:30 DEBUG 29656 --- [wireblog-backend] [nio-8080-exec-4] o.s.web.servlet.DispatcherServlet        : Completed 200 OK
2026-07-11T12:28:36.852+05:30 DEBUG 29656 --- [wireblog-backend] [nio-8080-exec-8] o.s.web.servlet.DispatcherServlet        : GET "/api/comments/post/2", parameters={}
2026-07-11T12:28:36.853+05:30 DEBUG 29656 --- [wireblog-backend] [nio-8080-exec-8] s.w.s.m.m.a.RequestMappingHandlerMapping : Mapped to com.wireblog.controller.CommentController#forPost(Long)
2026-07-11T12:28:36.856+05:30 DEBUG 29656 --- [wireblog-backend] [nio-8080-exec-8] org.hibernate.SQL                        : 
    select
        c1_0.id,
        c1_0.author_id,
        c1_0.body,
        c1_0.created_at,
        c1_0.flagged,
        c1_0.parent_id,
        c1_0.post_id 
    from
        comments c1_0 
    where
        c1_0.post_id=? 
    order by
        c1_0.created_at
2026-07-11T12:28:36.858+05:30 DEBUG 29656 --- [wireblog-backend] [nio-8080-exec-8] .m.m.a.ExceptionHandlerExceptionResolver : Using @ExceptionHandler com.wireblog.exception.GlobalExceptionHandler#handleGeneric(Exception, HttpServletRequest)
2026-07-11T12:28:36.859+05:30 DEBUG 29656 --- [wireblog-backend] [nio-8080-exec-8] o.s.w.s.m.m.a.HttpEntityMethodProcessor  : Using 'application/json', given [application/json, text/plain, */*] and supported [application/json, application/*+json]
2026-07-11T12:28:36.860+05:30 DEBUG 29656 --- [wireblog-backend] [nio-8080-exec-8] o.s.w.s.m.m.a.HttpEntityMethodProcessor  : Writing [ApiError[timestamp=2026-07-11T06:58:36.859570300Z, status=500, error=Internal Server Error, message= (truncated)...]
2026-07-11T12:28:36.860+05:30 DEBUG 29656 --- [wireblog-backend] [nio-8080-exec-8] .m.m.a.ExceptionHandlerExceptionResolver : Resolved [org.springframework.orm.jpa.JpaSystemException: Unable to access lob stream]
2026-07-11T12:28:36.861+05:30 DEBUG 29656 --- [wireblog-backend] [nio-8080-exec-8] o.s.web.servlet.DispatcherServlet        : Completed 500 INTERNAL_SERVER_ERROR
2026-07-11T12:29:31.872+05:30 DEBUG 29656 --- [wireblog-backend] [nio-8080-exec-3] o.s.web.servlet.DispatcherServlet        : GET "/api/sponsorships/active?placement=FEED_BANNER", parameters={masked}
2026-07-11T12:29:31.872+05:30 DEBUG 29656 --- [wireblog-backend] [nio-8080-exec-2] o.s.web.servlet.DispatcherServlet        : GET "/api/posts?page=0&size=13", parameters={masked}
2026-07-11T12:29:31.872+05:30 DEBUG 29656 --- [wireblog-backend] [nio-8080-exec-5] o.s.web.servlet.DispatcherServlet        : GET "/api/sponsorships/active?placement=SIDEBAR", parameters={masked}
2026-07-11T12:29:32.161+05:30 DEBUG 29656 --- [wireblog-backend] [nio-8080-exec-3] s.w.s.m.m.a.RequestMappingHandlerMapping : Mapped to com.wireblog.controller.SponsorshipController#active(String)
2026-07-11T12:29:32.161+05:30 DEBUG 29656 --- [wireblog-backend] [nio-8080-exec-2] s.w.s.m.m.a.RequestMappingHandlerMapping : Mapped to com.wireblog.controller.PostController#list(int, int, String, String)
2026-07-11T12:29:32.162+05:30 DEBUG 29656 --- [wireblog-backend] [nio-8080-exec-5] s.w.s.m.m.a.RequestMappingHandlerMapping : Mapped to com.wireblog.controller.SponsorshipController#active(String)
2026-07-11T12:29:32.166+05:30 DEBUG 29656 --- [wireblog-backend] [nio-8080-exec-3] org.hibernate.SQL                        : 
    select
        s1_0.id,
        s1_0.brand_name,
        s1_0.clicks,
        s1_0.created_at,
        s1_0.creative_image_url,
        s1_0.end_date,
        s1_0.headline,
        s1_0.impressions,
        s1_0.placement,
        s1_0.start_date,
        s1_0.status,
        s1_0.target_url 
    from
        sponsorships s1_0 
    where
        s1_0.placement=? 
        and s1_0.status=? 
        and s1_0.start_date<=? 
        and s1_0.end_date>=?
2026-07-11T12:29:32.166+05:30 DEBUG 29656 --- [wireblog-backend] [nio-8080-exec-2] org.hibernate.SQL                        : 
    select
        p1_0.id,
        p1_0.author_id,
        p1_0.content,
        p1_0.cover_image_url,
        p1_0.created_at,
        p1_0.excerpt,
        p1_0.published_at,
        p1_0.share_count,
        p1_0.slug,
        p1_0.status,
        p1_0.title,
        p1_0.updated_at,
        p1_0.view_count 
    from
        posts p1_0 
    where
        p1_0.status=? 
    order by
        p1_0.created_at desc 
    fetch
        first ? rows only
2026-07-11T12:29:32.166+05:30 DEBUG 29656 --- [wireblog-backend] [nio-8080-exec-5] org.hibernate.SQL                        : 
    select
        s1_0.id,
        s1_0.brand_name,
        s1_0.clicks,
        s1_0.created_at,
        s1_0.creative_image_url,
        s1_0.end_date,
        s1_0.headline,
        s1_0.impressions,
        s1_0.placement,
        s1_0.start_date,
        s1_0.status,
        s1_0.target_url 
    from
        sponsorships s1_0 
    where
        s1_0.placement=? 
        and s1_0.status=? 
        and s1_0.start_date<=? 
        and s1_0.end_date>=?
2026-07-11T12:29:32.169+05:30 DEBUG 29656 --- [wireblog-backend] [nio-8080-exec-3] m.m.a.RequestResponseBodyMethodProcessor : Using 'application/json', given [application/json, text/plain, */*] and supported [application/json, application/*+json]
2026-07-11T12:29:32.169+05:30 DEBUG 29656 --- [wireblog-backend] [nio-8080-exec-5] m.m.a.RequestResponseBodyMethodProcessor : Using 'application/json', given [application/json, text/plain, */*] and supported [application/json, application/*+json]
2026-07-11T12:29:32.170+05:30 DEBUG 29656 --- [wireblog-backend] [nio-8080-exec-3] m.m.a.RequestResponseBodyMethodProcessor : Writing [[]]
2026-07-11T12:29:32.170+05:30 DEBUG 29656 --- [wireblog-backend] [nio-8080-exec-5] m.m.a.RequestResponseBodyMethodProcessor : Writing [[]]
2026-07-11T12:29:32.171+05:30 DEBUG 29656 --- [wireblog-backend] [nio-8080-exec-3] o.s.web.servlet.DispatcherServlet        : Completed 200 OK
2026-07-11T12:29:32.172+05:30 DEBUG 29656 --- [wireblog-backend] [nio-8080-exec-5] o.s.web.servlet.DispatcherServlet        : Completed 200 OK
2026-07-11T12:29:32.177+05:30 DEBUG 29656 --- [wireblog-backend] [nio-8080-exec-2] org.hibernate.SQL                        : 
    select
        count(c1_0.id) 
    from
        comments c1_0 
    where
        c1_0.post_id=?
2026-07-11T12:29:32.178+05:30 DEBUG 29656 --- [wireblog-backend] [nio-8080-exec-2] org.hibernate.SQL                        : 
    select
        t1_0.post_id,
        t1_0.tag 
    from
        post_tags t1_0 
    where
        t1_0.post_id=?
2026-07-11T12:29:32.185+05:30 DEBUG 29656 --- [wireblog-backend] [nio-8080-exec-2] org.hibernate.SQL                        : 
    select
        u1_0.id,
        u1_0.avatar_url,
        u1_0.bio,
        u1_0.created_at,
        u1_0.display_name,
        u1_0.email,
        u1_0.email_verified,
        u1_0.enabled,
        u1_0.handle,
        u1_0.password_hash,
        u1_0.password_reset_expires_at,
        u1_0.password_reset_token,
        u1_0.role,
        u1_0.verification_token 
    from
        users u1_0 
    where
        u1_0.id=?
2026-07-11T12:29:32.188+05:30 DEBUG 29656 --- [wireblog-backend] [nio-8080-exec-2] org.hibernate.SQL                        : 
    select
        count(c1_0.id) 
    from
        comments c1_0 
    where
        c1_0.post_id=?
2026-07-11T12:29:32.190+05:30 DEBUG 29656 --- [wireblog-backend] [nio-8080-exec-2] org.hibernate.SQL                        : 
    select
        t1_0.post_id,
        t1_0.tag 
    from
        post_tags t1_0 
    where
        t1_0.post_id=?
2026-07-11T12:29:32.192+05:30 DEBUG 29656 --- [wireblog-backend] [nio-8080-exec-2] org.hibernate.SQL                        : 
    select
        u1_0.id,
        u1_0.avatar_url,
        u1_0.bio,
        u1_0.created_at,
        u1_0.display_name,
        u1_0.email,
        u1_0.email_verified,
        u1_0.enabled,
        u1_0.handle,
        u1_0.password_hash,
        u1_0.password_reset_expires_at,
        u1_0.password_reset_token,
        u1_0.role,
        u1_0.verification_token 
    from
        users u1_0 
    where
        u1_0.id=?
2026-07-11T12:29:32.195+05:30 DEBUG 29656 --- [wireblog-backend] [nio-8080-exec-2] m.m.a.RequestResponseBodyMethodProcessor : Using 'application/json', given [application/json, text/plain, */*] and supported [application/json, application/*+json]
2026-07-11T12:29:32.196+05:30 DEBUG 29656 --- [wireblog-backend] [nio-8080-exec-2] m.m.a.RequestResponseBodyMethodProcessor : Writing [Page 1 of 1 containing com.wireblog.dto.PostSummaryResponse instances]
2026-07-11T12:29:32.197+05:30 DEBUG 29656 --- [wireblog-backend] [nio-8080-exec-2] o.s.web.servlet.DispatcherServlet        : Completed 200 OK
2026-07-11T12:29:37.677+05:30 DEBUG 29656 --- [wireblog-backend] [nio-8080-exec-6] o.s.web.servlet.DispatcherServlet        : GET "/api/posts/ai-agents-are-becoming-the-new-work-interface-in-2026", parameters={}
2026-07-11T12:29:37.677+05:30 DEBUG 29656 --- [wireblog-backend] [nio-8080-exec-8] o.s.web.servlet.DispatcherServlet        : GET "/api/sponsorships/active?placement=POST_INLINE", parameters={masked}
2026-07-11T12:29:37.682+05:30 DEBUG 29656 --- [wireblog-backend] [nio-8080-exec-6] s.w.s.m.m.a.RequestMappingHandlerMapping : Mapped to com.wireblog.controller.PostController#getOne(String)
2026-07-11T12:29:37.682+05:30 DEBUG 29656 --- [wireblog-backend] [nio-8080-exec-8] s.w.s.m.m.a.RequestMappingHandlerMapping : Mapped to com.wireblog.controller.SponsorshipController#active(String)
2026-07-11T12:29:37.692+05:30 DEBUG 29656 --- [wireblog-backend] [nio-8080-exec-6] org.hibernate.SQL                        : 
    select
        p1_0.id,
        p1_0.author_id,
        p1_0.content,
        p1_0.cover_image_url,
        p1_0.created_at,
        p1_0.excerpt,
        p1_0.published_at,
        p1_0.share_count,
        p1_0.slug,
        p1_0.status,
        p1_0.title,
        p1_0.updated_at,
        p1_0.view_count 
    from
        posts p1_0 
    where
        p1_0.slug=?
2026-07-11T12:29:37.692+05:30 DEBUG 29656 --- [wireblog-backend] [nio-8080-exec-8] org.hibernate.SQL                        : 
    select
        s1_0.id,
        s1_0.brand_name,
        s1_0.clicks,
        s1_0.created_at,
        s1_0.creative_image_url,
        s1_0.end_date,
        s1_0.headline,
        s1_0.impressions,
        s1_0.placement,
        s1_0.start_date,
        s1_0.status,
        s1_0.target_url 
    from
        sponsorships s1_0 
    where
        s1_0.placement=? 
        and s1_0.status=? 
        and s1_0.start_date<=? 
        and s1_0.end_date>=?
2026-07-11T12:29:37.704+05:30 DEBUG 29656 --- [wireblog-backend] [nio-8080-exec-8] m.m.a.RequestResponseBodyMethodProcessor : Using 'application/json', given [application/json, text/plain, */*] and supported [application/json, application/*+json]
2026-07-11T12:29:37.706+05:30 DEBUG 29656 --- [wireblog-backend] [nio-8080-exec-6] org.hibernate.SQL                        : 
    select
        count(c1_0.id) 
    from
        comments c1_0 
    where
        c1_0.post_id=?
2026-07-11T12:29:37.791+05:30 DEBUG 29656 --- [wireblog-backend] [nio-8080-exec-8] m.m.a.RequestResponseBodyMethodProcessor : Writing [[]]
2026-07-11T12:29:37.793+05:30 DEBUG 29656 --- [wireblog-backend] [nio-8080-exec-8] o.s.web.servlet.DispatcherServlet        : Completed 200 OK
2026-07-11T12:29:37.793+05:30 DEBUG 29656 --- [wireblog-backend] [nio-8080-exec-6] org.hibernate.SQL                        : 
    select
        t1_0.post_id,
        t1_0.tag 
    from
        post_tags t1_0 
    where
        t1_0.post_id=?
2026-07-11T12:29:37.797+05:30 DEBUG 29656 --- [wireblog-backend] [nio-8080-exec-6] org.hibernate.SQL                        : 
    select
        u1_0.id,
        u1_0.avatar_url,
        u1_0.bio,
        u1_0.created_at,
        u1_0.display_name,
        u1_0.email,
        u1_0.email_verified,
        u1_0.enabled,
        u1_0.handle,
        u1_0.password_hash,
        u1_0.password_reset_expires_at,
        u1_0.password_reset_token,
        u1_0.role,
        u1_0.verification_token 
    from
        users u1_0 
    where
        u1_0.id=?
2026-07-11T12:29:37.803+05:30 DEBUG 29656 --- [wireblog-backend] [nio-8080-exec-6] org.hibernate.SQL                        : 
    update
        posts 
    set
        author_id=?,
        content=?,
        cover_image_url=?,
        created_at=?,
        excerpt=?,
        published_at=?,
        share_count=?,
        slug=?,
        status=?,
        title=?,
        updated_at=?,
        view_count=? 
    where
        id=?
2026-07-11T12:29:37.809+05:30 DEBUG 29656 --- [wireblog-backend] [nio-8080-exec-6] m.m.a.RequestResponseBodyMethodProcessor : Using 'application/json', given [application/json, text/plain, */*] and supported [application/json, application/*+json]
2026-07-11T12:29:37.810+05:30 DEBUG 29656 --- [wireblog-backend] [nio-8080-exec-6] m.m.a.RequestResponseBodyMethodProcessor : Writing [PostDetailResponse[id=2, title=AI Agents Are Becoming the New Work Interface in 2026, slug=ai-agents (truncated)...]
2026-07-11T12:29:37.812+05:30 DEBUG 29656 --- [wireblog-backend] [nio-8080-exec-6] o.s.web.servlet.DispatcherServlet        : Completed 200 OK
2026-07-11T12:29:37.835+05:30 DEBUG 29656 --- [wireblog-backend] [nio-8080-exec-1] o.s.web.servlet.DispatcherServlet        : GET "/api/comments/post/2", parameters={}
2026-07-11T12:29:37.836+05:30 DEBUG 29656 --- [wireblog-backend] [nio-8080-exec-1] s.w.s.m.m.a.RequestMappingHandlerMapping : Mapped to com.wireblog.controller.CommentController#forPost(Long)
2026-07-11T12:29:37.841+05:30 DEBUG 29656 --- [wireblog-backend] [nio-8080-exec-1] org.hibernate.SQL                        : 
    select
        c1_0.id,
        c1_0.author_id,
        c1_0.body,
        c1_0.created_at,
        c1_0.flagged,
        c1_0.parent_id,
        c1_0.post_id 
    from
        comments c1_0 
    where
        c1_0.post_id=? 
    order by
        c1_0.created_at
2026-07-11T12:29:37.846+05:30 DEBUG 29656 --- [wireblog-backend] [nio-8080-exec-1] .m.m.a.ExceptionHandlerExceptionResolver : Using @ExceptionHandler com.wireblog.exception.GlobalExceptionHandler#handleGeneric(Exception, HttpServletRequest)
2026-07-11T12:29:37.858+05:30 DEBUG 29656 --- [wireblog-backend] [nio-8080-exec-1] o.s.w.s.m.m.a.HttpEntityMethodProcessor  : Using 'application/json', given [application/json, text/plain, */*] and supported [application/json, application/*+json]
2026-07-11T12:29:37.859+05:30 DEBUG 29656 --- [wireblog-backend] [nio-8080-exec-1] o.s.w.s.m.m.a.HttpEntityMethodProcessor  : Writing [ApiError[timestamp=2026-07-11T06:59:37.857210800Z, status=500, error=Internal Server Error, message= (truncated)...]
2026-07-11T12:29:37.861+05:30 DEBUG 29656 --- [wireblog-backend] [nio-8080-exec-1] .m.m.a.ExceptionHandlerExceptionResolver : Resolved [org.springframework.orm.jpa.JpaSystemException: Unable to access lob stream]
2026-07-11T12:29:37.862+05:30 DEBUG 29656 --- [wireblog-backend] [nio-8080-exec-1] o.s.web.servlet.DispatcherServlet        : Completed 500 INTERNAL_SERVER_ERROR
2026-07-11T12:29:40.354+05:30 DEBUG 29656 --- [wireblog-backend] [nio-8080-exec-7] o.s.web.servlet.DispatcherServlet        : GET "/api/sponsorships/active?placement=FEED_BANNER", parameters={masked}
2026-07-11T12:29:40.354+05:30 DEBUG 29656 --- [wireblog-backend] [nio-8080-exec-4] o.s.web.servlet.DispatcherServlet        : GET "/api/sponsorships/active?placement=SIDEBAR", parameters={masked}
2026-07-11T12:29:40.356+05:30 DEBUG 29656 --- [wireblog-backend] [nio-8080-exec-7] s.w.s.m.m.a.RequestMappingHandlerMapping : Mapped to com.wireblog.controller.SponsorshipController#active(String)
2026-07-11T12:29:40.356+05:30 DEBUG 29656 --- [wireblog-backend] [nio-8080-exec-4] s.w.s.m.m.a.RequestMappingHandlerMapping : Mapped to com.wireblog.controller.SponsorshipController#active(String)
2026-07-11T12:29:40.363+05:30 DEBUG 29656 --- [wireblog-backend] [nio-8080-exec-4] org.hibernate.SQL                        : 
    select
        s1_0.id,
        s1_0.brand_name,
        s1_0.clicks,
        s1_0.created_at,
        s1_0.creative_image_url,
        s1_0.end_date,
        s1_0.headline,
        s1_0.impressions,
        s1_0.placement,
        s1_0.start_date,
        s1_0.status,
        s1_0.target_url 
    from
        sponsorships s1_0 
    where
        s1_0.placement=? 
        and s1_0.status=? 
        and s1_0.start_date<=? 
        and s1_0.end_date>=?
2026-07-11T12:29:40.364+05:30 DEBUG 29656 --- [wireblog-backend] [nio-8080-exec-7] org.hibernate.SQL                        : 
    select
        s1_0.id,
        s1_0.brand_name,
        s1_0.clicks,
        s1_0.created_at,
        s1_0.creative_image_url,
        s1_0.end_date,
        s1_0.headline,
        s1_0.impressions,
        s1_0.placement,
        s1_0.start_date,
        s1_0.status,
        s1_0.target_url 
    from
        sponsorships s1_0 
    where
        s1_0.placement=? 
        and s1_0.status=? 
        and s1_0.start_date<=? 
        and s1_0.end_date>=?
2026-07-11T12:29:40.364+05:30 DEBUG 29656 --- [wireblog-backend] [nio-8080-exec-2] o.s.web.servlet.DispatcherServlet        : GET "/api/posts?page=0&size=13", parameters={masked}
2026-07-11T12:29:40.455+05:30 DEBUG 29656 --- [wireblog-backend] [nio-8080-exec-2] s.w.s.m.m.a.RequestMappingHandlerMapping : Mapped to com.wireblog.controller.PostController#list(int, int, String, String)
2026-07-11T12:29:40.457+05:30 DEBUG 29656 --- [wireblog-backend] [nio-8080-exec-4] m.m.a.RequestResponseBodyMethodProcessor : Using 'application/json', given [application/json, text/plain, */*] and supported [application/json, application/*+json]
2026-07-11T12:29:40.457+05:30 DEBUG 29656 --- [wireblog-backend] [nio-8080-exec-7] m.m.a.RequestResponseBodyMethodProcessor : Using 'application/json', given [application/json, text/plain, */*] and supported [application/json, application/*+json]
2026-07-11T12:29:40.457+05:30 DEBUG 29656 --- [wireblog-backend] [nio-8080-exec-4] m.m.a.RequestResponseBodyMethodProcessor : Writing [[]]
2026-07-11T12:29:40.458+05:30 DEBUG 29656 --- [wireblog-backend] [nio-8080-exec-7] m.m.a.RequestResponseBodyMethodProcessor : Writing [[]]
2026-07-11T12:29:40.460+05:30 DEBUG 29656 --- [wireblog-backend] [nio-8080-exec-7] o.s.web.servlet.DispatcherServlet        : Completed 200 OK
2026-07-11T12:29:40.460+05:30 DEBUG 29656 --- [wireblog-backend] [nio-8080-exec-4] o.s.web.servlet.DispatcherServlet        : Completed 200 OK
2026-07-11T12:29:40.499+05:30 DEBUG 29656 --- [wireblog-backend] [nio-8080-exec-2] org.hibernate.SQL                        : 
    select
        p1_0.id,
        p1_0.author_id,
        p1_0.content,
        p1_0.cover_image_url,
        p1_0.created_at,
        p1_0.excerpt,
        p1_0.published_at,
        p1_0.share_count,
        p1_0.slug,
        p1_0.status,
        p1_0.title,
        p1_0.updated_at,
        p1_0.view_count 
    from
        posts p1_0 
    where
        p1_0.status=? 
    order by
        p1_0.created_at desc 
    fetch
        first ? rows only
2026-07-11T12:29:40.522+05:30 DEBUG 29656 --- [wireblog-backend] [nio-8080-exec-2] org.hibernate.SQL                        : 
    select
        count(c1_0.id) 
    from
        comments c1_0 
    where
        c1_0.post_id=?
2026-07-11T12:29:40.534+05:30 DEBUG 29656 --- [wireblog-backend] [nio-8080-exec-2] org.hibernate.SQL                        : 
    select
        t1_0.post_id,
        t1_0.tag 
    from
        post_tags t1_0 
    where
        t1_0.post_id=?
2026-07-11T12:29:40.537+05:30 DEBUG 29656 --- [wireblog-backend] [nio-8080-exec-2] org.hibernate.SQL                        : 
    select
        u1_0.id,
        u1_0.avatar_url,
        u1_0.bio,
        u1_0.created_at,
        u1_0.display_name,
        u1_0.email,
        u1_0.email_verified,
        u1_0.enabled,
        u1_0.handle,
        u1_0.password_hash,
        u1_0.password_reset_expires_at,
        u1_0.password_reset_token,
        u1_0.role,
        u1_0.verification_token 
    from
        users u1_0 
    where
        u1_0.id=?
2026-07-11T12:29:40.565+05:30 DEBUG 29656 --- [wireblog-backend] [nio-8080-exec-2] org.hibernate.SQL                        : 
    select
        count(c1_0.id) 
    from
        comments c1_0 
    where
        c1_0.post_id=?
2026-07-11T12:29:40.589+05:30 DEBUG 29656 --- [wireblog-backend] [nio-8080-exec-2] org.hibernate.SQL                        : 
    select
        t1_0.post_id,
        t1_0.tag 
    from
        post_tags t1_0 
    where
        t1_0.post_id=?
2026-07-11T12:29:40.591+05:30 DEBUG 29656 --- [wireblog-backend] [nio-8080-exec-2] org.hibernate.SQL                        : 
    select
        u1_0.id,
        u1_0.avatar_url,
        u1_0.bio,
        u1_0.created_at,
        u1_0.display_name,
        u1_0.email,
        u1_0.email_verified,
        u1_0.enabled,
        u1_0.handle,
        u1_0.password_hash,
        u1_0.password_reset_expires_at,
        u1_0.password_reset_token,
        u1_0.role,
        u1_0.verification_token 
    from
        users u1_0 
    where
        u1_0.id=?
2026-07-11T12:29:40.597+05:30 DEBUG 29656 --- [wireblog-backend] [nio-8080-exec-2] m.m.a.RequestResponseBodyMethodProcessor : Using 'application/json', given [application/json, text/plain, */*] and supported [application/json, application/*+json]
2026-07-11T12:29:40.599+05:30 DEBUG 29656 --- [wireblog-backend] [nio-8080-exec-2] m.m.a.RequestResponseBodyMethodProcessor : Writing [Page 1 of 1 containing com.wireblog.dto.PostSummaryResponse instances]
2026-07-11T12:29:40.601+05:30 DEBUG 29656 --- [wireblog-backend] [nio-8080-exec-2] o.s.web.servlet.DispatcherServlet        : Completed 200 OK
2026-07-11T12:31:26.726+05:30 DEBUG 29656 --- [wireblog-backend] [nio-8080-exec-5] o.s.web.servlet.DispatcherServlet        : GET "/api/sponsorships/active?placement=NEWS_TICKER", parameters={masked}
2026-07-11T12:31:26.726+05:30 DEBUG 29656 --- [wireblog-backend] [nio-8080-exec-7] o.s.web.servlet.DispatcherServlet        : GET "/api/notifications", parameters={}
2026-07-11T12:31:26.734+05:30 DEBUG 29656 --- [wireblog-backend] [nio-8080-exec-4] o.s.web.servlet.DispatcherServlet        : GET "/api/news/headlines", parameters={}
2026-07-11T12:31:26.862+05:30 DEBUG 29656 --- [wireblog-backend] [nio-8080-exec-9] o.s.web.servlet.DispatcherServlet        : GET "/api/posts?page=0&size=13", parameters={masked}
2026-07-11T12:31:26.868+05:30 DEBUG 29656 --- [wireblog-backend] [io-8080-exec-10] o.s.web.servlet.DispatcherServlet        : GET "/api/sponsorships/active?placement=SIDEBAR", parameters={masked}
2026-07-11T12:31:26.883+05:30 DEBUG 29656 --- [wireblog-backend] [nio-8080-exec-3] o.s.web.servlet.DispatcherServlet        : GET "/api/sponsorships/active?placement=FEED_BANNER", parameters={masked}
2026-07-11T12:31:27.023+05:30 DEBUG 29656 --- [wireblog-backend] [nio-8080-exec-5] s.w.s.m.m.a.RequestMappingHandlerMapping : Mapped to com.wireblog.controller.SponsorshipController#active(String)
2026-07-11T12:31:27.024+05:30 DEBUG 29656 --- [wireblog-backend] [nio-8080-exec-7] s.w.s.m.m.a.RequestMappingHandlerMapping : Mapped to com.wireblog.controller.NotificationController#list()
2026-07-11T12:31:27.025+05:30 DEBUG 29656 --- [wireblog-backend] [nio-8080-exec-4] s.w.s.m.m.a.RequestMappingHandlerMapping : Mapped to com.wireblog.controller.NewsController#headlines(String)
2026-07-11T12:31:27.025+05:30 DEBUG 29656 --- [wireblog-backend] [nio-8080-exec-9] s.w.s.m.m.a.RequestMappingHandlerMapping : Mapped to com.wireblog.controller.PostController#list(int, int, String, String)
2026-07-11T12:31:27.026+05:30 DEBUG 29656 --- [wireblog-backend] [io-8080-exec-10] s.w.s.m.m.a.RequestMappingHandlerMapping : Mapped to com.wireblog.controller.SponsorshipController#active(String)
2026-07-11T12:31:27.027+05:30 DEBUG 29656 --- [wireblog-backend] [nio-8080-exec-3] s.w.s.m.m.a.RequestMappingHandlerMapping : Mapped to com.wireblog.controller.SponsorshipController#active(String)
2026-07-11T12:31:27.048+05:30 DEBUG 29656 --- [wireblog-backend] [nio-8080-exec-4] org.hibernate.SQL                        : 
    select
        nh1_0.id,
        nh1_0.category,
        nh1_0.fetched_at,
        nh1_0.image_url,
        nh1_0.published_at,
        nh1_0.source_name,
        nh1_0.source_url,
        nh1_0.title 
    from
        news_headlines nh1_0 
    order by
        nh1_0.published_at desc 
    fetch
        first ? rows only
2026-07-11T12:31:27.048+05:30 DEBUG 29656 --- [wireblog-backend] [nio-8080-exec-7] org.hibernate.SQL                        : 
    select
        u1_0.id,
        u1_0.avatar_url,
        u1_0.bio,
        u1_0.created_at,
        u1_0.display_name,
        u1_0.email,
        u1_0.email_verified,
        u1_0.enabled,
        u1_0.handle,
        u1_0.password_hash,
        u1_0.password_reset_expires_at,
        u1_0.password_reset_token,
        u1_0.role,
        u1_0.verification_token 
    from
        users u1_0 
    where
        u1_0.email=?
2026-07-11T12:31:27.053+05:30 DEBUG 29656 --- [wireblog-backend] [nio-8080-exec-9] org.hibernate.SQL                        : 
    select
        p1_0.id,
        p1_0.author_id,
        p1_0.content,
        p1_0.cover_image_url,
        p1_0.created_at,
        p1_0.excerpt,
        p1_0.published_at,
        p1_0.share_count,
        p1_0.slug,
        p1_0.status,
        p1_0.title,
        p1_0.updated_at,
        p1_0.view_count 
    from
        posts p1_0 
    where
        p1_0.status=? 
    order by
        p1_0.created_at desc 
    fetch
        first ? rows only
2026-07-11T12:31:27.055+05:30 DEBUG 29656 --- [wireblog-backend] [nio-8080-exec-3] org.hibernate.SQL                        : 
    select
        s1_0.id,
        s1_0.brand_name,
        s1_0.clicks,
        s1_0.created_at,
        s1_0.creative_image_url,
        s1_0.end_date,
        s1_0.headline,
        s1_0.impressions,
        s1_0.placement,
        s1_0.start_date,
        s1_0.status,
        s1_0.target_url 
    from
        sponsorships s1_0 
    where
        s1_0.placement=? 
        and s1_0.status=? 
        and s1_0.start_date<=? 
        and s1_0.end_date>=?
2026-07-11T12:31:27.055+05:30 DEBUG 29656 --- [wireblog-backend] [io-8080-exec-10] org.hibernate.SQL                        : 
    select
        s1_0.id,
        s1_0.brand_name,
        s1_0.clicks,
        s1_0.created_at,
        s1_0.creative_image_url,
        s1_0.end_date,
        s1_0.headline,
        s1_0.impressions,
        s1_0.placement,
        s1_0.start_date,
        s1_0.status,
        s1_0.target_url 
    from
        sponsorships s1_0 
    where
        s1_0.placement=? 
        and s1_0.status=? 
        and s1_0.start_date<=? 
        and s1_0.end_date>=?
2026-07-11T12:31:27.060+05:30 DEBUG 29656 --- [wireblog-backend] [nio-8080-exec-5] org.hibernate.SQL                        : 
    select
        s1_0.id,
        s1_0.brand_name,
        s1_0.clicks,
        s1_0.created_at,
        s1_0.creative_image_url,
        s1_0.end_date,
        s1_0.headline,
        s1_0.impressions,
        s1_0.placement,
        s1_0.start_date,
        s1_0.status,
        s1_0.target_url 
    from
        sponsorships s1_0 
    where
        s1_0.placement=? 
        and s1_0.status=? 
        and s1_0.start_date<=? 
        and s1_0.end_date>=?
2026-07-11T12:31:27.158+05:30 DEBUG 29656 --- [wireblog-backend] [nio-8080-exec-3] m.m.a.RequestResponseBodyMethodProcessor : Using 'application/json', given [application/json, text/plain, */*] and supported [application/json, application/*+json]
2026-07-11T12:31:27.158+05:30 DEBUG 29656 --- [wireblog-backend] [io-8080-exec-10] m.m.a.RequestResponseBodyMethodProcessor : Using 'application/json', given [application/json, text/plain, */*] and supported [application/json, application/*+json]
2026-07-11T12:31:27.165+05:30 DEBUG 29656 --- [wireblog-backend] [nio-8080-exec-9] org.hibernate.SQL                        : 
    select
        count(c1_0.id) 
    from
        comments c1_0 
    where
        c1_0.post_id=?
2026-07-11T12:31:27.170+05:30 DEBUG 29656 --- [wireblog-backend] [nio-8080-exec-3] m.m.a.RequestResponseBodyMethodProcessor : Writing [[]]
2026-07-11T12:31:27.171+05:30 DEBUG 29656 --- [wireblog-backend] [io-8080-exec-10] m.m.a.RequestResponseBodyMethodProcessor : Writing [[]]
2026-07-11T12:31:27.174+05:30 DEBUG 29656 --- [wireblog-backend] [nio-8080-exec-9] org.hibernate.SQL                        : 
    select
        t1_0.post_id,
        t1_0.tag 
    from
        post_tags t1_0 
    where
        t1_0.post_id=?
2026-07-11T12:31:27.174+05:30 DEBUG 29656 --- [wireblog-backend] [nio-8080-exec-3] o.s.web.servlet.DispatcherServlet        : Completed 200 OK
2026-07-11T12:31:27.174+05:30 DEBUG 29656 --- [wireblog-backend] [io-8080-exec-10] o.s.web.servlet.DispatcherServlet        : Completed 200 OK
2026-07-11T12:31:27.177+05:30 DEBUG 29656 --- [wireblog-backend] [nio-8080-exec-5] m.m.a.RequestResponseBodyMethodProcessor : Using 'application/json', given [application/json, text/plain, */*] and supported [application/json, application/*+json]
2026-07-11T12:31:27.181+05:30 DEBUG 29656 --- [wireblog-backend] [nio-8080-exec-7] org.hibernate.SQL                        : 
    select
        n1_0.id,
        n1_0.created_at,
        n1_0.link,
        n1_0.message,
        n1_0.read,
        n1_0.type,
        n1_0.user_id 
    from
        notifications n1_0 
    where
        n1_0.user_id=? 
    order by
        n1_0.created_at desc
2026-07-11T12:31:27.182+05:30 DEBUG 29656 --- [wireblog-backend] [nio-8080-exec-4] m.m.a.RequestResponseBodyMethodProcessor : Using 'application/json', given [application/json, text/plain, */*] and supported [application/json, application/*+json]
2026-07-11T12:31:27.211+05:30 DEBUG 29656 --- [wireblog-backend] [nio-8080-exec-9] org.hibernate.SQL                        : 
    select
        u1_0.id,
        u1_0.avatar_url,
        u1_0.bio,
        u1_0.created_at,
        u1_0.display_name,
        u1_0.email,
        u1_0.email_verified,
        u1_0.enabled,
        u1_0.handle,
        u1_0.password_hash,
        u1_0.password_reset_expires_at,
        u1_0.password_reset_token,
        u1_0.role,
        u1_0.verification_token 
    from
        users u1_0 
    where
        u1_0.id=?
2026-07-11T12:31:27.212+05:30 DEBUG 29656 --- [wireblog-backend] [nio-8080-exec-5] m.m.a.RequestResponseBodyMethodProcessor : Writing [[]]
2026-07-11T12:31:27.216+05:30 DEBUG 29656 --- [wireblog-backend] [nio-8080-exec-5] o.s.web.servlet.DispatcherServlet        : Completed 200 OK
2026-07-11T12:31:27.216+05:30 DEBUG 29656 --- [wireblog-backend] [nio-8080-exec-4] m.m.a.RequestResponseBodyMethodProcessor : Writing [[NewsHeadlineResponse[id=2, title=Archer gets into the World Cup spirit with clever run out, sourceU (truncated)...]
2026-07-11T12:31:27.218+05:30 DEBUG 29656 --- [wireblog-backend] [nio-8080-exec-9] org.hibernate.SQL                        : 
    select
        count(c1_0.id) 
    from
        comments c1_0 
    where
        c1_0.post_id=?
2026-07-11T12:31:27.220+05:30 DEBUG 29656 --- [wireblog-backend] [nio-8080-exec-7] m.m.a.RequestResponseBodyMethodProcessor : Using 'application/json', given [application/json, text/plain, */*] and supported [application/json, application/*+json]
2026-07-11T12:31:27.221+05:30 DEBUG 29656 --- [wireblog-backend] [nio-8080-exec-7] m.m.a.RequestResponseBodyMethodProcessor : Writing [[]]
2026-07-11T12:31:27.223+05:30 DEBUG 29656 --- [wireblog-backend] [nio-8080-exec-9] org.hibernate.SQL                        : 
    select
        t1_0.post_id,
        t1_0.tag 
    from
        post_tags t1_0 
    where
        t1_0.post_id=?
2026-07-11T12:31:27.223+05:30 DEBUG 29656 --- [wireblog-backend] [nio-8080-exec-4] o.s.web.servlet.DispatcherServlet        : Completed 200 OK
2026-07-11T12:31:27.223+05:30 DEBUG 29656 --- [wireblog-backend] [nio-8080-exec-7] o.s.web.servlet.DispatcherServlet        : Completed 200 OK
2026-07-11T12:31:27.226+05:30 DEBUG 29656 --- [wireblog-backend] [nio-8080-exec-9] org.hibernate.SQL                        : 
    select
        u1_0.id,
        u1_0.avatar_url,
        u1_0.bio,
        u1_0.created_at,
        u1_0.display_name,
        u1_0.email,
        u1_0.email_verified,
        u1_0.enabled,
        u1_0.handle,
        u1_0.password_hash,
        u1_0.password_reset_expires_at,
        u1_0.password_reset_token,
        u1_0.role,
        u1_0.verification_token 
    from
        users u1_0 
    where
        u1_0.id=?
2026-07-11T12:31:27.230+05:30 DEBUG 29656 --- [wireblog-backend] [nio-8080-exec-9] m.m.a.RequestResponseBodyMethodProcessor : Using 'application/json', given [application/json, text/plain, */*] and supported [application/json, application/*+json]
2026-07-11T12:31:27.231+05:30 DEBUG 29656 --- [wireblog-backend] [nio-8080-exec-9] m.m.a.RequestResponseBodyMethodProcessor : Writing [Page 1 of 1 containing com.wireblog.dto.PostSummaryResponse instances]
2026-07-11T12:31:27.234+05:30 DEBUG 29656 --- [wireblog-backend] [nio-8080-exec-9] o.s.web.servlet.DispatcherServlet        : Completed 200 OK
2026-07-11T12:38:25.135+05:30 DEBUG 29656 --- [wireblog-backend] [   scheduling-1] o.s.web.client.RestTemplate              : HTTP GET https://newsapi.org/v2/top-headlines?country=in&pageSize=50&apiKey=1a908d5e59954ae7b071e41ff73ed042
2026-07-11T12:38:25.474+05:30 DEBUG 29656 --- [wireblog-backend] [   scheduling-1] o.s.web.client.RestTemplate              : Accept=[text/plain, application/json, application/*+json, */*]
2026-07-11T12:38:27.458+05:30 DEBUG 29656 --- [wireblog-backend] [   scheduling-1] o.s.web.client.RestTemplate              : Response 200 OK
2026-07-11T12:38:27.473+05:30 DEBUG 29656 --- [wireblog-backend] [   scheduling-1] o.s.web.client.RestTemplate              : Reading to [java.lang.String] as "application/json;charset=utf-8"
2026-07-11T12:38:27.745+05:30 DEBUG 29656 --- [wireblog-backend] [   scheduling-1] org.hibernate.SQL                        : 
    select
        nh1_0.id,
        nh1_0.category,
        nh1_0.fetched_at,
        nh1_0.image_url,
        nh1_0.published_at,
        nh1_0.source_name,
        nh1_0.source_url,
        nh1_0.title 
    from
        news_headlines nh1_0 
    where
        nh1_0.fetched_at<?
2026-07-11T12:38:27.806+05:30 DEBUG 29656 --- [wireblog-backend] [   scheduling-1] org.hibernate.SQL                        : 
    select
        nh1_0.id,
        nh1_0.category,
        nh1_0.fetched_at,
        nh1_0.image_url,
        nh1_0.published_at,
        nh1_0.source_name,
        nh1_0.source_url,
        nh1_0.title 
    from
        news_headlines nh1_0 
    order by
        nh1_0.published_at desc 
    fetch
        first ? rows only
2026-07-11T12:38:28.063+05:30 DEBUG 29656 --- [wireblog-backend] [   scheduling-1] org.hibernate.SQL                        : 
    select
        nh1_0.id,
        nh1_0.category,
        nh1_0.fetched_at,
        nh1_0.image_url,
        nh1_0.published_at,
        nh1_0.source_name,
        nh1_0.source_url,
        nh1_0.title 
    from
        news_headlines nh1_0 
    order by
        nh1_0.published_at desc 
    fetch
        first ? rows only
2026-07-11T12:38:28.093+05:30  INFO 29656 --- [wireblog-backend] [   scheduling-1] com.wireblog.service.NewsService         : Refreshed news headlines. Cached headline count now 50.
2026-07-11T12:39:58.973+05:30 DEBUG 29656 --- [wireblog-backend] [nio-8080-exec-4] o.s.web.servlet.DispatcherServlet        : GET "/api/admin/sponsorships", parameters={}
2026-07-11T12:39:59.279+05:30 DEBUG 29656 --- [wireblog-backend] [nio-8080-exec-4] s.w.s.m.m.a.RequestMappingHandlerMapping : Mapped to com.wireblog.controller.AdminController#listSponsorships()
2026-07-11T12:39:59.358+05:30 DEBUG 29656 --- [wireblog-backend] [nio-8080-exec-4] org.hibernate.SQL                        : 
    select
        s1_0.id,
        s1_0.brand_name,
        s1_0.clicks,
        s1_0.created_at,
        s1_0.creative_image_url,
        s1_0.end_date,
        s1_0.headline,
        s1_0.impressions,
        s1_0.placement,
        s1_0.start_date,
        s1_0.status,
        s1_0.target_url 
    from
        sponsorships s1_0
2026-07-11T12:39:59.414+05:30 DEBUG 29656 --- [wireblog-backend] [nio-8080-exec-4] m.m.a.RequestResponseBodyMethodProcessor : Using 'application/json', given [application/json, text/plain, */*] and supported [application/json, application/*+json]
2026-07-11T12:39:59.430+05:30 DEBUG 29656 --- [wireblog-backend] [nio-8080-exec-4] m.m.a.RequestResponseBodyMethodProcessor : Writing [[]]
2026-07-11T12:39:59.439+05:30 DEBUG 29656 --- [wireblog-backend] [nio-8080-exec-4] o.s.web.servlet.DispatcherServlet        : Completed 200 OK
2026-07-11T12:40:09.867+05:30 DEBUG 29656 --- [wireblog-backend] [nio-8080-exec-9] o.s.web.servlet.DispatcherServlet        : GET "/api/posts/mine?page=0&size=20", parameters={masked}
2026-07-11T12:40:09.869+05:30 DEBUG 29656 --- [wireblog-backend] [nio-8080-exec-9] s.w.s.m.m.a.RequestMappingHandlerMapping : Mapped to com.wireblog.controller.PostController#mine(int, int)
2026-07-11T12:40:09.922+05:30 DEBUG 29656 --- [wireblog-backend] [nio-8080-exec-9] org.hibernate.SQL                        : 
    select
        u1_0.id,
        u1_0.avatar_url,
        u1_0.bio,
        u1_0.created_at,
        u1_0.display_name,
        u1_0.email,
        u1_0.email_verified,
        u1_0.enabled,
        u1_0.handle,
        u1_0.password_hash,
        u1_0.password_reset_expires_at,
        u1_0.password_reset_token,
        u1_0.role,
        u1_0.verification_token 
    from
        users u1_0 
    where
        u1_0.email=?
2026-07-11T12:40:10.010+05:30 DEBUG 29656 --- [wireblog-backend] [nio-8080-exec-9] org.hibernate.SQL                        : 
    select
        p1_0.id,
        p1_0.author_id,
        p1_0.content,
        p1_0.cover_image_url,
        p1_0.created_at,
        p1_0.excerpt,
        p1_0.published_at,
        p1_0.share_count,
        p1_0.slug,
        p1_0.status,
        p1_0.title,
        p1_0.updated_at,
        p1_0.view_count 
    from
        posts p1_0 
    where
        p1_0.author_id=? 
    order by
        p1_0.created_at desc 
    fetch
        first ? rows only
2026-07-11T12:40:10.024+05:30 DEBUG 29656 --- [wireblog-backend] [nio-8080-exec-9] org.hibernate.SQL                        : 
    select
        count(c1_0.id) 
    from
        comments c1_0 
    where
        c1_0.post_id=?
2026-07-11T12:40:10.028+05:30 DEBUG 29656 --- [wireblog-backend] [nio-8080-exec-9] org.hibernate.SQL                        : 
    select
        t1_0.post_id,
        t1_0.tag 
    from
        post_tags t1_0 
    where
        t1_0.post_id=?
2026-07-11T12:40:10.033+05:30 DEBUG 29656 --- [wireblog-backend] [nio-8080-exec-9] m.m.a.RequestResponseBodyMethodProcessor : Using 'application/json', given [application/json, text/plain, */*] and supported [application/json, application/*+json]
2026-07-11T12:40:10.036+05:30 DEBUG 29656 --- [wireblog-backend] [nio-8080-exec-9] m.m.a.RequestResponseBodyMethodProcessor : Writing [Page 1 of 1 containing com.wireblog.dto.PostSummaryResponse instances]
2026-07-11T12:40:10.043+05:30 DEBUG 29656 --- [wireblog-backend] [nio-8080-exec-9] o.s.web.servlet.DispatcherServlet        : Completed 200 OK
2026-07-11T12:40:12.669+05:30 DEBUG 29656 --- [wireblog-backend] [nio-8080-exec-2] o.s.web.servlet.DispatcherServlet        : GET "/api/posts/ai-agents-are-becoming-the-new-work-interface-in-2026", parameters={}
2026-07-11T12:40:12.669+05:30 DEBUG 29656 --- [wireblog-backend] [io-8080-exec-10] o.s.web.servlet.DispatcherServlet        : GET "/api/sponsorships/active?placement=POST_INLINE", parameters={masked}
2026-07-11T12:40:12.672+05:30 DEBUG 29656 --- [wireblog-backend] [nio-8080-exec-2] s.w.s.m.m.a.RequestMappingHandlerMapping : Mapped to com.wireblog.controller.PostController#getOne(String)
2026-07-11T12:40:12.673+05:30 DEBUG 29656 --- [wireblog-backend] [io-8080-exec-10] s.w.s.m.m.a.RequestMappingHandlerMapping : Mapped to com.wireblog.controller.SponsorshipController#active(String)
2026-07-11T12:40:12.848+05:30 DEBUG 29656 --- [wireblog-backend] [nio-8080-exec-2] org.hibernate.SQL                        : 
    select
        p1_0.id,
        p1_0.author_id,
        p1_0.content,
        p1_0.cover_image_url,
        p1_0.created_at,
        p1_0.excerpt,
        p1_0.published_at,
        p1_0.share_count,
        p1_0.slug,
        p1_0.status,
        p1_0.title,
        p1_0.updated_at,
        p1_0.view_count 
    from
        posts p1_0 
    where
        p1_0.slug=?
2026-07-11T12:40:12.861+05:30 DEBUG 29656 --- [wireblog-backend] [io-8080-exec-10] org.hibernate.SQL                        : 
    select
        s1_0.id,
        s1_0.brand_name,
        s1_0.clicks,
        s1_0.created_at,
        s1_0.creative_image_url,
        s1_0.end_date,
        s1_0.headline,
        s1_0.impressions,
        s1_0.placement,
        s1_0.start_date,
        s1_0.status,
        s1_0.target_url 
    from
        sponsorships s1_0 
    where
        s1_0.placement=? 
        and s1_0.status=? 
        and s1_0.start_date<=? 
        and s1_0.end_date>=?
2026-07-11T12:40:13.005+05:30 DEBUG 29656 --- [wireblog-backend] [io-8080-exec-10] m.m.a.RequestResponseBodyMethodProcessor : Using 'application/json', given [application/json, text/plain, */*] and supported [application/json, application/*+json]
2026-07-11T12:40:13.006+05:30 DEBUG 29656 --- [wireblog-backend] [io-8080-exec-10] m.m.a.RequestResponseBodyMethodProcessor : Writing [[]]
2026-07-11T12:40:13.008+05:30 DEBUG 29656 --- [wireblog-backend] [io-8080-exec-10] o.s.web.servlet.DispatcherServlet        : Completed 200 OK
2026-07-11T12:40:13.510+05:30 DEBUG 29656 --- [wireblog-backend] [nio-8080-exec-2] org.hibernate.SQL                        : 
    select
        count(c1_0.id) 
    from
        comments c1_0 
    where
        c1_0.post_id=?
2026-07-11T12:40:13.513+05:30 DEBUG 29656 --- [wireblog-backend] [nio-8080-exec-2] org.hibernate.SQL                        : 
    select
        t1_0.post_id,
        t1_0.tag 
    from
        post_tags t1_0 
    where
        t1_0.post_id=?
2026-07-11T12:40:13.516+05:30 DEBUG 29656 --- [wireblog-backend] [nio-8080-exec-2] org.hibernate.SQL                        : 
    select
        u1_0.id,
        u1_0.avatar_url,
        u1_0.bio,
        u1_0.created_at,
        u1_0.display_name,
        u1_0.email,
        u1_0.email_verified,
        u1_0.enabled,
        u1_0.handle,
        u1_0.password_hash,
        u1_0.password_reset_expires_at,
        u1_0.password_reset_token,
        u1_0.role,
        u1_0.verification_token 
    from
        users u1_0 
    where
        u1_0.id=?
2026-07-11T12:40:13.669+05:30 DEBUG 29656 --- [wireblog-backend] [nio-8080-exec-2] org.hibernate.SQL                        : 
    update
        posts 
    set
        author_id=?,
        content=?,
        cover_image_url=?,
        created_at=?,
        excerpt=?,
        published_at=?,
        share_count=?,
        slug=?,
        status=?,
        title=?,
        updated_at=?,
        view_count=? 
    where
        id=?
2026-07-11T12:40:13.696+05:30 DEBUG 29656 --- [wireblog-backend] [nio-8080-exec-2] m.m.a.RequestResponseBodyMethodProcessor : Using 'application/json', given [application/json, text/plain, */*] and supported [application/json, application/*+json]
2026-07-11T12:40:13.698+05:30 DEBUG 29656 --- [wireblog-backend] [nio-8080-exec-2] m.m.a.RequestResponseBodyMethodProcessor : Writing [PostDetailResponse[id=2, title=AI Agents Are Becoming the New Work Interface in 2026, slug=ai-agents (truncated)...]
2026-07-11T12:40:13.699+05:30 DEBUG 29656 --- [wireblog-backend] [nio-8080-exec-2] o.s.web.servlet.DispatcherServlet        : Completed 200 OK
2026-07-11T12:40:13.716+05:30 DEBUG 29656 --- [wireblog-backend] [nio-8080-exec-8] o.s.web.servlet.DispatcherServlet        : GET "/api/comments/post/2", parameters={}
2026-07-11T12:40:13.717+05:30 DEBUG 29656 --- [wireblog-backend] [nio-8080-exec-8] s.w.s.m.m.a.RequestMappingHandlerMapping : Mapped to com.wireblog.controller.CommentController#forPost(Long)
2026-07-11T12:40:13.725+05:30 DEBUG 29656 --- [wireblog-backend] [nio-8080-exec-8] org.hibernate.SQL                        : 
    select
        c1_0.id,
        c1_0.author_id,
        c1_0.body,
        c1_0.created_at,
        c1_0.flagged,
        c1_0.parent_id,
        c1_0.post_id 
    from
        comments c1_0 
    where
        c1_0.post_id=? 
    order by
        c1_0.created_at
2026-07-11T12:40:13.754+05:30 DEBUG 29656 --- [wireblog-backend] [nio-8080-exec-8] .m.m.a.ExceptionHandlerExceptionResolver : Using @ExceptionHandler com.wireblog.exception.GlobalExceptionHandler#handleGeneric(Exception, HttpServletRequest)
2026-07-11T12:40:13.757+05:30 DEBUG 29656 --- [wireblog-backend] [nio-8080-exec-8] o.s.w.s.m.m.a.HttpEntityMethodProcessor  : Using 'application/json', given [application/json, text/plain, */*] and supported [application/json, application/*+json]
2026-07-11T12:40:13.758+05:30 DEBUG 29656 --- [wireblog-backend] [nio-8080-exec-8] o.s.w.s.m.m.a.HttpEntityMethodProcessor  : Writing [ApiError[timestamp=2026-07-11T07:10:13.756886Z, status=500, error=Internal Server Error, message=Una (truncated)...]
2026-07-11T12:40:13.761+05:30 DEBUG 29656 --- [wireblog-backend] [nio-8080-exec-8] .m.m.a.ExceptionHandlerExceptionResolver : Resolved [org.springframework.orm.jpa.JpaSystemException: Unable to access lob stream]
2026-07-11T12:40:13.762+05:30 DEBUG 29656 --- [wireblog-backend] [nio-8080-exec-8] o.s.web.servlet.DispatcherServlet        : Completed 500 INTERNAL_SERVER_ERROR
2026-07-11T12:40:23.982+05:30 DEBUG 29656 --- [wireblog-backend] [nio-8080-exec-3] o.s.web.servlet.DispatcherServlet        : GET "/api/sponsorships/active?placement=SIDEBAR", parameters={masked}
2026-07-11T12:40:23.982+05:30 DEBUG 29656 --- [wireblog-backend] [nio-8080-exec-9] o.s.web.servlet.DispatcherServlet        : GET "/api/posts?page=0&size=13", parameters={masked}
2026-07-11T12:40:23.984+05:30 DEBUG 29656 --- [wireblog-backend] [nio-8080-exec-6] o.s.web.servlet.DispatcherServlet        : GET "/api/sponsorships/active?placement=FEED_BANNER", parameters={masked}
2026-07-11T12:40:23.984+05:30 DEBUG 29656 --- [wireblog-backend] [nio-8080-exec-3] s.w.s.m.m.a.RequestMappingHandlerMapping : Mapped to com.wireblog.controller.SponsorshipController#active(String)
2026-07-11T12:40:23.984+05:30 DEBUG 29656 --- [wireblog-backend] [nio-8080-exec-9] s.w.s.m.m.a.RequestMappingHandlerMapping : Mapped to com.wireblog.controller.PostController#list(int, int, String, String)
2026-07-11T12:40:23.985+05:30 DEBUG 29656 --- [wireblog-backend] [nio-8080-exec-6] s.w.s.m.m.a.RequestMappingHandlerMapping : Mapped to com.wireblog.controller.SponsorshipController#active(String)
2026-07-11T12:40:23.994+05:30 DEBUG 29656 --- [wireblog-backend] [nio-8080-exec-3] org.hibernate.SQL                        : 
    select
        s1_0.id,
        s1_0.brand_name,
        s1_0.clicks,
        s1_0.created_at,
        s1_0.creative_image_url,
        s1_0.end_date,
        s1_0.headline,
        s1_0.impressions,
        s1_0.placement,
        s1_0.start_date,
        s1_0.status,
        s1_0.target_url 
    from
        sponsorships s1_0 
    where
        s1_0.placement=? 
        and s1_0.status=? 
        and s1_0.start_date<=? 
        and s1_0.end_date>=?
2026-07-11T12:40:24.107+05:30 DEBUG 29656 --- [wireblog-backend] [nio-8080-exec-6] org.hibernate.SQL                        : 
    select
        s1_0.id,
        s1_0.brand_name,
        s1_0.clicks,
        s1_0.created_at,
        s1_0.creative_image_url,
        s1_0.end_date,
        s1_0.headline,
        s1_0.impressions,
        s1_0.placement,
        s1_0.start_date,
        s1_0.status,
        s1_0.target_url 
    from
        sponsorships s1_0 
    where
        s1_0.placement=? 
        and s1_0.status=? 
        and s1_0.start_date<=? 
        and s1_0.end_date>=?
2026-07-11T12:40:24.108+05:30 DEBUG 29656 --- [wireblog-backend] [nio-8080-exec-9] org.hibernate.SQL                        : 
    select
        p1_0.id,
        p1_0.author_id,
        p1_0.content,
        p1_0.cover_image_url,
        p1_0.created_at,
        p1_0.excerpt,
        p1_0.published_at,
        p1_0.share_count,
        p1_0.slug,
        p1_0.status,
        p1_0.title,
        p1_0.updated_at,
        p1_0.view_count 
    from
        posts p1_0 
    where
        p1_0.status=? 
    order by
        p1_0.created_at desc 
    fetch
        first ? rows only
2026-07-11T12:40:24.111+05:30 DEBUG 29656 --- [wireblog-backend] [nio-8080-exec-3] m.m.a.RequestResponseBodyMethodProcessor : Using 'application/json', given [application/json, text/plain, */*] and supported [application/json, application/*+json]
2026-07-11T12:40:24.112+05:30 DEBUG 29656 --- [wireblog-backend] [nio-8080-exec-3] m.m.a.RequestResponseBodyMethodProcessor : Writing [[]]
2026-07-11T12:40:24.113+05:30 DEBUG 29656 --- [wireblog-backend] [nio-8080-exec-6] m.m.a.RequestResponseBodyMethodProcessor : Using 'application/json', given [application/json, text/plain, */*] and supported [application/json, application/*+json]
2026-07-11T12:40:24.114+05:30 DEBUG 29656 --- [wireblog-backend] [nio-8080-exec-3] o.s.web.servlet.DispatcherServlet        : Completed 200 OK
2026-07-11T12:40:24.114+05:30 DEBUG 29656 --- [wireblog-backend] [nio-8080-exec-6] m.m.a.RequestResponseBodyMethodProcessor : Writing [[]]
2026-07-11T12:40:24.116+05:30 DEBUG 29656 --- [wireblog-backend] [nio-8080-exec-6] o.s.web.servlet.DispatcherServlet        : Completed 200 OK
2026-07-11T12:40:24.119+05:30 DEBUG 29656 --- [wireblog-backend] [nio-8080-exec-9] org.hibernate.SQL                        : 
    select
        count(c1_0.id) 
    from
        comments c1_0 
    where
        c1_0.post_id=?
2026-07-11T12:40:24.122+05:30 DEBUG 29656 --- [wireblog-backend] [nio-8080-exec-9] org.hibernate.SQL                        : 
    select
        t1_0.post_id,
        t1_0.tag 
    from
        post_tags t1_0 
    where
        t1_0.post_id=?
2026-07-11T12:40:24.124+05:30 DEBUG 29656 --- [wireblog-backend] [nio-8080-exec-9] org.hibernate.SQL                        : 
    select
        u1_0.id,
        u1_0.avatar_url,
        u1_0.bio,
        u1_0.created_at,
        u1_0.display_name,
        u1_0.email,
        u1_0.email_verified,
        u1_0.enabled,
        u1_0.handle,
        u1_0.password_hash,
        u1_0.password_reset_expires_at,
        u1_0.password_reset_token,
        u1_0.role,
        u1_0.verification_token 
    from
        users u1_0 
    where
        u1_0.id=?
2026-07-11T12:40:24.128+05:30 DEBUG 29656 --- [wireblog-backend] [nio-8080-exec-9] org.hibernate.SQL                        : 
    select
        count(c1_0.id) 
    from
        comments c1_0 
    where
        c1_0.post_id=?
2026-07-11T12:40:24.130+05:30 DEBUG 29656 --- [wireblog-backend] [nio-8080-exec-9] org.hibernate.SQL                        : 
    select
        t1_0.post_id,
        t1_0.tag 
    from
        post_tags t1_0 
    where
        t1_0.post_id=?
2026-07-11T12:40:24.133+05:30 DEBUG 29656 --- [wireblog-backend] [nio-8080-exec-9] org.hibernate.SQL                        : 
    select
        u1_0.id,
        u1_0.avatar_url,
        u1_0.bio,
        u1_0.created_at,
        u1_0.display_name,
        u1_0.email,
        u1_0.email_verified,
        u1_0.enabled,
        u1_0.handle,
        u1_0.password_hash,
        u1_0.password_reset_expires_at,
        u1_0.password_reset_token,
        u1_0.role,
        u1_0.verification_token 
    from
        users u1_0 
    where
        u1_0.id=?
2026-07-11T12:40:24.135+05:30 DEBUG 29656 --- [wireblog-backend] [nio-8080-exec-9] m.m.a.RequestResponseBodyMethodProcessor : Using 'application/json', given [application/json, text/plain, */*] and supported [application/json, application/*+json]
2026-07-11T12:40:24.135+05:30 DEBUG 29656 --- [wireblog-backend] [nio-8080-exec-9] m.m.a.RequestResponseBodyMethodProcessor : Writing [Page 1 of 1 containing com.wireblog.dto.PostSummaryResponse instances]
2026-07-11T12:40:24.138+05:30 DEBUG 29656 --- [wireblog-backend] [nio-8080-exec-9] o.s.web.servlet.DispatcherServlet        : Completed 200 OK
2026-07-11T12:40:27.090+05:30 DEBUG 29656 --- [wireblog-backend] [nio-8080-exec-8] o.s.web.servlet.DispatcherServlet        : GET "/api/posts/welcome-to-the-wire", parameters={}
2026-07-11T12:40:27.090+05:30 DEBUG 29656 --- [wireblog-backend] [nio-8080-exec-1] o.s.web.servlet.DispatcherServlet        : GET "/api/sponsorships/active?placement=POST_INLINE", parameters={masked}
2026-07-11T12:40:27.093+05:30 DEBUG 29656 --- [wireblog-backend] [nio-8080-exec-1] s.w.s.m.m.a.RequestMappingHandlerMapping : Mapped to com.wireblog.controller.SponsorshipController#active(String)
2026-07-11T12:40:27.093+05:30 DEBUG 29656 --- [wireblog-backend] [nio-8080-exec-8] s.w.s.m.m.a.RequestMappingHandlerMapping : Mapped to com.wireblog.controller.PostController#getOne(String)
2026-07-11T12:40:27.105+05:30 DEBUG 29656 --- [wireblog-backend] [nio-8080-exec-1] org.hibernate.SQL                        : 
    select
        s1_0.id,
        s1_0.brand_name,
        s1_0.clicks,
        s1_0.created_at,
        s1_0.creative_image_url,
        s1_0.end_date,
        s1_0.headline,
        s1_0.impressions,
        s1_0.placement,
        s1_0.start_date,
        s1_0.status,
        s1_0.target_url 
    from
        sponsorships s1_0 
    where
        s1_0.placement=? 
        and s1_0.status=? 
        and s1_0.start_date<=? 
        and s1_0.end_date>=?
2026-07-11T12:40:27.105+05:30 DEBUG 29656 --- [wireblog-backend] [nio-8080-exec-8] org.hibernate.SQL                        : 
    select
        p1_0.id,
        p1_0.author_id,
        p1_0.content,
        p1_0.cover_image_url,
        p1_0.created_at,
        p1_0.excerpt,
        p1_0.published_at,
        p1_0.share_count,
        p1_0.slug,
        p1_0.status,
        p1_0.title,
        p1_0.updated_at,
        p1_0.view_count 
    from
        posts p1_0 
    where
        p1_0.slug=?
2026-07-11T12:40:27.109+05:30 DEBUG 29656 --- [wireblog-backend] [nio-8080-exec-1] m.m.a.RequestResponseBodyMethodProcessor : Using 'application/json', given [application/json, text/plain, */*] and supported [application/json, application/*+json]
2026-07-11T12:40:27.110+05:30 DEBUG 29656 --- [wireblog-backend] [nio-8080-exec-1] m.m.a.RequestResponseBodyMethodProcessor : Writing [[]]
2026-07-11T12:40:27.112+05:30 DEBUG 29656 --- [wireblog-backend] [nio-8080-exec-1] o.s.web.servlet.DispatcherServlet        : Completed 200 OK
2026-07-11T12:40:27.116+05:30 DEBUG 29656 --- [wireblog-backend] [nio-8080-exec-8] org.hibernate.SQL                        : 
    select
        count(c1_0.id) 
    from
        comments c1_0 
    where
        c1_0.post_id=?
2026-07-11T12:40:27.117+05:30 DEBUG 29656 --- [wireblog-backend] [nio-8080-exec-8] org.hibernate.SQL                        : 
    select
        t1_0.post_id,
        t1_0.tag 
    from
        post_tags t1_0 
    where
        t1_0.post_id=?
2026-07-11T12:40:27.119+05:30 DEBUG 29656 --- [wireblog-backend] [nio-8080-exec-8] org.hibernate.SQL                        : 
    select
        u1_0.id,
        u1_0.avatar_url,
        u1_0.bio,
        u1_0.created_at,
        u1_0.display_name,
        u1_0.email,
        u1_0.email_verified,
        u1_0.enabled,
        u1_0.handle,
        u1_0.password_hash,
        u1_0.password_reset_expires_at,
        u1_0.password_reset_token,
        u1_0.role,
        u1_0.verification_token 
    from
        users u1_0 
    where
        u1_0.id=?
2026-07-11T12:40:27.124+05:30 DEBUG 29656 --- [wireblog-backend] [nio-8080-exec-8] org.hibernate.SQL                        : 
    update
        posts 
    set
        author_id=?,
        content=?,
        cover_image_url=?,
        created_at=?,
        excerpt=?,
        published_at=?,
        share_count=?,
        slug=?,
        status=?,
        title=?,
        updated_at=?,
        view_count=? 
    where
        id=?
2026-07-11T12:40:27.133+05:30 DEBUG 29656 --- [wireblog-backend] [nio-8080-exec-8] m.m.a.RequestResponseBodyMethodProcessor : Using 'application/json', given [application/json, text/plain, */*] and supported [application/json, application/*+json]
2026-07-11T12:40:27.221+05:30 DEBUG 29656 --- [wireblog-backend] [nio-8080-exec-8] m.m.a.RequestResponseBodyMethodProcessor : Writing [PostDetailResponse[id=1, title=Welcome to The Wire, slug=welcome-to-the-wire, excerpt=A starter post (truncated)...]
2026-07-11T12:40:27.234+05:30 DEBUG 29656 --- [wireblog-backend] [nio-8080-exec-8] o.s.web.servlet.DispatcherServlet        : Completed 200 OK
2026-07-11T12:40:27.252+05:30 DEBUG 29656 --- [wireblog-backend] [nio-8080-exec-4] o.s.web.servlet.DispatcherServlet        : GET "/api/comments/post/1", parameters={}
2026-07-11T12:40:27.256+05:30 DEBUG 29656 --- [wireblog-backend] [nio-8080-exec-4] s.w.s.m.m.a.RequestMappingHandlerMapping : Mapped to com.wireblog.controller.CommentController#forPost(Long)
2026-07-11T12:40:27.261+05:30 DEBUG 29656 --- [wireblog-backend] [nio-8080-exec-4] org.hibernate.SQL                        : 
    select
        c1_0.id,
        c1_0.author_id,
        c1_0.body,
        c1_0.created_at,
        c1_0.flagged,
        c1_0.parent_id,
        c1_0.post_id 
    from
        comments c1_0 
    where
        c1_0.post_id=? 
    order by
        c1_0.created_at
2026-07-11T12:40:27.319+05:30 DEBUG 29656 --- [wireblog-backend] [nio-8080-exec-4] m.m.a.RequestResponseBodyMethodProcessor : Using 'application/json', given [application/json, text/plain, */*] and supported [application/json, application/*+json]
2026-07-11T12:40:27.343+05:30 DEBUG 29656 --- [wireblog-backend] [nio-8080-exec-4] m.m.a.RequestResponseBodyMethodProcessor : Writing [[]]
2026-07-11T12:40:27.348+05:30 DEBUG 29656 --- [wireblog-backend] [nio-8080-exec-4] o.s.web.servlet.DispatcherServlet        : Completed 200 OK
2026-07-11T12:40:34.069+05:30 DEBUG 29656 --- [wireblog-backend] [nio-8080-exec-3] o.s.web.servlet.DispatcherServlet        : GET "/api/news/headlines", parameters={}
2026-07-11T12:40:34.071+05:30 DEBUG 29656 --- [wireblog-backend] [nio-8080-exec-3] s.w.s.m.m.a.RequestMappingHandlerMapping : Mapped to com.wireblog.controller.NewsController#headlines(String)
2026-07-11T12:40:34.075+05:30 DEBUG 29656 --- [wireblog-backend] [nio-8080-exec-3] org.hibernate.SQL                        : 
    select
        nh1_0.id,
        nh1_0.category,
        nh1_0.fetched_at,
        nh1_0.image_url,
        nh1_0.published_at,
        nh1_0.source_name,
        nh1_0.source_url,
        nh1_0.title 
    from
        news_headlines nh1_0 
    order by
        nh1_0.published_at desc 
    fetch
        first ? rows only
2026-07-11T12:40:34.084+05:30 DEBUG 29656 --- [wireblog-backend] [nio-8080-exec-3] m.m.a.RequestResponseBodyMethodProcessor : Using 'application/json', given [application/json, text/plain, */*] and supported [application/json, application/*+json]
2026-07-11T12:40:34.173+05:30 DEBUG 29656 --- [wireblog-backend] [nio-8080-exec-3] m.m.a.RequestResponseBodyMethodProcessor : Writing [[NewsHeadlineResponse[id=2, title=Archer gets into the World Cup spirit with clever run out, sourceU (truncated)...]
2026-07-11T12:40:34.183+05:30 DEBUG 29656 --- [wireblog-backend] [nio-8080-exec-3] o.s.web.servlet.DispatcherServlet        : Completed 200 OK
2026-07-11T12:40:35.634+05:30 DEBUG 29656 --- [wireblog-backend] [nio-8080-exec-9] o.s.web.servlet.DispatcherServlet        : GET "/api/news/headlines?category=business", parameters={masked}
2026-07-11T12:40:35.635+05:30 DEBUG 29656 --- [wireblog-backend] [nio-8080-exec-9] s.w.s.m.m.a.RequestMappingHandlerMapping : Mapped to com.wireblog.controller.NewsController#headlines(String)
2026-07-11T12:40:35.641+05:30 DEBUG 29656 --- [wireblog-backend] [nio-8080-exec-9] org.hibernate.SQL                        : 
    select
        nh1_0.id,
        nh1_0.category,
        nh1_0.fetched_at,
        nh1_0.image_url,
        nh1_0.published_at,
        nh1_0.source_name,
        nh1_0.source_url,
        nh1_0.title 
    from
        news_headlines nh1_0 
    where
        nh1_0.category=? 
    order by
        nh1_0.published_at desc 
    fetch
        first ? rows only
2026-07-11T12:40:35.646+05:30 DEBUG 29656 --- [wireblog-backend] [nio-8080-exec-9] org.hibernate.SQL                        : 
    select
        nh1_0.id,
        nh1_0.category,
        nh1_0.fetched_at,
        nh1_0.image_url,
        nh1_0.published_at,
        nh1_0.source_name,
        nh1_0.source_url,
        nh1_0.title 
    from
        news_headlines nh1_0 
    order by
        nh1_0.published_at desc 
    fetch
        first ? rows only
2026-07-11T12:40:35.737+05:30 DEBUG 29656 --- [wireblog-backend] [nio-8080-exec-9] m.m.a.RequestResponseBodyMethodProcessor : Using 'application/json', given [application/json, text/plain, */*] and supported [application/json, application/*+json]
2026-07-11T12:40:35.746+05:30 DEBUG 29656 --- [wireblog-backend] [nio-8080-exec-9] m.m.a.RequestResponseBodyMethodProcessor : Writing [[NewsHeadlineResponse[id=2, title=Archer gets into the World Cup spirit with clever run out, sourceU (truncated)...]
2026-07-11T12:40:35.756+05:30 DEBUG 29656 --- [wireblog-backend] [nio-8080-exec-9] o.s.web.servlet.DispatcherServlet        : Completed 200 OK
2026-07-11T12:40:36.886+05:30 DEBUG 29656 --- [wireblog-backend] [nio-8080-exec-2] o.s.web.servlet.DispatcherServlet        : GET "/api/news/headlines?category=technology", parameters={masked}
2026-07-11T12:40:36.888+05:30 DEBUG 29656 --- [wireblog-backend] [nio-8080-exec-2] s.w.s.m.m.a.RequestMappingHandlerMapping : Mapped to com.wireblog.controller.NewsController#headlines(String)
2026-07-11T12:40:36.895+05:30 DEBUG 29656 --- [wireblog-backend] [nio-8080-exec-2] org.hibernate.SQL                        : 
    select
        nh1_0.id,
        nh1_0.category,
        nh1_0.fetched_at,
        nh1_0.image_url,
        nh1_0.published_at,
        nh1_0.source_name,
        nh1_0.source_url,
        nh1_0.title 
    from
        news_headlines nh1_0 
    where
        nh1_0.category=? 
    order by
        nh1_0.published_at desc 
    fetch
        first ? rows only
2026-07-11T12:40:36.901+05:30 DEBUG 29656 --- [wireblog-backend] [nio-8080-exec-2] org.hibernate.SQL                        : 
    select
        nh1_0.id,
        nh1_0.category,
        nh1_0.fetched_at,
        nh1_0.image_url,
        nh1_0.published_at,
        nh1_0.source_name,
        nh1_0.source_url,
        nh1_0.title 
    from
        news_headlines nh1_0 
    order by
        nh1_0.published_at desc 
    fetch
        first ? rows only
2026-07-11T12:40:36.909+05:30 DEBUG 29656 --- [wireblog-backend] [nio-8080-exec-2] m.m.a.RequestResponseBodyMethodProcessor : Using 'application/json', given [application/json, text/plain, */*] and supported [application/json, application/*+json]
2026-07-11T12:40:37.006+05:30 DEBUG 29656 --- [wireblog-backend] [nio-8080-exec-2] m.m.a.RequestResponseBodyMethodProcessor : Writing [[NewsHeadlineResponse[id=2, title=Archer gets into the World Cup spirit with clever run out, sourceU (truncated)...]
2026-07-11T12:40:37.017+05:30 DEBUG 29656 --- [wireblog-backend] [nio-8080-exec-2] o.s.web.servlet.DispatcherServlet        : Completed 200 OK
2026-07-11T12:40:37.625+05:30 DEBUG 29656 --- [wireblog-backend] [nio-8080-exec-8] o.s.web.servlet.DispatcherServlet        : GET "/api/news/headlines?category=sports", parameters={masked}
2026-07-11T12:40:37.626+05:30 DEBUG 29656 --- [wireblog-backend] [nio-8080-exec-8] s.w.s.m.m.a.RequestMappingHandlerMapping : Mapped to com.wireblog.controller.NewsController#headlines(String)
2026-07-11T12:40:37.631+05:30 DEBUG 29656 --- [wireblog-backend] [nio-8080-exec-8] org.hibernate.SQL                        : 
    select
        nh1_0.id,
        nh1_0.category,
        nh1_0.fetched_at,
        nh1_0.image_url,
        nh1_0.published_at,
        nh1_0.source_name,
        nh1_0.source_url,
        nh1_0.title 
    from
        news_headlines nh1_0 
    where
        nh1_0.category=? 
    order by
        nh1_0.published_at desc 
    fetch
        first ? rows only
2026-07-11T12:40:37.637+05:30 DEBUG 29656 --- [wireblog-backend] [nio-8080-exec-8] org.hibernate.SQL                        : 
    select
        nh1_0.id,
        nh1_0.category,
        nh1_0.fetched_at,
        nh1_0.image_url,
        nh1_0.published_at,
        nh1_0.source_name,
        nh1_0.source_url,
        nh1_0.title 
    from
        news_headlines nh1_0 
    order by
        nh1_0.published_at desc 
    fetch
        first ? rows only
2026-07-11T12:40:37.644+05:30 DEBUG 29656 --- [wireblog-backend] [nio-8080-exec-8] m.m.a.RequestResponseBodyMethodProcessor : Using 'application/json', given [application/json, text/plain, */*] and supported [application/json, application/*+json]
2026-07-11T12:40:37.746+05:30 DEBUG 29656 --- [wireblog-backend] [nio-8080-exec-8] m.m.a.RequestResponseBodyMethodProcessor : Writing [[NewsHeadlineResponse[id=2, title=Archer gets into the World Cup spirit with clever run out, sourceU (truncated)...]
2026-07-11T12:40:37.750+05:30 DEBUG 29656 --- [wireblog-backend] [nio-8080-exec-8] o.s.web.servlet.DispatcherServlet        : Completed 200 OK
2026-07-11T12:40:38.730+05:30 DEBUG 29656 --- [wireblog-backend] [nio-8080-exec-4] o.s.web.servlet.DispatcherServlet        : GET "/api/news/headlines?category=science", parameters={masked}
2026-07-11T12:40:38.732+05:30 DEBUG 29656 --- [wireblog-backend] [nio-8080-exec-4] s.w.s.m.m.a.RequestMappingHandlerMapping : Mapped to com.wireblog.controller.NewsController#headlines(String)
2026-07-11T12:40:38.737+05:30 DEBUG 29656 --- [wireblog-backend] [nio-8080-exec-4] org.hibernate.SQL                        : 
    select
        nh1_0.id,
        nh1_0.category,
        nh1_0.fetched_at,
        nh1_0.image_url,
        nh1_0.published_at,
        nh1_0.source_name,
        nh1_0.source_url,
        nh1_0.title 
    from
        news_headlines nh1_0 
    where
        nh1_0.category=? 
    order by
        nh1_0.published_at desc 
    fetch
        first ? rows only
2026-07-11T12:40:38.758+05:30 DEBUG 29656 --- [wireblog-backend] [nio-8080-exec-4] org.hibernate.SQL                        : 
    select
        nh1_0.id,
        nh1_0.category,
        nh1_0.fetched_at,
        nh1_0.image_url,
        nh1_0.published_at,
        nh1_0.source_name,
        nh1_0.source_url,
        nh1_0.title 
    from
        news_headlines nh1_0 
    order by
        nh1_0.published_at desc 
    fetch
        first ? rows only
2026-07-11T12:40:38.840+05:30 DEBUG 29656 --- [wireblog-backend] [nio-8080-exec-4] m.m.a.RequestResponseBodyMethodProcessor : Using 'application/json', given [application/json, text/plain, */*] and supported [application/json, application/*+json]
2026-07-11T12:40:38.846+05:30 DEBUG 29656 --- [wireblog-backend] [nio-8080-exec-4] m.m.a.RequestResponseBodyMethodProcessor : Writing [[NewsHeadlineResponse[id=2, title=Archer gets into the World Cup spirit with clever run out, sourceU (truncated)...]
2026-07-11T12:40:38.851+05:30 DEBUG 29656 --- [wireblog-backend] [nio-8080-exec-4] o.s.web.servlet.DispatcherServlet        : Completed 200 OK
2026-07-11T12:40:39.435+05:30 DEBUG 29656 --- [wireblog-backend] [nio-8080-exec-3] o.s.web.servlet.DispatcherServlet        : GET "/api/news/headlines?category=health", parameters={masked}
2026-07-11T12:40:39.437+05:30 DEBUG 29656 --- [wireblog-backend] [nio-8080-exec-3] s.w.s.m.m.a.RequestMappingHandlerMapping : Mapped to com.wireblog.controller.NewsController#headlines(String)
2026-07-11T12:40:39.445+05:30 DEBUG 29656 --- [wireblog-backend] [nio-8080-exec-3] org.hibernate.SQL                        : 
    select
        nh1_0.id,
        nh1_0.category,
        nh1_0.fetched_at,
        nh1_0.image_url,
        nh1_0.published_at,
        nh1_0.source_name,
        nh1_0.source_url,
        nh1_0.title 
    from
        news_headlines nh1_0 
    where
        nh1_0.category=? 
    order by
        nh1_0.published_at desc 
    fetch
        first ? rows only
2026-07-11T12:40:39.544+05:30 DEBUG 29656 --- [wireblog-backend] [nio-8080-exec-3] org.hibernate.SQL                        : 
    select
        nh1_0.id,
        nh1_0.category,
        nh1_0.fetched_at,
        nh1_0.image_url,
        nh1_0.published_at,
        nh1_0.source_name,
        nh1_0.source_url,
        nh1_0.title 
    from
        news_headlines nh1_0 
    order by
        nh1_0.published_at desc 
    fetch
        first ? rows only
2026-07-11T12:40:39.563+05:30 DEBUG 29656 --- [wireblog-backend] [nio-8080-exec-3] m.m.a.RequestResponseBodyMethodProcessor : Using 'application/json', given [application/json, text/plain, */*] and supported [application/json, application/*+json]
2026-07-11T12:40:39.569+05:30 DEBUG 29656 --- [wireblog-backend] [nio-8080-exec-3] m.m.a.RequestResponseBodyMethodProcessor : Writing [[NewsHeadlineResponse[id=2, title=Archer gets into the World Cup spirit with clever run out, sourceU (truncated)...]
2026-07-11T12:40:39.572+05:30 DEBUG 29656 --- [wireblog-backend] [nio-8080-exec-3] o.s.web.servlet.DispatcherServlet        : Completed 200 OK
2026-07-11T12:40:40.653+05:30 DEBUG 29656 --- [wireblog-backend] [nio-8080-exec-9] o.s.web.servlet.DispatcherServlet        : GET "/api/news/headlines", parameters={}
2026-07-11T12:40:40.655+05:30 DEBUG 29656 --- [wireblog-backend] [nio-8080-exec-9] s.w.s.m.m.a.RequestMappingHandlerMapping : Mapped to com.wireblog.controller.NewsController#headlines(String)
2026-07-11T12:40:40.658+05:30 DEBUG 29656 --- [wireblog-backend] [nio-8080-exec-9] org.hibernate.SQL                        : 
    select
        nh1_0.id,
        nh1_0.category,
        nh1_0.fetched_at,
        nh1_0.image_url,
        nh1_0.published_at,
        nh1_0.source_name,
        nh1_0.source_url,
        nh1_0.title 
    from
        news_headlines nh1_0 
    order by
        nh1_0.published_at desc 
    fetch
        first ? rows only
2026-07-11T12:40:40.666+05:30 DEBUG 29656 --- [wireblog-backend] [nio-8080-exec-9] m.m.a.RequestResponseBodyMethodProcessor : Using 'application/json', given [application/json, text/plain, */*] and supported [application/json, application/*+json]
2026-07-11T12:40:40.672+05:30 DEBUG 29656 --- [wireblog-backend] [nio-8080-exec-9] m.m.a.RequestResponseBodyMethodProcessor : Writing [[NewsHeadlineResponse[id=2, title=Archer gets into the World Cup spirit with clever run out, sourceU (truncated)...]
2026-07-11T12:40:40.764+05:30 DEBUG 29656 --- [wireblog-backend] [nio-8080-exec-9] o.s.web.servlet.DispatcherServlet        : Completed 200 OK
2026-07-11T12:40:43.403+05:30 DEBUG 29656 --- [wireblog-backend] [io-8080-exec-10] o.s.web.servlet.DispatcherServlet        : GET "/api/news/headlines", parameters={}
2026-07-11T12:40:43.405+05:30 DEBUG 29656 --- [wireblog-backend] [io-8080-exec-10] s.w.s.m.m.a.RequestMappingHandlerMapping : Mapped to com.wireblog.controller.NewsController#headlines(String)
2026-07-11T12:40:43.410+05:30 DEBUG 29656 --- [wireblog-backend] [nio-8080-exec-1] o.s.web.servlet.DispatcherServlet        : GET "/api/sponsorships/active?placement=NEWS_TICKER", parameters={masked}
2026-07-11T12:40:43.410+05:30 DEBUG 29656 --- [wireblog-backend] [io-8080-exec-10] org.hibernate.SQL                        : 
    select
        nh1_0.id,
        nh1_0.category,
        nh1_0.fetched_at,
        nh1_0.image_url,
        nh1_0.published_at,
        nh1_0.source_name,
        nh1_0.source_url,
        nh1_0.title 
    from
        news_headlines nh1_0 
    order by
        nh1_0.published_at desc 
    fetch
        first ? rows only
2026-07-11T12:40:43.412+05:30 DEBUG 29656 --- [wireblog-backend] [nio-8080-exec-1] s.w.s.m.m.a.RequestMappingHandlerMapping : Mapped to com.wireblog.controller.SponsorshipController#active(String)
2026-07-11T12:40:43.418+05:30 DEBUG 29656 --- [wireblog-backend] [nio-8080-exec-1] org.hibernate.SQL                        : 
    select
        s1_0.id,
        s1_0.brand_name,
        s1_0.clicks,
        s1_0.created_at,
        s1_0.creative_image_url,
        s1_0.end_date,
        s1_0.headline,
        s1_0.impressions,
        s1_0.placement,
        s1_0.start_date,
        s1_0.status,
        s1_0.target_url 
    from
        sponsorships s1_0 
    where
        s1_0.placement=? 
        and s1_0.status=? 
        and s1_0.start_date<=? 
        and s1_0.end_date>=?
2026-07-11T12:40:43.423+05:30 DEBUG 29656 --- [wireblog-backend] [nio-8080-exec-1] m.m.a.RequestResponseBodyMethodProcessor : Using 'application/json', given [application/json, text/plain, */*] and supported [application/json, application/*+json]
2026-07-11T12:40:43.428+05:30 DEBUG 29656 --- [wireblog-backend] [io-8080-exec-10] m.m.a.RequestResponseBodyMethodProcessor : Using 'application/json', given [application/json, text/plain, */*] and supported [application/json, application/*+json]
2026-07-11T12:40:43.459+05:30 DEBUG 29656 --- [wireblog-backend] [nio-8080-exec-5] o.s.web.servlet.DispatcherServlet        : GET "/api/notifications", parameters={}
2026-07-11T12:40:43.519+05:30 DEBUG 29656 --- [wireblog-backend] [nio-8080-exec-1] m.m.a.RequestResponseBodyMethodProcessor : Writing [[]]
2026-07-11T12:40:43.520+05:30 DEBUG 29656 --- [wireblog-backend] [nio-8080-exec-5] s.w.s.m.m.a.RequestMappingHandlerMapping : Mapped to com.wireblog.controller.NotificationController#list()
2026-07-11T12:40:43.522+05:30 DEBUG 29656 --- [wireblog-backend] [nio-8080-exec-1] o.s.web.servlet.DispatcherServlet        : Completed 200 OK
2026-07-11T12:40:43.529+05:30 DEBUG 29656 --- [wireblog-backend] [io-8080-exec-10] m.m.a.RequestResponseBodyMethodProcessor : Writing [[NewsHeadlineResponse[id=2, title=Archer gets into the World Cup spirit with clever run out, sourceU (truncated)...]
2026-07-11T12:40:43.530+05:30 DEBUG 29656 --- [wireblog-backend] [nio-8080-exec-5] org.hibernate.SQL                        : 
    select
        u1_0.id,
        u1_0.avatar_url,
        u1_0.bio,
        u1_0.created_at,
        u1_0.display_name,
        u1_0.email,
        u1_0.email_verified,
        u1_0.enabled,
        u1_0.handle,
        u1_0.password_hash,
        u1_0.password_reset_expires_at,
        u1_0.password_reset_token,
        u1_0.role,
        u1_0.verification_token 
    from
        users u1_0 
    where
        u1_0.email=?
2026-07-11T12:40:43.537+05:30 DEBUG 29656 --- [wireblog-backend] [io-8080-exec-10] o.s.web.servlet.DispatcherServlet        : Completed 200 OK
2026-07-11T12:40:43.549+05:30 DEBUG 29656 --- [wireblog-backend] [nio-8080-exec-4] o.s.web.servlet.DispatcherServlet        : GET "/api/news/headlines", parameters={}
2026-07-11T12:40:43.553+05:30 DEBUG 29656 --- [wireblog-backend] [nio-8080-exec-4] s.w.s.m.m.a.RequestMappingHandlerMapping : Mapped to com.wireblog.controller.NewsController#headlines(String)
2026-07-11T12:40:43.556+05:30 DEBUG 29656 --- [wireblog-backend] [nio-8080-exec-4] org.hibernate.SQL                        : 
    select
        nh1_0.id,
        nh1_0.category,
        nh1_0.fetched_at,
        nh1_0.image_url,
        nh1_0.published_at,
        nh1_0.source_name,
        nh1_0.source_url,
        nh1_0.title 
    from
        news_headlines nh1_0 
    order by
        nh1_0.published_at desc 
    fetch
        first ? rows only
2026-07-11T12:40:43.563+05:30 DEBUG 29656 --- [wireblog-backend] [nio-8080-exec-4] m.m.a.RequestResponseBodyMethodProcessor : Using 'application/json', given [application/json, text/plain, */*] and supported [application/json, application/*+json]
2026-07-11T12:40:43.568+05:30 DEBUG 29656 --- [wireblog-backend] [nio-8080-exec-4] m.m.a.RequestResponseBodyMethodProcessor : Writing [[NewsHeadlineResponse[id=2, title=Archer gets into the World Cup spirit with clever run out, sourceU (truncated)...]
2026-07-11T12:40:43.571+05:30 DEBUG 29656 --- [wireblog-backend] [nio-8080-exec-5] org.hibernate.SQL                        : 
    select
        n1_0.id,
        n1_0.created_at,
        n1_0.link,
        n1_0.message,
        n1_0.read,
        n1_0.type,
        n1_0.user_id 
    from
        notifications n1_0 
    where
        n1_0.user_id=? 
    order by
        n1_0.created_at desc
2026-07-11T12:40:43.576+05:30 DEBUG 29656 --- [wireblog-backend] [nio-8080-exec-4] o.s.web.servlet.DispatcherServlet        : Completed 200 OK
2026-07-11T12:40:43.589+05:30 DEBUG 29656 --- [wireblog-backend] [nio-8080-exec-5] m.m.a.RequestResponseBodyMethodProcessor : Using 'application/json', given [application/json, text/plain, */*] and supported [application/json, application/*+json]
2026-07-11T12:40:43.590+05:30 DEBUG 29656 --- [wireblog-backend] [nio-8080-exec-5] m.m.a.RequestResponseBodyMethodProcessor : Writing [[]]
2026-07-11T12:40:43.594+05:30 DEBUG 29656 --- [wireblog-backend] [nio-8080-exec-5] o.s.web.servlet.DispatcherServlet        : Completed 200 OK
2026-07-11T12:40:57.551+05:30 DEBUG 29656 --- [wireblog-backend] [nio-8080-exec-6] o.s.web.servlet.DispatcherServlet        : GET "/api/sponsorships/active?placement=NEWS_TICKER", parameters={masked}
2026-07-11T12:40:57.553+05:30 DEBUG 29656 --- [wireblog-backend] [nio-8080-exec-9] o.s.web.servlet.DispatcherServlet        : GET "/api/news/headlines", parameters={}
2026-07-11T12:40:57.555+05:30 DEBUG 29656 --- [wireblog-backend] [nio-8080-exec-6] s.w.s.m.m.a.RequestMappingHandlerMapping : Mapped to com.wireblog.controller.SponsorshipController#active(String)
2026-07-11T12:40:57.556+05:30 DEBUG 29656 --- [wireblog-backend] [nio-8080-exec-9] s.w.s.m.m.a.RequestMappingHandlerMapping : Mapped to com.wireblog.controller.NewsController#headlines(String)
2026-07-11T12:40:57.564+05:30 DEBUG 29656 --- [wireblog-backend] [nio-8080-exec-9] org.hibernate.SQL                        : 
    select
        nh1_0.id,
        nh1_0.category,
        nh1_0.fetched_at,
        nh1_0.image_url,
        nh1_0.published_at,
        nh1_0.source_name,
        nh1_0.source_url,
        nh1_0.title 
    from
        news_headlines nh1_0 
    order by
        nh1_0.published_at desc 
    fetch
        first ? rows only
2026-07-11T12:40:57.571+05:30 DEBUG 29656 --- [wireblog-backend] [nio-8080-exec-6] org.hibernate.SQL                        : 
    select
        s1_0.id,
        s1_0.brand_name,
        s1_0.clicks,
        s1_0.created_at,
        s1_0.creative_image_url,
        s1_0.end_date,
        s1_0.headline,
        s1_0.impressions,
        s1_0.placement,
        s1_0.start_date,
        s1_0.status,
        s1_0.target_url 
    from
        sponsorships s1_0 
    where
        s1_0.placement=? 
        and s1_0.status=? 
        and s1_0.start_date<=? 
        and s1_0.end_date>=?
2026-07-11T12:40:57.593+05:30 DEBUG 29656 --- [wireblog-backend] [nio-8080-exec-9] m.m.a.RequestResponseBodyMethodProcessor : Using 'application/json', given [application/json, text/plain, */*] and supported [application/json, application/*+json]
2026-07-11T12:40:57.616+05:30 DEBUG 29656 --- [wireblog-backend] [nio-8080-exec-2] o.s.web.servlet.DispatcherServlet        : GET "/api/notifications", parameters={}
2026-07-11T12:40:57.674+05:30 DEBUG 29656 --- [wireblog-backend] [nio-8080-exec-6] m.m.a.RequestResponseBodyMethodProcessor : Using 'application/json', given [application/json, text/plain, */*] and supported [application/json, application/*+json]
2026-07-11T12:40:57.681+05:30 DEBUG 29656 --- [wireblog-backend] [nio-8080-exec-6] m.m.a.RequestResponseBodyMethodProcessor : Writing [[]]
2026-07-11T12:40:57.683+05:30 DEBUG 29656 --- [wireblog-backend] [nio-8080-exec-6] o.s.web.servlet.DispatcherServlet        : Completed 200 OK
2026-07-11T12:40:57.689+05:30 DEBUG 29656 --- [wireblog-backend] [nio-8080-exec-2] s.w.s.m.m.a.RequestMappingHandlerMapping : Mapped to com.wireblog.controller.NotificationController#list()
2026-07-11T12:40:57.716+05:30 DEBUG 29656 --- [wireblog-backend] [nio-8080-exec-9] m.m.a.RequestResponseBodyMethodProcessor : Writing [[NewsHeadlineResponse[id=2, title=Archer gets into the World Cup spirit with clever run out, sourceU (truncated)...]
2026-07-11T12:40:57.725+05:30 DEBUG 29656 --- [wireblog-backend] [nio-8080-exec-2] org.hibernate.SQL                        : 
    select
        u1_0.id,
        u1_0.avatar_url,
        u1_0.bio,
        u1_0.created_at,
        u1_0.display_name,
        u1_0.email,
        u1_0.email_verified,
        u1_0.enabled,
        u1_0.handle,
        u1_0.password_hash,
        u1_0.password_reset_expires_at,
        u1_0.password_reset_token,
        u1_0.role,
        u1_0.verification_token 
    from
        users u1_0 
    where
        u1_0.email=?
2026-07-11T12:40:57.733+05:30 DEBUG 29656 --- [wireblog-backend] [nio-8080-exec-9] o.s.web.servlet.DispatcherServlet        : Completed 200 OK
2026-07-11T12:40:57.735+05:30 DEBUG 29656 --- [wireblog-backend] [nio-8080-exec-2] org.hibernate.SQL                        : 
    select
        n1_0.id,
        n1_0.created_at,
        n1_0.link,
        n1_0.message,
        n1_0.read,
        n1_0.type,
        n1_0.user_id 
    from
        notifications n1_0 
    where
        n1_0.user_id=? 
    order by
        n1_0.created_at desc
2026-07-11T12:40:57.744+05:30 DEBUG 29656 --- [wireblog-backend] [nio-8080-exec-2] m.m.a.RequestResponseBodyMethodProcessor : Using 'application/json', given [application/json, text/plain, */*] and supported [application/json, application/*+json]
2026-07-11T12:40:57.745+05:30 DEBUG 29656 --- [wireblog-backend] [nio-8080-exec-2] m.m.a.RequestResponseBodyMethodProcessor : Writing [[]]
2026-07-11T12:40:57.750+05:30 DEBUG 29656 --- [wireblog-backend] [nio-8080-exec-2] o.s.web.servlet.DispatcherServlet        : Completed 200 OK
2026-07-11T12:40:57.885+05:30 DEBUG 29656 --- [wireblog-backend] [nio-8080-exec-8] o.s.web.servlet.DispatcherServlet        : GET "/api/news/headlines", parameters={}
2026-07-11T12:40:57.887+05:30 DEBUG 29656 --- [wireblog-backend] [nio-8080-exec-8] s.w.s.m.m.a.RequestMappingHandlerMapping : Mapped to com.wireblog.controller.NewsController#headlines(String)
2026-07-11T12:40:57.898+05:30 DEBUG 29656 --- [wireblog-backend] [nio-8080-exec-8] org.hibernate.SQL                        : 
    select
        nh1_0.id,
        nh1_0.category,
        nh1_0.fetched_at,
        nh1_0.image_url,
        nh1_0.published_at,
        nh1_0.source_name,
        nh1_0.source_url,
        nh1_0.title 
    from
        news_headlines nh1_0 
    order by
        nh1_0.published_at desc 
    fetch
        first ? rows only
2026-07-11T12:40:57.933+05:30 DEBUG 29656 --- [wireblog-backend] [nio-8080-exec-8] m.m.a.RequestResponseBodyMethodProcessor : Using 'application/json', given [application/json, text/plain, */*] and supported [application/json, application/*+json]
2026-07-11T12:40:57.942+05:30 DEBUG 29656 --- [wireblog-backend] [nio-8080-exec-8] m.m.a.RequestResponseBodyMethodProcessor : Writing [[NewsHeadlineResponse[id=2, title=Archer gets into the World Cup spirit with clever run out, sourceU (truncated)...]
2026-07-11T12:40:57.946+05:30 DEBUG 29656 --- [wireblog-backend] [nio-8080-exec-8] o.s.web.servlet.DispatcherServlet        : Completed 200 OK
2026-07-11T12:41:43.228+05:30 DEBUG 29656 --- [wireblog-backend] [nio-8080-exec-5] o.s.web.servlet.DispatcherServlet        : GET "/api/posts?page=0&size=13", parameters={masked}
2026-07-11T12:41:43.229+05:30 DEBUG 29656 --- [wireblog-backend] [nio-8080-exec-7] o.s.web.servlet.DispatcherServlet        : GET "/api/sponsorships/active?placement=SIDEBAR", parameters={masked}
2026-07-11T12:41:43.229+05:30 DEBUG 29656 --- [wireblog-backend] [nio-8080-exec-3] o.s.web.servlet.DispatcherServlet        : GET "/api/sponsorships/active?placement=FEED_BANNER", parameters={masked}
2026-07-11T12:41:43.524+05:30 DEBUG 29656 --- [wireblog-backend] [nio-8080-exec-5] s.w.s.m.m.a.RequestMappingHandlerMapping : Mapped to com.wireblog.controller.PostController#list(int, int, String, String)
2026-07-11T12:41:43.525+05:30 DEBUG 29656 --- [wireblog-backend] [nio-8080-exec-7] s.w.s.m.m.a.RequestMappingHandlerMapping : Mapped to com.wireblog.controller.SponsorshipController#active(String)
2026-07-11T12:41:43.525+05:30 DEBUG 29656 --- [wireblog-backend] [nio-8080-exec-3] s.w.s.m.m.a.RequestMappingHandlerMapping : Mapped to com.wireblog.controller.SponsorshipController#active(String)
2026-07-11T12:41:43.532+05:30 DEBUG 29656 --- [wireblog-backend] [nio-8080-exec-3] org.hibernate.SQL                        : 
    select
        s1_0.id,
        s1_0.brand_name,
        s1_0.clicks,
        s1_0.created_at,
        s1_0.creative_image_url,
        s1_0.end_date,
        s1_0.headline,
        s1_0.impressions,
        s1_0.placement,
        s1_0.start_date,
        s1_0.status,
        s1_0.target_url 
    from
        sponsorships s1_0 
    where
        s1_0.placement=? 
        and s1_0.status=? 
        and s1_0.start_date<=? 
        and s1_0.end_date>=?
2026-07-11T12:41:43.534+05:30 DEBUG 29656 --- [wireblog-backend] [nio-8080-exec-5] org.hibernate.SQL                        : 
    select
        p1_0.id,
        p1_0.author_id,
        p1_0.content,
        p1_0.cover_image_url,
        p1_0.created_at,
        p1_0.excerpt,
        p1_0.published_at,
        p1_0.share_count,
        p1_0.slug,
        p1_0.status,
        p1_0.title,
        p1_0.updated_at,
        p1_0.view_count 
    from
        posts p1_0 
    where
        p1_0.status=? 
    order by
        p1_0.created_at desc 
    fetch
        first ? rows only
2026-07-11T12:41:43.537+05:30 DEBUG 29656 --- [wireblog-backend] [nio-8080-exec-3] m.m.a.RequestResponseBodyMethodProcessor : Using 'application/json', given [application/json, text/plain, */*] and supported [application/json, application/*+json]
2026-07-11T12:41:43.538+05:30 DEBUG 29656 --- [wireblog-backend] [nio-8080-exec-3] m.m.a.RequestResponseBodyMethodProcessor : Writing [[]]
2026-07-11T12:41:43.539+05:30 DEBUG 29656 --- [wireblog-backend] [nio-8080-exec-3] o.s.web.servlet.DispatcherServlet        : Completed 200 OK
2026-07-11T12:41:43.543+05:30 DEBUG 29656 --- [wireblog-backend] [nio-8080-exec-7] org.hibernate.SQL                        : 
    select
        s1_0.id,
        s1_0.brand_name,
        s1_0.clicks,
        s1_0.created_at,
        s1_0.creative_image_url,
        s1_0.end_date,
        s1_0.headline,
        s1_0.impressions,
        s1_0.placement,
        s1_0.start_date,
        s1_0.status,
        s1_0.target_url 
    from
        sponsorships s1_0 
    where
        s1_0.placement=? 
        and s1_0.status=? 
        and s1_0.start_date<=? 
        and s1_0.end_date>=?
2026-07-11T12:41:43.560+05:30 DEBUG 29656 --- [wireblog-backend] [nio-8080-exec-7] m.m.a.RequestResponseBodyMethodProcessor : Using 'application/json', given [application/json, text/plain, */*] and supported [application/json, application/*+json]
2026-07-11T12:41:43.585+05:30 DEBUG 29656 --- [wireblog-backend] [nio-8080-exec-5] org.hibernate.SQL                        : 
    select
        count(c1_0.id) 
    from
        comments c1_0 
    where
        c1_0.post_id=?
2026-07-11T12:41:43.628+05:30 DEBUG 29656 --- [wireblog-backend] [nio-8080-exec-7] m.m.a.RequestResponseBodyMethodProcessor : Writing [[]]
2026-07-11T12:41:43.631+05:30 DEBUG 29656 --- [wireblog-backend] [nio-8080-exec-7] o.s.web.servlet.DispatcherServlet        : Completed 200 OK
2026-07-11T12:41:43.636+05:30 DEBUG 29656 --- [wireblog-backend] [nio-8080-exec-5] org.hibernate.SQL                        : 
    select
        t1_0.post_id,
        t1_0.tag 
    from
        post_tags t1_0 
    where
        t1_0.post_id=?
2026-07-11T12:41:43.664+05:30 DEBUG 29656 --- [wireblog-backend] [nio-8080-exec-5] org.hibernate.SQL                        : 
    select
        u1_0.id,
        u1_0.avatar_url,
        u1_0.bio,
        u1_0.created_at,
        u1_0.display_name,
        u1_0.email,
        u1_0.email_verified,
        u1_0.enabled,
        u1_0.handle,
        u1_0.password_hash,
        u1_0.password_reset_expires_at,
        u1_0.password_reset_token,
        u1_0.role,
        u1_0.verification_token 
    from
        users u1_0 
    where
        u1_0.id=?
2026-07-11T12:41:43.670+05:30 DEBUG 29656 --- [wireblog-backend] [nio-8080-exec-5] org.hibernate.SQL                        : 
    select
        count(c1_0.id) 
    from
        comments c1_0 
    where
        c1_0.post_id=?
2026-07-11T12:41:43.686+05:30 DEBUG 29656 --- [wireblog-backend] [nio-8080-exec-5] org.hibernate.SQL                        : 
    select
        t1_0.post_id,
        t1_0.tag 
    from
        post_tags t1_0 
    where
        t1_0.post_id=?
2026-07-11T12:41:43.688+05:30 DEBUG 29656 --- [wireblog-backend] [nio-8080-exec-5] org.hibernate.SQL                        : 
    select
        u1_0.id,
        u1_0.avatar_url,
        u1_0.bio,
        u1_0.created_at,
        u1_0.display_name,
        u1_0.email,
        u1_0.email_verified,
        u1_0.enabled,
        u1_0.handle,
        u1_0.password_hash,
        u1_0.password_reset_expires_at,
        u1_0.password_reset_token,
        u1_0.role,
        u1_0.verification_token 
    from
        users u1_0 
    where
        u1_0.id=?
2026-07-11T12:41:43.718+05:30 DEBUG 29656 --- [wireblog-backend] [nio-8080-exec-5] m.m.a.RequestResponseBodyMethodProcessor : Using 'application/json', given [application/json, text/plain, */*] and supported [application/json, application/*+json]
2026-07-11T12:41:43.719+05:30 DEBUG 29656 --- [wireblog-backend] [nio-8080-exec-5] m.m.a.RequestResponseBodyMethodProcessor : Writing [Page 1 of 1 containing com.wireblog.dto.PostSummaryResponse instances]
2026-07-11T12:41:43.722+05:30 DEBUG 29656 --- [wireblog-backend] [nio-8080-exec-5] o.s.web.servlet.DispatcherServlet        : Completed 200 OK
2026-07-11T12:41:48.965+05:30 DEBUG 29656 --- [wireblog-backend] [nio-8080-exec-9] o.s.web.servlet.DispatcherServlet        : GET "/api/admin/sponsorships", parameters={}
2026-07-11T12:41:48.968+05:30 DEBUG 29656 --- [wireblog-backend] [nio-8080-exec-9] s.w.s.m.m.a.RequestMappingHandlerMapping : Mapped to com.wireblog.controller.AdminController#listSponsorships()
2026-07-11T12:41:48.975+05:30 DEBUG 29656 --- [wireblog-backend] [nio-8080-exec-9] org.hibernate.SQL                        : 
    select
        s1_0.id,
        s1_0.brand_name,
        s1_0.clicks,
        s1_0.created_at,
        s1_0.creative_image_url,
        s1_0.end_date,
        s1_0.headline,
        s1_0.impressions,
        s1_0.placement,
        s1_0.start_date,
        s1_0.status,
        s1_0.target_url 
    from
        sponsorships s1_0
2026-07-11T12:41:48.982+05:30 DEBUG 29656 --- [wireblog-backend] [nio-8080-exec-9] m.m.a.RequestResponseBodyMethodProcessor : Using 'application/json', given [application/json, text/plain, */*] and supported [application/json, application/*+json]
2026-07-11T12:41:49.075+05:30 DEBUG 29656 --- [wireblog-backend] [nio-8080-exec-9] m.m.a.RequestResponseBodyMethodProcessor : Writing [[]]
2026-07-11T12:41:49.076+05:30 DEBUG 29656 --- [wireblog-backend] [nio-8080-exec-9] o.s.web.servlet.DispatcherServlet        : Completed 200 OK
2026-07-11T12:53:25.190+05:30 DEBUG 29656 --- [wireblog-backend] [   scheduling-1] o.s.web.client.RestTemplate              : HTTP GET https://newsapi.org/v2/top-headlines?country=in&pageSize=50&apiKey=1a908d5e59954ae7b071e41ff73ed042
2026-07-11T12:53:25.727+05:30 DEBUG 29656 --- [wireblog-backend] [   scheduling-1] o.s.web.client.RestTemplate              : Accept=[text/plain, application/json, application/*+json, */*]
2026-07-11T12:53:27.234+05:30 DEBUG 29656 --- [wireblog-backend] [   scheduling-1] o.s.web.client.RestTemplate              : Response 200 OK
2026-07-11T12:53:27.236+05:30 DEBUG 29656 --- [wireblog-backend] [   scheduling-1] o.s.web.client.RestTemplate              : Reading to [java.lang.String] as "application/json;charset=utf-8"
2026-07-11T12:53:27.297+05:30 DEBUG 29656 --- [wireblog-backend] [   scheduling-1] org.hibernate.SQL                        : 
    select
        nh1_0.id,
        nh1_0.category,
        nh1_0.fetched_at,
        nh1_0.image_url,
        nh1_0.published_at,
        nh1_0.source_name,
        nh1_0.source_url,
        nh1_0.title 
    from
        news_headlines nh1_0 
    where
        nh1_0.fetched_at<?
2026-07-11T12:53:27.381+05:30 DEBUG 29656 --- [wireblog-backend] [   scheduling-1] org.hibernate.SQL                        : 
    select
        nh1_0.id,
        nh1_0.category,
        nh1_0.fetched_at,
        nh1_0.image_url,
        nh1_0.published_at,
        nh1_0.source_name,
        nh1_0.source_url,
        nh1_0.title 
    from
        news_headlines nh1_0 
    order by
        nh1_0.published_at desc 
    fetch
        first ? rows only
2026-07-11T12:53:27.408+05:30 DEBUG 29656 --- [wireblog-backend] [   scheduling-1] org.hibernate.SQL                        : 
    select
        nh1_0.id,
        nh1_0.category,
        nh1_0.fetched_at,
        nh1_0.image_url,
        nh1_0.published_at,
        nh1_0.source_name,
        nh1_0.source_url,
        nh1_0.title 
    from
        news_headlines nh1_0 
    order by
        nh1_0.published_at desc 
    fetch
        first ? rows only
2026-07-11T12:53:27.411+05:30  INFO 29656 --- [wireblog-backend] [   scheduling-1] com.wireblog.service.NewsService         : Refreshed news headlines. Cached headline count now 50.
2026-07-11T13:06:07.772+05:30 DEBUG 29656 --- [wireblog-backend] [nio-8080-exec-5] o.s.web.servlet.DispatcherServlet        : GET "/api/admin/sponsorships", parameters={}
2026-07-11T13:06:07.773+05:30 DEBUG 29656 --- [wireblog-backend] [nio-8080-exec-6] o.s.web.servlet.DispatcherServlet        : GET "/api/news/headlines", parameters={}
2026-07-11T13:06:07.772+05:30 DEBUG 29656 --- [wireblog-backend] [nio-8080-exec-2] o.s.web.servlet.DispatcherServlet        : GET "/api/sponsorships/active?placement=NEWS_TICKER", parameters={masked}
2026-07-11T13:06:07.772+05:30 DEBUG 29656 --- [wireblog-backend] [nio-8080-exec-9] o.s.web.servlet.DispatcherServlet        : GET "/api/notifications", parameters={}
2026-07-11T13:06:08.096+05:30 DEBUG 29656 --- [wireblog-backend] [nio-8080-exec-5] s.w.s.m.m.a.RequestMappingHandlerMapping : Mapped to com.wireblog.controller.AdminController#listSponsorships()
2026-07-11T13:06:08.096+05:30 DEBUG 29656 --- [wireblog-backend] [nio-8080-exec-2] s.w.s.m.m.a.RequestMappingHandlerMapping : Mapped to com.wireblog.controller.SponsorshipController#active(String)
2026-07-11T13:06:08.097+05:30 DEBUG 29656 --- [wireblog-backend] [nio-8080-exec-9] s.w.s.m.m.a.RequestMappingHandlerMapping : Mapped to com.wireblog.controller.NotificationController#list()
2026-07-11T13:06:08.097+05:30 DEBUG 29656 --- [wireblog-backend] [nio-8080-exec-6] s.w.s.m.m.a.RequestMappingHandlerMapping : Mapped to com.wireblog.controller.NewsController#headlines(String)
2026-07-11T13:06:08.241+05:30 DEBUG 29656 --- [wireblog-backend] [nio-8080-exec-5] org.hibernate.SQL                        : 
    select
        s1_0.id,
        s1_0.brand_name,
        s1_0.clicks,
        s1_0.created_at,
        s1_0.creative_image_url,
        s1_0.end_date,
        s1_0.headline,
        s1_0.impressions,
        s1_0.placement,
        s1_0.start_date,
        s1_0.status,
        s1_0.target_url 
    from
        sponsorships s1_0
2026-07-11T13:06:08.242+05:30 DEBUG 29656 --- [wireblog-backend] [nio-8080-exec-9] org.hibernate.SQL                        : 
    select
        u1_0.id,
        u1_0.avatar_url,
        u1_0.bio,
        u1_0.created_at,
        u1_0.display_name,
        u1_0.email,
        u1_0.email_verified,
        u1_0.enabled,
        u1_0.handle,
        u1_0.password_hash,
        u1_0.password_reset_expires_at,
        u1_0.password_reset_token,
        u1_0.role,
        u1_0.verification_token 
    from
        users u1_0 
    where
        u1_0.email=?
2026-07-11T13:06:08.241+05:30 DEBUG 29656 --- [wireblog-backend] [nio-8080-exec-6] org.hibernate.SQL                        : 
    select
        nh1_0.id,
        nh1_0.category,
        nh1_0.fetched_at,
        nh1_0.image_url,
        nh1_0.published_at,
        nh1_0.source_name,
        nh1_0.source_url,
        nh1_0.title 
    from
        news_headlines nh1_0 
    order by
        nh1_0.published_at desc 
    fetch
        first ? rows only
2026-07-11T13:06:08.241+05:30 DEBUG 29656 --- [wireblog-backend] [nio-8080-exec-2] org.hibernate.SQL                        : 
    select
        s1_0.id,
        s1_0.brand_name,
        s1_0.clicks,
        s1_0.created_at,
        s1_0.creative_image_url,
        s1_0.end_date,
        s1_0.headline,
        s1_0.impressions,
        s1_0.placement,
        s1_0.start_date,
        s1_0.status,
        s1_0.target_url 
    from
        sponsorships s1_0 
    where
        s1_0.placement=? 
        and s1_0.status=? 
        and s1_0.start_date<=? 
        and s1_0.end_date>=?
2026-07-11T13:06:08.334+05:30 DEBUG 29656 --- [wireblog-backend] [nio-8080-exec-6] m.m.a.RequestResponseBodyMethodProcessor : Using 'application/json', given [application/json, text/plain, */*] and supported [application/json, application/*+json]
2026-07-11T13:06:08.334+05:30 DEBUG 29656 --- [wireblog-backend] [nio-8080-exec-2] m.m.a.RequestResponseBodyMethodProcessor : Using 'application/json', given [application/json, text/plain, */*] and supported [application/json, application/*+json]
2026-07-11T13:06:08.334+05:30 DEBUG 29656 --- [wireblog-backend] [nio-8080-exec-5] m.m.a.RequestResponseBodyMethodProcessor : Using 'application/json', given [application/json, text/plain, */*] and supported [application/json, application/*+json]
2026-07-11T13:06:08.340+05:30 DEBUG 29656 --- [wireblog-backend] [nio-8080-exec-5] m.m.a.RequestResponseBodyMethodProcessor : Writing [[]]
2026-07-11T13:06:08.340+05:30 DEBUG 29656 --- [wireblog-backend] [nio-8080-exec-2] m.m.a.RequestResponseBodyMethodProcessor : Writing [[]]
2026-07-11T13:06:08.344+05:30 DEBUG 29656 --- [wireblog-backend] [nio-8080-exec-6] m.m.a.RequestResponseBodyMethodProcessor : Writing [[NewsHeadlineResponse[id=2, title=Archer gets into the World Cup spirit with clever run out, sourceU (truncated)...]
2026-07-11T13:06:08.360+05:30 DEBUG 29656 --- [wireblog-backend] [nio-8080-exec-5] o.s.web.servlet.DispatcherServlet        : Completed 200 OK
2026-07-11T13:06:08.360+05:30 DEBUG 29656 --- [wireblog-backend] [nio-8080-exec-2] o.s.web.servlet.DispatcherServlet        : Completed 200 OK
2026-07-11T13:06:08.364+05:30 DEBUG 29656 --- [wireblog-backend] [nio-8080-exec-9] org.hibernate.SQL                        : 
    select
        n1_0.id,
        n1_0.created_at,
        n1_0.link,
        n1_0.message,
        n1_0.read,
        n1_0.type,
        n1_0.user_id 
    from
        notifications n1_0 
    where
        n1_0.user_id=? 
    order by
        n1_0.created_at desc
2026-07-11T13:06:08.364+05:30 DEBUG 29656 --- [wireblog-backend] [nio-8080-exec-6] o.s.web.servlet.DispatcherServlet        : Completed 200 OK
2026-07-11T13:06:08.376+05:30 DEBUG 29656 --- [wireblog-backend] [nio-8080-exec-9] m.m.a.RequestResponseBodyMethodProcessor : Using 'application/json', given [application/json, text/plain, */*] and supported [application/json, application/*+json]
2026-07-11T13:06:08.385+05:30 DEBUG 29656 --- [wireblog-backend] [nio-8080-exec-9] m.m.a.RequestResponseBodyMethodProcessor : Writing [[]]
2026-07-11T13:06:08.390+05:30 DEBUG 29656 --- [wireblog-backend] [nio-8080-exec-9] o.s.web.servlet.DispatcherServlet        : Completed 200 OK
2026-07-11T13:06:10.302+05:30 DEBUG 29656 --- [wireblog-backend] [nio-8080-exec-3] o.s.web.servlet.DispatcherServlet        : GET "/api/sponsorships/active?placement=SIDEBAR", parameters={masked}
2026-07-11T13:06:10.303+05:30 DEBUG 29656 --- [wireblog-backend] [nio-8080-exec-4] o.s.web.servlet.DispatcherServlet        : GET "/api/sponsorships/active?placement=FEED_BANNER", parameters={masked}
2026-07-11T13:06:10.303+05:30 DEBUG 29656 --- [wireblog-backend] [nio-8080-exec-3] s.w.s.m.m.a.RequestMappingHandlerMapping : Mapped to com.wireblog.controller.SponsorshipController#active(String)
2026-07-11T13:06:10.303+05:30 DEBUG 29656 --- [wireblog-backend] [nio-8080-exec-7] o.s.web.servlet.DispatcherServlet        : GET "/api/posts?page=0&size=13", parameters={masked}
2026-07-11T13:06:10.306+05:30 DEBUG 29656 --- [wireblog-backend] [nio-8080-exec-4] s.w.s.m.m.a.RequestMappingHandlerMapping : Mapped to com.wireblog.controller.SponsorshipController#active(String)
2026-07-11T13:06:10.306+05:30 DEBUG 29656 --- [wireblog-backend] [nio-8080-exec-7] s.w.s.m.m.a.RequestMappingHandlerMapping : Mapped to com.wireblog.controller.PostController#list(int, int, String, String)
2026-07-11T13:06:10.311+05:30 DEBUG 29656 --- [wireblog-backend] [nio-8080-exec-3] org.hibernate.SQL                        : 
    select
        s1_0.id,
        s1_0.brand_name,
        s1_0.clicks,
        s1_0.created_at,
        s1_0.creative_image_url,
        s1_0.end_date,
        s1_0.headline,
        s1_0.impressions,
        s1_0.placement,
        s1_0.start_date,
        s1_0.status,
        s1_0.target_url 
    from
        sponsorships s1_0 
    where
        s1_0.placement=? 
        and s1_0.status=? 
        and s1_0.start_date<=? 
        and s1_0.end_date>=?
2026-07-11T13:06:10.311+05:30 DEBUG 29656 --- [wireblog-backend] [nio-8080-exec-4] org.hibernate.SQL                        : 
    select
        s1_0.id,
        s1_0.brand_name,
        s1_0.clicks,
        s1_0.created_at,
        s1_0.creative_image_url,
        s1_0.end_date,
        s1_0.headline,
        s1_0.impressions,
        s1_0.placement,
        s1_0.start_date,
        s1_0.status,
        s1_0.target_url 
    from
        sponsorships s1_0 
    where
        s1_0.placement=? 
        and s1_0.status=? 
        and s1_0.start_date<=? 
        and s1_0.end_date>=?
2026-07-11T13:06:10.314+05:30 DEBUG 29656 --- [wireblog-backend] [nio-8080-exec-4] m.m.a.RequestResponseBodyMethodProcessor : Using 'application/json', given [application/json, text/plain, */*] and supported [application/json, application/*+json]
2026-07-11T13:06:10.314+05:30 DEBUG 29656 --- [wireblog-backend] [nio-8080-exec-4] m.m.a.RequestResponseBodyMethodProcessor : Writing [[]]
2026-07-11T13:06:10.317+05:30 DEBUG 29656 --- [wireblog-backend] [nio-8080-exec-4] o.s.web.servlet.DispatcherServlet        : Completed 200 OK
2026-07-11T13:06:10.323+05:30 DEBUG 29656 --- [wireblog-backend] [nio-8080-exec-3] m.m.a.RequestResponseBodyMethodProcessor : Using 'application/json', given [application/json, text/plain, */*] and supported [application/json, application/*+json]
2026-07-11T13:06:10.325+05:30 DEBUG 29656 --- [wireblog-backend] [nio-8080-exec-3] m.m.a.RequestResponseBodyMethodProcessor : Writing [[]]
2026-07-11T13:06:10.326+05:30 DEBUG 29656 --- [wireblog-backend] [nio-8080-exec-3] o.s.web.servlet.DispatcherServlet        : Completed 200 OK
2026-07-11T13:06:10.348+05:30 DEBUG 29656 --- [wireblog-backend] [nio-8080-exec-7] org.hibernate.SQL                        : 
    select
        p1_0.id,
        p1_0.author_id,
        p1_0.content,
        p1_0.cover_image_url,
        p1_0.created_at,
        p1_0.excerpt,
        p1_0.published_at,
        p1_0.share_count,
        p1_0.slug,
        p1_0.status,
        p1_0.title,
        p1_0.updated_at,
        p1_0.view_count 
    from
        posts p1_0 
    where
        p1_0.status=? 
    order by
        p1_0.created_at desc 
    fetch
        first ? rows only
2026-07-11T13:06:10.488+05:30 DEBUG 29656 --- [wireblog-backend] [nio-8080-exec-7] org.hibernate.SQL                        : 
    select
        count(c1_0.id) 
    from
        comments c1_0 
    where
        c1_0.post_id=?
2026-07-11T13:06:10.501+05:30 DEBUG 29656 --- [wireblog-backend] [nio-8080-exec-7] org.hibernate.SQL                        : 
    select
        t1_0.post_id,
        t1_0.tag 
    from
        post_tags t1_0 
    where
        t1_0.post_id=?
2026-07-11T13:06:10.514+05:30 DEBUG 29656 --- [wireblog-backend] [nio-8080-exec-7] org.hibernate.SQL                        : 
    select
        u1_0.id,
        u1_0.avatar_url,
        u1_0.bio,
        u1_0.created_at,
        u1_0.display_name,
        u1_0.email,
        u1_0.email_verified,
        u1_0.enabled,
        u1_0.handle,
        u1_0.password_hash,
        u1_0.password_reset_expires_at,
        u1_0.password_reset_token,
        u1_0.role,
        u1_0.verification_token 
    from
        users u1_0 
    where
        u1_0.id=?
2026-07-11T13:06:10.523+05:30 DEBUG 29656 --- [wireblog-backend] [nio-8080-exec-7] org.hibernate.SQL                        : 
    select
        count(c1_0.id) 
    from
        comments c1_0 
    where
        c1_0.post_id=?
2026-07-11T13:06:10.525+05:30 DEBUG 29656 --- [wireblog-backend] [nio-8080-exec-7] org.hibernate.SQL                        : 
    select
        t1_0.post_id,
        t1_0.tag 
    from
        post_tags t1_0 
    where
        t1_0.post_id=?
2026-07-11T13:06:10.527+05:30 DEBUG 29656 --- [wireblog-backend] [nio-8080-exec-7] org.hibernate.SQL                        : 
    select
        u1_0.id,
        u1_0.avatar_url,
        u1_0.bio,
        u1_0.created_at,
        u1_0.display_name,
        u1_0.email,
        u1_0.email_verified,
        u1_0.enabled,
        u1_0.handle,
        u1_0.password_hash,
        u1_0.password_reset_expires_at,
        u1_0.password_reset_token,
        u1_0.role,
        u1_0.verification_token 
    from
        users u1_0 
    where
        u1_0.id=?
2026-07-11T13:06:10.530+05:30 DEBUG 29656 --- [wireblog-backend] [nio-8080-exec-7] m.m.a.RequestResponseBodyMethodProcessor : Using 'application/json', given [application/json, text/plain, */*] and supported [application/json, application/*+json]
2026-07-11T13:06:10.533+05:30 DEBUG 29656 --- [wireblog-backend] [nio-8080-exec-7] m.m.a.RequestResponseBodyMethodProcessor : Writing [Page 1 of 1 containing com.wireblog.dto.PostSummaryResponse instances]
2026-07-11T13:06:10.537+05:30 DEBUG 29656 --- [wireblog-backend] [nio-8080-exec-7] o.s.web.servlet.DispatcherServlet        : Completed 200 OK
2026-07-11T13:06:14.697+05:30 DEBUG 29656 --- [wireblog-backend] [nio-8080-exec-2] o.s.web.servlet.DispatcherServlet        : GET "/api/news/headlines", parameters={}
2026-07-11T13:06:14.699+05:30 DEBUG 29656 --- [wireblog-backend] [nio-8080-exec-2] s.w.s.m.m.a.RequestMappingHandlerMapping : Mapped to com.wireblog.controller.NewsController#headlines(String)
2026-07-11T13:06:14.702+05:30 DEBUG 29656 --- [wireblog-backend] [nio-8080-exec-2] org.hibernate.SQL                        : 
    select
        nh1_0.id,
        nh1_0.category,
        nh1_0.fetched_at,
        nh1_0.image_url,
        nh1_0.published_at,
        nh1_0.source_name,
        nh1_0.source_url,
        nh1_0.title 
    from
        news_headlines nh1_0 
    order by
        nh1_0.published_at desc 
    fetch
        first ? rows only
2026-07-11T13:06:14.709+05:30 DEBUG 29656 --- [wireblog-backend] [nio-8080-exec-2] m.m.a.RequestResponseBodyMethodProcessor : Using 'application/json', given [application/json, text/plain, */*] and supported [application/json, application/*+json]
2026-07-11T13:06:14.809+05:30 DEBUG 29656 --- [wireblog-backend] [nio-8080-exec-2] m.m.a.RequestResponseBodyMethodProcessor : Writing [[NewsHeadlineResponse[id=2, title=Archer gets into the World Cup spirit with clever run out, sourceU (truncated)...]
2026-07-11T13:06:14.813+05:30 DEBUG 29656 --- [wireblog-backend] [nio-8080-exec-2] o.s.web.servlet.DispatcherServlet        : Completed 200 OK
2026-07-11T13:06:16.536+05:30 DEBUG 29656 --- [wireblog-backend] [nio-8080-exec-9] o.s.web.servlet.DispatcherServlet        : GET "/api/news/headlines?category=business", parameters={masked}
2026-07-11T13:06:16.537+05:30 DEBUG 29656 --- [wireblog-backend] [nio-8080-exec-9] s.w.s.m.m.a.RequestMappingHandlerMapping : Mapped to com.wireblog.controller.NewsController#headlines(String)
2026-07-11T13:06:16.583+05:30 DEBUG 29656 --- [wireblog-backend] [nio-8080-exec-9] org.hibernate.SQL                        : 
    select
        nh1_0.id,
        nh1_0.category,
        nh1_0.fetched_at,
        nh1_0.image_url,
        nh1_0.published_at,
        nh1_0.source_name,
        nh1_0.source_url,
        nh1_0.title 
    from
        news_headlines nh1_0 
    where
        nh1_0.category=? 
    order by
        nh1_0.published_at desc 
    fetch
        first ? rows only
2026-07-11T13:06:16.641+05:30 DEBUG 29656 --- [wireblog-backend] [nio-8080-exec-9] org.hibernate.SQL                        : 
    select
        nh1_0.id,
        nh1_0.category,
        nh1_0.fetched_at,
        nh1_0.image_url,
        nh1_0.published_at,
        nh1_0.source_name,
        nh1_0.source_url,
        nh1_0.title 
    from
        news_headlines nh1_0 
    order by
        nh1_0.published_at desc 
    fetch
        first ? rows only
2026-07-11T13:06:16.657+05:30 DEBUG 29656 --- [wireblog-backend] [nio-8080-exec-9] m.m.a.RequestResponseBodyMethodProcessor : Using 'application/json', given [application/json, text/plain, */*] and supported [application/json, application/*+json]
2026-07-11T13:06:16.668+05:30 DEBUG 29656 --- [wireblog-backend] [nio-8080-exec-9] m.m.a.RequestResponseBodyMethodProcessor : Writing [[NewsHeadlineResponse[id=2, title=Archer gets into the World Cup spirit with clever run out, sourceU (truncated)...]
2026-07-11T13:06:16.670+05:30 DEBUG 29656 --- [wireblog-backend] [nio-8080-exec-9] o.s.web.servlet.DispatcherServlet        : Completed 200 OK
2026-07-11T13:06:18.086+05:30 DEBUG 29656 --- [wireblog-backend] [nio-8080-exec-1] o.s.web.servlet.DispatcherServlet        : GET "/api/news/headlines?category=technology", parameters={masked}
2026-07-11T13:06:18.089+05:30 DEBUG 29656 --- [wireblog-backend] [nio-8080-exec-1] s.w.s.m.m.a.RequestMappingHandlerMapping : Mapped to com.wireblog.controller.NewsController#headlines(String)
2026-07-11T13:06:18.093+05:30 DEBUG 29656 --- [wireblog-backend] [nio-8080-exec-1] org.hibernate.SQL                        : 
    select
        nh1_0.id,
        nh1_0.category,
        nh1_0.fetched_at,
        nh1_0.image_url,
        nh1_0.published_at,
        nh1_0.source_name,
        nh1_0.source_url,
        nh1_0.title 
    from
        news_headlines nh1_0 
    where
        nh1_0.category=? 
    order by
        nh1_0.published_at desc 
    fetch
        first ? rows only
2026-07-11T13:06:18.098+05:30 DEBUG 29656 --- [wireblog-backend] [nio-8080-exec-1] org.hibernate.SQL                        : 
    select
        nh1_0.id,
        nh1_0.category,
        nh1_0.fetched_at,
        nh1_0.image_url,
        nh1_0.published_at,
        nh1_0.source_name,
        nh1_0.source_url,
        nh1_0.title 
    from
        news_headlines nh1_0 
    order by
        nh1_0.published_at desc 
    fetch
        first ? rows only
2026-07-11T13:06:18.102+05:30 DEBUG 29656 --- [wireblog-backend] [nio-8080-exec-1] m.m.a.RequestResponseBodyMethodProcessor : Using 'application/json', given [application/json, text/plain, */*] and supported [application/json, application/*+json]
2026-07-11T13:06:18.197+05:30 DEBUG 29656 --- [wireblog-backend] [nio-8080-exec-1] m.m.a.RequestResponseBodyMethodProcessor : Writing [[NewsHeadlineResponse[id=2, title=Archer gets into the World Cup spirit with clever run out, sourceU (truncated)...]
2026-07-11T13:06:18.208+05:30 DEBUG 29656 --- [wireblog-backend] [nio-8080-exec-1] o.s.web.servlet.DispatcherServlet        : Completed 200 OK
2026-07-11T13:06:19.022+05:30 DEBUG 29656 --- [wireblog-backend] [nio-8080-exec-8] o.s.web.servlet.DispatcherServlet        : GET "/api/news/headlines", parameters={}
2026-07-11T13:06:19.023+05:30 DEBUG 29656 --- [wireblog-backend] [nio-8080-exec-8] s.w.s.m.m.a.RequestMappingHandlerMapping : Mapped to com.wireblog.controller.NewsController#headlines(String)
2026-07-11T13:06:19.026+05:30 DEBUG 29656 --- [wireblog-backend] [nio-8080-exec-8] org.hibernate.SQL                        : 
    select
        nh1_0.id,
        nh1_0.category,
        nh1_0.fetched_at,
        nh1_0.image_url,
        nh1_0.published_at,
        nh1_0.source_name,
        nh1_0.source_url,
        nh1_0.title 
    from
        news_headlines nh1_0 
    order by
        nh1_0.published_at desc 
    fetch
        first ? rows only
2026-07-11T13:06:19.033+05:30 DEBUG 29656 --- [wireblog-backend] [nio-8080-exec-8] m.m.a.RequestResponseBodyMethodProcessor : Using 'application/json', given [application/json, text/plain, */*] and supported [application/json, application/*+json]
2026-07-11T13:06:19.038+05:30 DEBUG 29656 --- [wireblog-backend] [nio-8080-exec-8] m.m.a.RequestResponseBodyMethodProcessor : Writing [[NewsHeadlineResponse[id=2, title=Archer gets into the World Cup spirit with clever run out, sourceU (truncated)...]
2026-07-11T13:06:19.131+05:30 DEBUG 29656 --- [wireblog-backend] [nio-8080-exec-8] o.s.web.servlet.DispatcherServlet        : Completed 200 OK
2026-07-11T13:07:19.748+05:30 DEBUG 29656 --- [wireblog-backend] [nio-8080-exec-1] o.s.web.servlet.DispatcherServlet        : GET "/api/news/headlines", parameters={}
2026-07-11T13:07:19.748+05:30 DEBUG 29656 --- [wireblog-backend] [io-8080-exec-10] o.s.web.servlet.DispatcherServlet        : GET "/api/notifications", parameters={}
2026-07-11T13:07:19.748+05:30 DEBUG 29656 --- [wireblog-backend] [nio-8080-exec-8] o.s.web.servlet.DispatcherServlet        : GET "/api/sponsorships/active?placement=NEWS_TICKER", parameters={masked}
2026-07-11T13:07:19.767+05:30 DEBUG 29656 --- [wireblog-backend] [io-8080-exec-10] s.w.s.m.m.a.RequestMappingHandlerMapping : Mapped to com.wireblog.controller.NotificationController#list()
2026-07-11T13:07:19.768+05:30 DEBUG 29656 --- [wireblog-backend] [nio-8080-exec-1] s.w.s.m.m.a.RequestMappingHandlerMapping : Mapped to com.wireblog.controller.NewsController#headlines(String)
2026-07-11T13:07:19.768+05:30 DEBUG 29656 --- [wireblog-backend] [nio-8080-exec-8] s.w.s.m.m.a.RequestMappingHandlerMapping : Mapped to com.wireblog.controller.SponsorshipController#active(String)
2026-07-11T13:07:19.851+05:30 DEBUG 29656 --- [wireblog-backend] [nio-8080-exec-1] org.hibernate.SQL                        : 
    select
        nh1_0.id,
        nh1_0.category,
        nh1_0.fetched_at,
        nh1_0.image_url,
        nh1_0.published_at,
        nh1_0.source_name,
        nh1_0.source_url,
        nh1_0.title 
    from
        news_headlines nh1_0 
    order by
        nh1_0.published_at desc 
    fetch
        first ? rows only
2026-07-11T13:07:19.851+05:30 DEBUG 29656 --- [wireblog-backend] [nio-8080-exec-8] org.hibernate.SQL                        : 
    select
        s1_0.id,
        s1_0.brand_name,
        s1_0.clicks,
        s1_0.created_at,
        s1_0.creative_image_url,
        s1_0.end_date,
        s1_0.headline,
        s1_0.impressions,
        s1_0.placement,
        s1_0.start_date,
        s1_0.status,
        s1_0.target_url 
    from
        sponsorships s1_0 
    where
        s1_0.placement=? 
        and s1_0.status=? 
        and s1_0.start_date<=? 
        and s1_0.end_date>=?
2026-07-11T13:07:19.851+05:30 DEBUG 29656 --- [wireblog-backend] [io-8080-exec-10] org.hibernate.SQL                        : 
    select
        u1_0.id,
        u1_0.avatar_url,
        u1_0.bio,
        u1_0.created_at,
        u1_0.display_name,
        u1_0.email,
        u1_0.email_verified,
        u1_0.enabled,
        u1_0.handle,
        u1_0.password_hash,
        u1_0.password_reset_expires_at,
        u1_0.password_reset_token,
        u1_0.role,
        u1_0.verification_token 
    from
        users u1_0 
    where
        u1_0.email=?
2026-07-11T13:07:19.890+05:30 DEBUG 29656 --- [wireblog-backend] [nio-8080-exec-8] m.m.a.RequestResponseBodyMethodProcessor : Using 'application/json', given [application/json, text/plain, */*] and supported [application/json, application/*+json]
2026-07-11T13:07:19.891+05:30 DEBUG 29656 --- [wireblog-backend] [nio-8080-exec-1] m.m.a.RequestResponseBodyMethodProcessor : Using 'application/json', given [application/json, text/plain, */*] and supported [application/json, application/*+json]
2026-07-11T13:07:19.892+05:30 DEBUG 29656 --- [wireblog-backend] [nio-8080-exec-8] m.m.a.RequestResponseBodyMethodProcessor : Writing [[]]
2026-07-11T13:07:19.895+05:30 DEBUG 29656 --- [wireblog-backend] [io-8080-exec-10] org.hibernate.SQL                        : 
    select
        n1_0.id,
        n1_0.created_at,
        n1_0.link,
        n1_0.message,
        n1_0.read,
        n1_0.type,
        n1_0.user_id 
    from
        notifications n1_0 
    where
        n1_0.user_id=? 
    order by
        n1_0.created_at desc
2026-07-11T13:07:19.898+05:30 DEBUG 29656 --- [wireblog-backend] [nio-8080-exec-1] m.m.a.RequestResponseBodyMethodProcessor : Writing [[NewsHeadlineResponse[id=2, title=Archer gets into the World Cup spirit with clever run out, sourceU (truncated)...]
2026-07-11T13:07:19.900+05:30 DEBUG 29656 --- [wireblog-backend] [nio-8080-exec-8] o.s.web.servlet.DispatcherServlet        : Completed 200 OK
2026-07-11T13:07:19.901+05:30 DEBUG 29656 --- [wireblog-backend] [io-8080-exec-10] m.m.a.RequestResponseBodyMethodProcessor : Using 'application/json', given [application/json, text/plain, */*] and supported [application/json, application/*+json]
2026-07-11T13:07:19.912+05:30 DEBUG 29656 --- [wireblog-backend] [io-8080-exec-10] m.m.a.RequestResponseBodyMethodProcessor : Writing [[]]
2026-07-11T13:07:19.910+05:30 DEBUG 29656 --- [wireblog-backend] [nio-8080-exec-1] o.s.web.servlet.DispatcherServlet        : Completed 200 OK
2026-07-11T13:07:19.915+05:30 DEBUG 29656 --- [wireblog-backend] [io-8080-exec-10] o.s.web.servlet.DispatcherServlet        : Completed 200 OK
2026-07-11T13:07:19.949+05:30 DEBUG 29656 --- [wireblog-backend] [nio-8080-exec-4] o.s.web.servlet.DispatcherServlet        : GET "/api/news/headlines", parameters={}
2026-07-11T13:07:19.950+05:30 DEBUG 29656 --- [wireblog-backend] [nio-8080-exec-4] s.w.s.m.m.a.RequestMappingHandlerMapping : Mapped to com.wireblog.controller.NewsController#headlines(String)
2026-07-11T13:07:19.965+05:30 DEBUG 29656 --- [wireblog-backend] [nio-8080-exec-4] org.hibernate.SQL                        : 
    select
        nh1_0.id,
        nh1_0.category,
        nh1_0.fetched_at,
        nh1_0.image_url,
        nh1_0.published_at,
        nh1_0.source_name,
        nh1_0.source_url,
        nh1_0.title 
    from
        news_headlines nh1_0 
    order by
        nh1_0.published_at desc 
    fetch
        first ? rows only
2026-07-11T13:07:19.982+05:30 DEBUG 29656 --- [wireblog-backend] [nio-8080-exec-4] m.m.a.RequestResponseBodyMethodProcessor : Using 'application/json', given [application/json, text/plain, */*] and supported [application/json, application/*+json]
2026-07-11T13:07:19.990+05:30 DEBUG 29656 --- [wireblog-backend] [nio-8080-exec-4] m.m.a.RequestResponseBodyMethodProcessor : Writing [[NewsHeadlineResponse[id=2, title=Archer gets into the World Cup spirit with clever run out, sourceU (truncated)...]
2026-07-11T13:07:20.011+05:30 DEBUG 29656 --- [wireblog-backend] [nio-8080-exec-4] o.s.web.servlet.DispatcherServlet        : Completed 200 OK
2026-07-11T13:08:25.077+05:30 DEBUG 29656 --- [wireblog-backend] [   scheduling-1] o.s.web.client.RestTemplate              : HTTP GET https://newsapi.org/v2/top-headlines?country=in&pageSize=50&apiKey=1a908d5e59954ae7b071e41ff73ed042
2026-07-11T13:08:25.196+05:30 DEBUG 29656 --- [wireblog-backend] [   scheduling-1] o.s.web.client.RestTemplate              : Accept=[text/plain, application/json, application/*+json, */*]
2026-07-11T13:08:27.121+05:30 DEBUG 29656 --- [wireblog-backend] [   scheduling-1] o.s.web.client.RestTemplate              : Response 200 OK
2026-07-11T13:08:27.123+05:30 DEBUG 29656 --- [wireblog-backend] [   scheduling-1] o.s.web.client.RestTemplate              : Reading to [java.lang.String] as "application/json;charset=utf-8"
2026-07-11T13:08:27.144+05:30 DEBUG 29656 --- [wireblog-backend] [   scheduling-1] org.hibernate.SQL                        : 
    select
        nh1_0.id,
        nh1_0.category,
        nh1_0.fetched_at,
        nh1_0.image_url,
        nh1_0.published_at,
        nh1_0.source_name,
        nh1_0.source_url,
        nh1_0.title 
    from
        news_headlines nh1_0 
    where
        nh1_0.fetched_at<?
2026-07-11T13:08:27.243+05:30 DEBUG 29656 --- [wireblog-backend] [   scheduling-1] org.hibernate.SQL                        : 
    select
        nh1_0.id,
        nh1_0.category,
        nh1_0.fetched_at,
        nh1_0.image_url,
        nh1_0.published_at,
        nh1_0.source_name,
        nh1_0.source_url,
        nh1_0.title 
    from
        news_headlines nh1_0 
    order by
        nh1_0.published_at desc 
    fetch
        first ? rows only
2026-07-11T13:08:27.260+05:30 DEBUG 29656 --- [wireblog-backend] [   scheduling-1] org.hibernate.SQL                        : 
    select
        nh1_0.id,
        nh1_0.category,
        nh1_0.fetched_at,
        nh1_0.image_url,
        nh1_0.published_at,
        nh1_0.source_name,
        nh1_0.source_url,
        nh1_0.title 
    from
        news_headlines nh1_0 
    order by
        nh1_0.published_at desc 
    fetch
        first ? rows only
2026-07-11T13:08:27.265+05:30  INFO 29656 --- [wireblog-backend] [   scheduling-1] com.wireblog.service.NewsService         : Refreshed news headlines. Cached headline count now 50.
2026-07-11T13:10:14.556+05:30 DEBUG 29656 --- [wireblog-backend] [nio-8080-exec-9] o.s.web.servlet.DispatcherServlet        : GET "/api/news?category=technology", parameters={masked}
2026-07-11T13:10:14.823+05:30 DEBUG 29656 --- [wireblog-backend] [nio-8080-exec-9] o.s.w.s.handler.SimpleUrlHandlerMapping  : Mapped to ResourceHttpRequestHandler [classpath [META-INF/resources/], classpath [resources/], classpath [static/], classpath [public/], ServletContext [/]]
2026-07-11T13:10:14.992+05:30 DEBUG 29656 --- [wireblog-backend] [nio-8080-exec-9] o.s.w.s.r.ResourceHttpRequestHandler     : Resource not found
2026-07-11T13:10:15.299+05:30 DEBUG 29656 --- [wireblog-backend] [nio-8080-exec-9] .m.m.a.ExceptionHandlerExceptionResolver : Using @ExceptionHandler com.wireblog.exception.GlobalExceptionHandler#handleGeneric(Exception, HttpServletRequest)
2026-07-11T13:10:15.426+05:30 DEBUG 29656 --- [wireblog-backend] [nio-8080-exec-9] o.s.w.s.m.m.a.HttpEntityMethodProcessor  : Using 'application/json', given [*/*] and supported [application/json, application/*+json]
2026-07-11T13:10:15.438+05:30 DEBUG 29656 --- [wireblog-backend] [nio-8080-exec-9] o.s.w.s.m.m.a.HttpEntityMethodProcessor  : Writing [ApiError[timestamp=2026-07-11T07:40:15.397823800Z, status=500, error=Internal Server Error, message= (truncated)...]
2026-07-11T13:10:15.495+05:30 DEBUG 29656 --- [wireblog-backend] [nio-8080-exec-9] .m.m.a.ExceptionHandlerExceptionResolver : Resolved [org.springframework.web.servlet.resource.NoResourceFoundException: No static resource api/news.]
2026-07-11T13:10:15.497+05:30 DEBUG 29656 --- [wireblog-backend] [nio-8080-exec-9] o.s.web.servlet.DispatcherServlet        : Completed 500 INTERNAL_SERVER_ERROR
2026-07-11T13:10:32.915+05:30 DEBUG 29656 --- [wireblog-backend] [nio-8080-exec-6] o.s.web.servlet.DispatcherServlet        : GET "/api/news/headlines?category=technology", parameters={masked}
2026-07-11T13:10:32.917+05:30 DEBUG 29656 --- [wireblog-backend] [nio-8080-exec-6] s.w.s.m.m.a.RequestMappingHandlerMapping : Mapped to com.wireblog.controller.NewsController#headlines(String)
2026-07-11T13:10:33.008+05:30 DEBUG 29656 --- [wireblog-backend] [nio-8080-exec-6] org.hibernate.SQL                        : 
    select
        nh1_0.id,
        nh1_0.category,
        nh1_0.fetched_at,
        nh1_0.image_url,
        nh1_0.published_at,
        nh1_0.source_name,
        nh1_0.source_url,
        nh1_0.title 
    from
        news_headlines nh1_0 
    where
        nh1_0.category=? 
    order by
        nh1_0.published_at desc 
    fetch
        first ? rows only
2026-07-11T13:10:33.080+05:30 DEBUG 29656 --- [wireblog-backend] [nio-8080-exec-6] org.hibernate.SQL                        : 
    select
        nh1_0.id,
        nh1_0.category,
        nh1_0.fetched_at,
        nh1_0.image_url,
        nh1_0.published_at,
        nh1_0.source_name,
        nh1_0.source_url,
        nh1_0.title 
    from
        news_headlines nh1_0 
    order by
        nh1_0.published_at desc 
    fetch
        first ? rows only
2026-07-11T13:10:33.100+05:30 DEBUG 29656 --- [wireblog-backend] [nio-8080-exec-6] m.m.a.RequestResponseBodyMethodProcessor : Using 'application/json', given [*/*] and supported [application/json, application/*+json]
2026-07-11T13:10:33.110+05:30 DEBUG 29656 --- [wireblog-backend] [nio-8080-exec-6] m.m.a.RequestResponseBodyMethodProcessor : Writing [[NewsHeadlineResponse[id=2, title=Archer gets into the World Cup spirit with clever run out, sourceU (truncated)...]
2026-07-11T13:10:33.119+05:30 DEBUG 29656 --- [wireblog-backend] [nio-8080-exec-6] o.s.web.servlet.DispatcherServlet        : Completed 200 OK
2026-07-11T13:13:01.216+05:30 DEBUG 29656 --- [wireblog-backend] [nio-8080-exec-2] o.s.web.servlet.DispatcherServlet        : GET "/api/sponsorships/active?placement=NEWS_TICKER", parameters={masked}
2026-07-11T13:13:01.216+05:30 DEBUG 29656 --- [wireblog-backend] [nio-8080-exec-3] o.s.web.servlet.DispatcherServlet        : GET "/api/notifications", parameters={}
2026-07-11T13:13:01.216+05:30 DEBUG 29656 --- [wireblog-backend] [nio-8080-exec-5] o.s.web.servlet.DispatcherServlet        : GET "/api/news/headlines", parameters={}
2026-07-11T13:13:01.558+05:30 DEBUG 29656 --- [wireblog-backend] [nio-8080-exec-3] s.w.s.m.m.a.RequestMappingHandlerMapping : Mapped to com.wireblog.controller.NotificationController#list()
2026-07-11T13:13:01.558+05:30 DEBUG 29656 --- [wireblog-backend] [nio-8080-exec-5] s.w.s.m.m.a.RequestMappingHandlerMapping : Mapped to com.wireblog.controller.NewsController#headlines(String)
2026-07-11T13:13:01.558+05:30 DEBUG 29656 --- [wireblog-backend] [nio-8080-exec-2] s.w.s.m.m.a.RequestMappingHandlerMapping : Mapped to com.wireblog.controller.SponsorshipController#active(String)
2026-07-11T13:13:01.811+05:30 DEBUG 29656 --- [wireblog-backend] [nio-8080-exec-3] org.hibernate.SQL                        : 
    select
        u1_0.id,
        u1_0.avatar_url,
        u1_0.bio,
        u1_0.created_at,
        u1_0.display_name,
        u1_0.email,
        u1_0.email_verified,
        u1_0.enabled,
        u1_0.handle,
        u1_0.password_hash,
        u1_0.password_reset_expires_at,
        u1_0.password_reset_token,
        u1_0.role,
        u1_0.verification_token 
    from
        users u1_0 
    where
        u1_0.email=?
2026-07-11T13:13:01.811+05:30 DEBUG 29656 --- [wireblog-backend] [nio-8080-exec-5] org.hibernate.SQL                        : 
    select
        nh1_0.id,
        nh1_0.category,
        nh1_0.fetched_at,
        nh1_0.image_url,
        nh1_0.published_at,
        nh1_0.source_name,
        nh1_0.source_url,
        nh1_0.title 
    from
        news_headlines nh1_0 
    order by
        nh1_0.published_at desc 
    fetch
        first ? rows only
2026-07-11T13:13:01.820+05:30 DEBUG 29656 --- [wireblog-backend] [nio-8080-exec-2] org.hibernate.SQL                        : 
    select
        s1_0.id,
        s1_0.brand_name,
        s1_0.clicks,
        s1_0.created_at,
        s1_0.creative_image_url,
        s1_0.end_date,
        s1_0.headline,
        s1_0.impressions,
        s1_0.placement,
        s1_0.start_date,
        s1_0.status,
        s1_0.target_url 
    from
        sponsorships s1_0 
    where
        s1_0.placement=? 
        and s1_0.status=? 
        and s1_0.start_date<=? 
        and s1_0.end_date>=?
2026-07-11T13:13:01.895+05:30 DEBUG 29656 --- [wireblog-backend] [nio-8080-exec-2] m.m.a.RequestResponseBodyMethodProcessor : Using 'application/json', given [application/json, text/plain, */*] and supported [application/json, application/*+json]
2026-07-11T13:13:01.895+05:30 DEBUG 29656 --- [wireblog-backend] [nio-8080-exec-5] m.m.a.RequestResponseBodyMethodProcessor : Using 'application/json', given [application/json, text/plain, */*] and supported [application/json, application/*+json]
2026-07-11T13:13:01.941+05:30 DEBUG 29656 --- [wireblog-backend] [nio-8080-exec-3] org.hibernate.SQL                        : 
    select
        n1_0.id,
        n1_0.created_at,
        n1_0.link,
        n1_0.message,
        n1_0.read,
        n1_0.type,
        n1_0.user_id 
    from
        notifications n1_0 
    where
        n1_0.user_id=? 
    order by
        n1_0.created_at desc
2026-07-11T13:13:01.954+05:30 DEBUG 29656 --- [wireblog-backend] [nio-8080-exec-2] m.m.a.RequestResponseBodyMethodProcessor : Writing [[]]
2026-07-11T13:13:01.961+05:30 DEBUG 29656 --- [wireblog-backend] [nio-8080-exec-5] m.m.a.RequestResponseBodyMethodProcessor : Writing [[NewsHeadlineResponse[id=2, title=Archer gets into the World Cup spirit with clever run out, sourceU (truncated)...]
2026-07-11T13:13:01.965+05:30 DEBUG 29656 --- [wireblog-backend] [nio-8080-exec-2] o.s.web.servlet.DispatcherServlet        : Completed 200 OK
2026-07-11T13:13:01.972+05:30 DEBUG 29656 --- [wireblog-backend] [nio-8080-exec-3] m.m.a.RequestResponseBodyMethodProcessor : Using 'application/json', given [application/json, text/plain, */*] and supported [application/json, application/*+json]
2026-07-11T13:13:01.974+05:30 DEBUG 29656 --- [wireblog-backend] [nio-8080-exec-3] m.m.a.RequestResponseBodyMethodProcessor : Writing [[]]
2026-07-11T13:13:01.974+05:30 DEBUG 29656 --- [wireblog-backend] [nio-8080-exec-5] o.s.web.servlet.DispatcherServlet        : Completed 200 OK
2026-07-11T13:13:01.976+05:30 DEBUG 29656 --- [wireblog-backend] [nio-8080-exec-3] o.s.web.servlet.DispatcherServlet        : Completed 200 OK
2026-07-11T13:13:01.995+05:30 DEBUG 29656 --- [wireblog-backend] [nio-8080-exec-9] o.s.web.servlet.DispatcherServlet        : GET "/api/news/headlines", parameters={}
2026-07-11T13:13:02.001+05:30 DEBUG 29656 --- [wireblog-backend] [nio-8080-exec-9] s.w.s.m.m.a.RequestMappingHandlerMapping : Mapped to com.wireblog.controller.NewsController#headlines(String)
2026-07-11T13:13:02.008+05:30 DEBUG 29656 --- [wireblog-backend] [nio-8080-exec-9] org.hibernate.SQL                        : 
    select
        nh1_0.id,
        nh1_0.category,
        nh1_0.fetched_at,
        nh1_0.image_url,
        nh1_0.published_at,
        nh1_0.source_name,
        nh1_0.source_url,
        nh1_0.title 
    from
        news_headlines nh1_0 
    order by
        nh1_0.published_at desc 
    fetch
        first ? rows only
2026-07-11T13:13:02.017+05:30 DEBUG 29656 --- [wireblog-backend] [nio-8080-exec-9] m.m.a.RequestResponseBodyMethodProcessor : Using 'application/json', given [application/json, text/plain, */*] and supported [application/json, application/*+json]
2026-07-11T13:13:02.025+05:30 DEBUG 29656 --- [wireblog-backend] [nio-8080-exec-9] m.m.a.RequestResponseBodyMethodProcessor : Writing [[NewsHeadlineResponse[id=2, title=Archer gets into the World Cup spirit with clever run out, sourceU (truncated)...]
2026-07-11T13:13:02.041+05:30 DEBUG 29656 --- [wireblog-backend] [nio-8080-exec-9] o.s.web.servlet.DispatcherServlet        : Completed 200 OK
2026-07-11T13:13:13.712+05:30 DEBUG 29656 --- [wireblog-backend] [nio-8080-exec-1] o.s.web.servlet.DispatcherServlet        : GET "/api/news/headlines", parameters={}
2026-07-11T13:13:13.714+05:30 DEBUG 29656 --- [wireblog-backend] [nio-8080-exec-1] s.w.s.m.m.a.RequestMappingHandlerMapping : Mapped to com.wireblog.controller.NewsController#headlines(String)
2026-07-11T13:13:13.720+05:30 DEBUG 29656 --- [wireblog-backend] [nio-8080-exec-1] org.hibernate.SQL                        : 
    select
        nh1_0.id,
        nh1_0.category,
        nh1_0.fetched_at,
        nh1_0.image_url,
        nh1_0.published_at,
        nh1_0.source_name,
        nh1_0.source_url,
        nh1_0.title 
    from
        news_headlines nh1_0 
    order by
        nh1_0.published_at desc 
    fetch
        first ? rows only
2026-07-11T13:13:13.729+05:30 DEBUG 29656 --- [wireblog-backend] [nio-8080-exec-7] o.s.web.servlet.DispatcherServlet        : GET "/api/sponsorships/active?placement=NEWS_TICKER", parameters={masked}
2026-07-11T13:13:13.729+05:30 DEBUG 29656 --- [wireblog-backend] [nio-8080-exec-4] o.s.web.servlet.DispatcherServlet        : GET "/api/notifications", parameters={}
2026-07-11T13:13:13.737+05:30 DEBUG 29656 --- [wireblog-backend] [nio-8080-exec-1] m.m.a.RequestResponseBodyMethodProcessor : Using 'application/json', given [application/json, text/plain, */*] and supported [application/json, application/*+json]
2026-07-11T13:13:13.844+05:30 DEBUG 29656 --- [wireblog-backend] [nio-8080-exec-7] s.w.s.m.m.a.RequestMappingHandlerMapping : Mapped to com.wireblog.controller.SponsorshipController#active(String)
2026-07-11T13:13:13.856+05:30 DEBUG 29656 --- [wireblog-backend] [nio-8080-exec-4] s.w.s.m.m.a.RequestMappingHandlerMapping : Mapped to com.wireblog.controller.NotificationController#list()
2026-07-11T13:13:13.858+05:30 DEBUG 29656 --- [wireblog-backend] [nio-8080-exec-4] org.hibernate.SQL                        : 
    select
        u1_0.id,
        u1_0.avatar_url,
        u1_0.bio,
        u1_0.created_at,
        u1_0.display_name,
        u1_0.email,
        u1_0.email_verified,
        u1_0.enabled,
        u1_0.handle,
        u1_0.password_hash,
        u1_0.password_reset_expires_at,
        u1_0.password_reset_token,
        u1_0.role,
        u1_0.verification_token 
    from
        users u1_0 
    where
        u1_0.email=?
2026-07-11T13:13:13.858+05:30 DEBUG 29656 --- [wireblog-backend] [nio-8080-exec-1] m.m.a.RequestResponseBodyMethodProcessor : Writing [[NewsHeadlineResponse[id=2, title=Archer gets into the World Cup spirit with clever run out, sourceU (truncated)...]
2026-07-11T13:13:13.858+05:30 DEBUG 29656 --- [wireblog-backend] [nio-8080-exec-7] org.hibernate.SQL                        : 
    select
        s1_0.id,
        s1_0.brand_name,
        s1_0.clicks,
        s1_0.created_at,
        s1_0.creative_image_url,
        s1_0.end_date,
        s1_0.headline,
        s1_0.impressions,
        s1_0.placement,
        s1_0.start_date,
        s1_0.status,
        s1_0.target_url 
    from
        sponsorships s1_0 
    where
        s1_0.placement=? 
        and s1_0.status=? 
        and s1_0.start_date<=? 
        and s1_0.end_date>=?
2026-07-11T13:13:13.861+05:30 DEBUG 29656 --- [wireblog-backend] [nio-8080-exec-7] m.m.a.RequestResponseBodyMethodProcessor : Using 'application/json', given [application/json, text/plain, */*] and supported [application/json, application/*+json]
2026-07-11T13:13:13.862+05:30 DEBUG 29656 --- [wireblog-backend] [nio-8080-exec-7] m.m.a.RequestResponseBodyMethodProcessor : Writing [[]]
2026-07-11T13:13:13.863+05:30 DEBUG 29656 --- [wireblog-backend] [nio-8080-exec-1] o.s.web.servlet.DispatcherServlet        : Completed 200 OK
2026-07-11T13:13:13.863+05:30 DEBUG 29656 --- [wireblog-backend] [nio-8080-exec-4] org.hibernate.SQL                        : 
    select
        n1_0.id,
        n1_0.created_at,
        n1_0.link,
        n1_0.message,
        n1_0.read,
        n1_0.type,
        n1_0.user_id 
    from
        notifications n1_0 
    where
        n1_0.user_id=? 
    order by
        n1_0.created_at desc
2026-07-11T13:13:13.863+05:30 DEBUG 29656 --- [wireblog-backend] [nio-8080-exec-7] o.s.web.servlet.DispatcherServlet        : Completed 200 OK
2026-07-11T13:13:13.867+05:30 DEBUG 29656 --- [wireblog-backend] [nio-8080-exec-4] m.m.a.RequestResponseBodyMethodProcessor : Using 'application/json', given [application/json, text/plain, */*] and supported [application/json, application/*+json]
2026-07-11T13:13:13.869+05:30 DEBUG 29656 --- [wireblog-backend] [nio-8080-exec-4] m.m.a.RequestResponseBodyMethodProcessor : Writing [[]]
2026-07-11T13:13:13.872+05:30 DEBUG 29656 --- [wireblog-backend] [nio-8080-exec-4] o.s.web.servlet.DispatcherServlet        : Completed 200 OK
2026-07-11T13:13:13.875+05:30 DEBUG 29656 --- [wireblog-backend] [nio-8080-exec-5] o.s.web.servlet.DispatcherServlet        : GET "/api/news/headlines", parameters={}
2026-07-11T13:13:13.876+05:30 DEBUG 29656 --- [wireblog-backend] [nio-8080-exec-5] s.w.s.m.m.a.RequestMappingHandlerMapping : Mapped to com.wireblog.controller.NewsController#headlines(String)
2026-07-11T13:13:13.878+05:30 DEBUG 29656 --- [wireblog-backend] [nio-8080-exec-5] org.hibernate.SQL                        : 
    select
        nh1_0.id,
        nh1_0.category,
        nh1_0.fetched_at,
        nh1_0.image_url,
        nh1_0.published_at,
        nh1_0.source_name,
        nh1_0.source_url,
        nh1_0.title 
    from
        news_headlines nh1_0 
    order by
        nh1_0.published_at desc 
    fetch
        first ? rows only
2026-07-11T13:13:13.885+05:30 DEBUG 29656 --- [wireblog-backend] [nio-8080-exec-5] m.m.a.RequestResponseBodyMethodProcessor : Using 'application/json', given [application/json, text/plain, */*] and supported [application/json, application/*+json]
2026-07-11T13:13:13.918+05:30 DEBUG 29656 --- [wireblog-backend] [nio-8080-exec-5] m.m.a.RequestResponseBodyMethodProcessor : Writing [[NewsHeadlineResponse[id=2, title=Archer gets into the World Cup spirit with clever run out, sourceU (truncated)...]
2026-07-11T13:13:13.919+05:30 DEBUG 29656 --- [wireblog-backend] [nio-8080-exec-5] o.s.web.servlet.DispatcherServlet        : Completed 200 OK
2026-07-11T13:13:15.423+05:30 DEBUG 29656 --- [wireblog-backend] [nio-8080-exec-3] o.s.web.servlet.DispatcherServlet        : GET "/api/news/headlines?category=business", parameters={masked}
2026-07-11T13:13:15.424+05:30 DEBUG 29656 --- [wireblog-backend] [nio-8080-exec-3] s.w.s.m.m.a.RequestMappingHandlerMapping : Mapped to com.wireblog.controller.NewsController#headlines(String)
2026-07-11T13:13:15.428+05:30 DEBUG 29656 --- [wireblog-backend] [nio-8080-exec-3] org.hibernate.SQL                        : 
    select
        nh1_0.id,
        nh1_0.category,
        nh1_0.fetched_at,
        nh1_0.image_url,
        nh1_0.published_at,
        nh1_0.source_name,
        nh1_0.source_url,
        nh1_0.title 
    from
        news_headlines nh1_0 
    where
        nh1_0.category=? 
    order by
        nh1_0.published_at desc 
    fetch
        first ? rows only
2026-07-11T13:13:15.435+05:30 DEBUG 29656 --- [wireblog-backend] [nio-8080-exec-3] org.hibernate.SQL                        : 
    select
        nh1_0.id,
        nh1_0.category,
        nh1_0.fetched_at,
        nh1_0.image_url,
        nh1_0.published_at,
        nh1_0.source_name,
        nh1_0.source_url,
        nh1_0.title 
    from
        news_headlines nh1_0 
    order by
        nh1_0.published_at desc 
    fetch
        first ? rows only
2026-07-11T13:13:15.444+05:30 DEBUG 29656 --- [wireblog-backend] [nio-8080-exec-3] m.m.a.RequestResponseBodyMethodProcessor : Using 'application/json', given [application/json, text/plain, */*] and supported [application/json, application/*+json]
2026-07-11T13:13:15.448+05:30 DEBUG 29656 --- [wireblog-backend] [nio-8080-exec-3] m.m.a.RequestResponseBodyMethodProcessor : Writing [[NewsHeadlineResponse[id=2, title=Archer gets into the World Cup spirit with clever run out, sourceU (truncated)...]
2026-07-11T13:13:15.542+05:30 DEBUG 29656 --- [wireblog-backend] [nio-8080-exec-3] o.s.web.servlet.DispatcherServlet        : Completed 200 OK
2026-07-11T13:13:16.588+05:30 DEBUG 29656 --- [wireblog-backend] [nio-8080-exec-6] o.s.web.servlet.DispatcherServlet        : GET "/api/news/headlines?category=technology", parameters={masked}
2026-07-11T13:13:16.590+05:30 DEBUG 29656 --- [wireblog-backend] [nio-8080-exec-6] s.w.s.m.m.a.RequestMappingHandlerMapping : Mapped to com.wireblog.controller.NewsController#headlines(String)
2026-07-11T13:13:16.596+05:30 DEBUG 29656 --- [wireblog-backend] [nio-8080-exec-6] org.hibernate.SQL                        : 
    select
        nh1_0.id,
        nh1_0.category,
        nh1_0.fetched_at,
        nh1_0.image_url,
        nh1_0.published_at,
        nh1_0.source_name,
        nh1_0.source_url,
        nh1_0.title 
    from
        news_headlines nh1_0 
    where
        nh1_0.category=? 
    order by
        nh1_0.published_at desc 
    fetch
        first ? rows only
2026-07-11T13:13:16.608+05:30 DEBUG 29656 --- [wireblog-backend] [nio-8080-exec-6] org.hibernate.SQL                        : 
    select
        nh1_0.id,
        nh1_0.category,
        nh1_0.fetched_at,
        nh1_0.image_url,
        nh1_0.published_at,
        nh1_0.source_name,
        nh1_0.source_url,
        nh1_0.title 
    from
        news_headlines nh1_0 
    order by
        nh1_0.published_at desc 
    fetch
        first ? rows only
2026-07-11T13:13:16.692+05:30 DEBUG 29656 --- [wireblog-backend] [nio-8080-exec-6] m.m.a.RequestResponseBodyMethodProcessor : Using 'application/json', given [application/json, text/plain, */*] and supported [application/json, application/*+json]
2026-07-11T13:13:16.699+05:30 DEBUG 29656 --- [wireblog-backend] [nio-8080-exec-6] m.m.a.RequestResponseBodyMethodProcessor : Writing [[NewsHeadlineResponse[id=2, title=Archer gets into the World Cup spirit with clever run out, sourceU (truncated)...]
2026-07-11T13:13:16.702+05:30 DEBUG 29656 --- [wireblog-backend] [nio-8080-exec-6] o.s.web.servlet.DispatcherServlet        : Completed 200 OK
2026-07-11T13:13:17.751+05:30 DEBUG 29656 --- [wireblog-backend] [nio-8080-exec-8] o.s.web.servlet.DispatcherServlet        : GET "/api/news/headlines?category=sports", parameters={masked}
2026-07-11T13:13:17.753+05:30 DEBUG 29656 --- [wireblog-backend] [nio-8080-exec-8] s.w.s.m.m.a.RequestMappingHandlerMapping : Mapped to com.wireblog.controller.NewsController#headlines(String)
2026-07-11T13:13:17.759+05:30 DEBUG 29656 --- [wireblog-backend] [nio-8080-exec-8] org.hibernate.SQL                        : 
    select
        nh1_0.id,
        nh1_0.category,
        nh1_0.fetched_at,
        nh1_0.image_url,
        nh1_0.published_at,
        nh1_0.source_name,
        nh1_0.source_url,
        nh1_0.title 
    from
        news_headlines nh1_0 
    where
        nh1_0.category=? 
    order by
        nh1_0.published_at desc 
    fetch
        first ? rows only
2026-07-11T13:13:17.829+05:30 DEBUG 29656 --- [wireblog-backend] [nio-8080-exec-8] org.hibernate.SQL                        : 
    select
        nh1_0.id,
        nh1_0.category,
        nh1_0.fetched_at,
        nh1_0.image_url,
        nh1_0.published_at,
        nh1_0.source_name,
        nh1_0.source_url,
        nh1_0.title 
    from
        news_headlines nh1_0 
    order by
        nh1_0.published_at desc 
    fetch
        first ? rows only
2026-07-11T13:13:17.835+05:30 DEBUG 29656 --- [wireblog-backend] [nio-8080-exec-8] m.m.a.RequestResponseBodyMethodProcessor : Using 'application/json', given [application/json, text/plain, */*] and supported [application/json, application/*+json]
2026-07-11T13:13:17.839+05:30 DEBUG 29656 --- [wireblog-backend] [nio-8080-exec-8] m.m.a.RequestResponseBodyMethodProcessor : Writing [[NewsHeadlineResponse[id=2, title=Archer gets into the World Cup spirit with clever run out, sourceU (truncated)...]
2026-07-11T13:13:17.856+05:30 DEBUG 29656 --- [wireblog-backend] [nio-8080-exec-8] o.s.web.servlet.DispatcherServlet        : Completed 200 OK
2026-07-11T13:13:18.544+05:30 DEBUG 29656 --- [wireblog-backend] [nio-8080-exec-7] o.s.web.servlet.DispatcherServlet        : GET "/api/news/headlines?category=science", parameters={masked}
2026-07-11T13:13:18.559+05:30 DEBUG 29656 --- [wireblog-backend] [nio-8080-exec-7] s.w.s.m.m.a.RequestMappingHandlerMapping : Mapped to com.wireblog.controller.NewsController#headlines(String)
2026-07-11T13:13:18.563+05:30 DEBUG 29656 --- [wireblog-backend] [nio-8080-exec-7] org.hibernate.SQL                        : 
    select
        nh1_0.id,
        nh1_0.category,
        nh1_0.fetched_at,
        nh1_0.image_url,
        nh1_0.published_at,
        nh1_0.source_name,
        nh1_0.source_url,
        nh1_0.title 
    from
        news_headlines nh1_0 
    where
        nh1_0.category=? 
    order by
        nh1_0.published_at desc 
    fetch
        first ? rows only
2026-07-11T13:13:18.567+05:30 DEBUG 29656 --- [wireblog-backend] [nio-8080-exec-7] org.hibernate.SQL                        : 
    select
        nh1_0.id,
        nh1_0.category,
        nh1_0.fetched_at,
        nh1_0.image_url,
        nh1_0.published_at,
        nh1_0.source_name,
        nh1_0.source_url,
        nh1_0.title 
    from
        news_headlines nh1_0 
    order by
        nh1_0.published_at desc 
    fetch
        first ? rows only
2026-07-11T13:13:18.580+05:30 DEBUG 29656 --- [wireblog-backend] [nio-8080-exec-7] m.m.a.RequestResponseBodyMethodProcessor : Using 'application/json', given [application/json, text/plain, */*] and supported [application/json, application/*+json]
2026-07-11T13:13:18.584+05:30 DEBUG 29656 --- [wireblog-backend] [nio-8080-exec-7] m.m.a.RequestResponseBodyMethodProcessor : Writing [[NewsHeadlineResponse[id=2, title=Archer gets into the World Cup spirit with clever run out, sourceU (truncated)...]
2026-07-11T13:13:18.595+05:30 DEBUG 29656 --- [wireblog-backend] [nio-8080-exec-7] o.s.web.servlet.DispatcherServlet        : Completed 200 OK
2026-07-11T13:13:19.335+05:30 DEBUG 29656 --- [wireblog-backend] [nio-8080-exec-5] o.s.web.servlet.DispatcherServlet        : GET "/api/news/headlines?category=health", parameters={masked}
2026-07-11T13:13:19.337+05:30 DEBUG 29656 --- [wireblog-backend] [nio-8080-exec-5] s.w.s.m.m.a.RequestMappingHandlerMapping : Mapped to com.wireblog.controller.NewsController#headlines(String)
2026-07-11T13:13:19.350+05:30 DEBUG 29656 --- [wireblog-backend] [nio-8080-exec-5] org.hibernate.SQL                        : 
    select
        nh1_0.id,
        nh1_0.category,
        nh1_0.fetched_at,
        nh1_0.image_url,
        nh1_0.published_at,
        nh1_0.source_name,
        nh1_0.source_url,
        nh1_0.title 
    from
        news_headlines nh1_0 
    where
        nh1_0.category=? 
    order by
        nh1_0.published_at desc 
    fetch
        first ? rows only
2026-07-11T13:13:19.496+05:30 DEBUG 29656 --- [wireblog-backend] [nio-8080-exec-5] org.hibernate.SQL                        : 
    select
        nh1_0.id,
        nh1_0.category,
        nh1_0.fetched_at,
        nh1_0.image_url,
        nh1_0.published_at,
        nh1_0.source_name,
        nh1_0.source_url,
        nh1_0.title 
    from
        news_headlines nh1_0 
    order by
        nh1_0.published_at desc 
    fetch
        first ? rows only
2026-07-11T13:13:19.511+05:30 DEBUG 29656 --- [wireblog-backend] [nio-8080-exec-5] m.m.a.RequestResponseBodyMethodProcessor : Using 'application/json', given [application/json, text/plain, */*] and supported [application/json, application/*+json]
2026-07-11T13:13:19.515+05:30 DEBUG 29656 --- [wireblog-backend] [nio-8080-exec-5] m.m.a.RequestResponseBodyMethodProcessor : Writing [[NewsHeadlineResponse[id=2, title=Archer gets into the World Cup spirit with clever run out, sourceU (truncated)...]
2026-07-11T13:13:19.526+05:30 DEBUG 29656 --- [wireblog-backend] [nio-8080-exec-5] o.s.web.servlet.DispatcherServlet        : Completed 200 OK
2026-07-11T13:13:20.733+05:30 DEBUG 29656 --- [wireblog-backend] [nio-8080-exec-3] o.s.web.servlet.DispatcherServlet        : GET "/api/news/headlines", parameters={}
2026-07-11T13:13:20.734+05:30 DEBUG 29656 --- [wireblog-backend] [nio-8080-exec-3] s.w.s.m.m.a.RequestMappingHandlerMapping : Mapped to com.wireblog.controller.NewsController#headlines(String)
2026-07-11T13:13:20.744+05:30 DEBUG 29656 --- [wireblog-backend] [nio-8080-exec-3] org.hibernate.SQL                        : 
    select
        nh1_0.id,
        nh1_0.category,
        nh1_0.fetched_at,
        nh1_0.image_url,
        nh1_0.published_at,
        nh1_0.source_name,
        nh1_0.source_url,
        nh1_0.title 
    from
        news_headlines nh1_0 
    order by
        nh1_0.published_at desc 
    fetch
        first ? rows only
2026-07-11T13:13:20.759+05:30 DEBUG 29656 --- [wireblog-backend] [nio-8080-exec-3] m.m.a.RequestResponseBodyMethodProcessor : Using 'application/json', given [application/json, text/plain, */*] and supported [application/json, application/*+json]
2026-07-11T13:13:20.852+05:30 DEBUG 29656 --- [wireblog-backend] [nio-8080-exec-3] m.m.a.RequestResponseBodyMethodProcessor : Writing [[NewsHeadlineResponse[id=2, title=Archer gets into the World Cup spirit with clever run out, sourceU (truncated)...]
2026-07-11T13:13:20.860+05:30 DEBUG 29656 --- [wireblog-backend] [nio-8080-exec-3] o.s.web.servlet.DispatcherServlet        : Completed 200 OK
2026-07-11T13:13:22.263+05:30 DEBUG 29656 --- [wireblog-backend] [nio-8080-exec-6] o.s.web.servlet.DispatcherServlet        : GET "/api/news/headlines", parameters={}
2026-07-11T13:13:22.266+05:30 DEBUG 29656 --- [wireblog-backend] [nio-8080-exec-6] s.w.s.m.m.a.RequestMappingHandlerMapping : Mapped to com.wireblog.controller.NewsController#headlines(String)
2026-07-11T13:13:22.275+05:30 DEBUG 29656 --- [wireblog-backend] [nio-8080-exec-6] org.hibernate.SQL                        : 
    select
        nh1_0.id,
        nh1_0.category,
        nh1_0.fetched_at,
        nh1_0.image_url,
        nh1_0.published_at,
        nh1_0.source_name,
        nh1_0.source_url,
        nh1_0.title 
    from
        news_headlines nh1_0 
    order by
        nh1_0.published_at desc 
    fetch
        first ? rows only
2026-07-11T13:13:22.276+05:30 DEBUG 29656 --- [wireblog-backend] [io-8080-exec-10] o.s.web.servlet.DispatcherServlet        : GET "/api/sponsorships/active?placement=NEWS_TICKER", parameters={masked}
2026-07-11T13:13:22.297+05:30 DEBUG 29656 --- [wireblog-backend] [nio-8080-exec-6] m.m.a.RequestResponseBodyMethodProcessor : Using 'application/json', given [application/json, text/plain, */*] and supported [application/json, application/*+json]
2026-07-11T13:13:22.323+05:30 DEBUG 29656 --- [wireblog-backend] [nio-8080-exec-1] o.s.web.servlet.DispatcherServlet        : GET "/api/notifications", parameters={}
2026-07-11T13:13:22.372+05:30 DEBUG 29656 --- [wireblog-backend] [io-8080-exec-10] s.w.s.m.m.a.RequestMappingHandlerMapping : Mapped to com.wireblog.controller.SponsorshipController#active(String)
2026-07-11T13:13:22.373+05:30 DEBUG 29656 --- [wireblog-backend] [nio-8080-exec-1] s.w.s.m.m.a.RequestMappingHandlerMapping : Mapped to com.wireblog.controller.NotificationController#list()
2026-07-11T13:13:22.380+05:30 DEBUG 29656 --- [wireblog-backend] [nio-8080-exec-1] org.hibernate.SQL                        : 
    select
        u1_0.id,
        u1_0.avatar_url,
        u1_0.bio,
        u1_0.created_at,
        u1_0.display_name,
        u1_0.email,
        u1_0.email_verified,
        u1_0.enabled,
        u1_0.handle,
        u1_0.password_hash,
        u1_0.password_reset_expires_at,
        u1_0.password_reset_token,
        u1_0.role,
        u1_0.verification_token 
    from
        users u1_0 
    where
        u1_0.email=?
2026-07-11T13:13:22.379+05:30 DEBUG 29656 --- [wireblog-backend] [io-8080-exec-10] org.hibernate.SQL                        : 
    select
        s1_0.id,
        s1_0.brand_name,
        s1_0.clicks,
        s1_0.created_at,
        s1_0.creative_image_url,
        s1_0.end_date,
        s1_0.headline,
        s1_0.impressions,
        s1_0.placement,
        s1_0.start_date,
        s1_0.status,
        s1_0.target_url 
    from
        sponsorships s1_0 
    where
        s1_0.placement=? 
        and s1_0.status=? 
        and s1_0.start_date<=? 
        and s1_0.end_date>=?
2026-07-11T13:13:22.380+05:30 DEBUG 29656 --- [wireblog-backend] [nio-8080-exec-6] m.m.a.RequestResponseBodyMethodProcessor : Writing [[NewsHeadlineResponse[id=2, title=Archer gets into the World Cup spirit with clever run out, sourceU (truncated)...]
2026-07-11T13:13:22.395+05:30 DEBUG 29656 --- [wireblog-backend] [nio-8080-exec-6] o.s.web.servlet.DispatcherServlet        : Completed 200 OK
2026-07-11T13:13:22.399+05:30 DEBUG 29656 --- [wireblog-backend] [nio-8080-exec-1] org.hibernate.SQL                        : 
    select
        n1_0.id,
        n1_0.created_at,
        n1_0.link,
        n1_0.message,
        n1_0.read,
        n1_0.type,
        n1_0.user_id 
    from
        notifications n1_0 
    where
        n1_0.user_id=? 
    order by
        n1_0.created_at desc
2026-07-11T13:13:22.400+05:30 DEBUG 29656 --- [wireblog-backend] [nio-8080-exec-7] o.s.web.servlet.DispatcherServlet        : GET "/api/news/headlines", parameters={}
2026-07-11T13:13:22.408+05:30 DEBUG 29656 --- [wireblog-backend] [io-8080-exec-10] m.m.a.RequestResponseBodyMethodProcessor : Using 'application/json', given [application/json, text/plain, */*] and supported [application/json, application/*+json]
2026-07-11T13:13:22.409+05:30 DEBUG 29656 --- [wireblog-backend] [nio-8080-exec-7] s.w.s.m.m.a.RequestMappingHandlerMapping : Mapped to com.wireblog.controller.NewsController#headlines(String)
2026-07-11T13:13:22.410+05:30 DEBUG 29656 --- [wireblog-backend] [io-8080-exec-10] m.m.a.RequestResponseBodyMethodProcessor : Writing [[]]
2026-07-11T13:13:22.413+05:30 DEBUG 29656 --- [wireblog-backend] [io-8080-exec-10] o.s.web.servlet.DispatcherServlet        : Completed 200 OK
2026-07-11T13:13:22.425+05:30 DEBUG 29656 --- [wireblog-backend] [nio-8080-exec-1] m.m.a.RequestResponseBodyMethodProcessor : Using 'application/json', given [application/json, text/plain, */*] and supported [application/json, application/*+json]
2026-07-11T13:13:22.428+05:30 DEBUG 29656 --- [wireblog-backend] [nio-8080-exec-1] m.m.a.RequestResponseBodyMethodProcessor : Writing [[]]
2026-07-11T13:13:22.431+05:30 DEBUG 29656 --- [wireblog-backend] [nio-8080-exec-1] o.s.web.servlet.DispatcherServlet        : Completed 200 OK
2026-07-11T13:13:22.438+05:30 DEBUG 29656 --- [wireblog-backend] [nio-8080-exec-7] org.hibernate.SQL                        : 
    select
        nh1_0.id,
        nh1_0.category,
        nh1_0.fetched_at,
        nh1_0.image_url,
        nh1_0.published_at,
        nh1_0.source_name,
        nh1_0.source_url,
        nh1_0.title 
    from
        news_headlines nh1_0 
    order by
        nh1_0.published_at desc 
    fetch
        first ? rows only
2026-07-11T13:13:22.448+05:30 DEBUG 29656 --- [wireblog-backend] [nio-8080-exec-7] m.m.a.RequestResponseBodyMethodProcessor : Using 'application/json', given [application/json, text/plain, */*] and supported [application/json, application/*+json]
2026-07-11T13:13:22.465+05:30 DEBUG 29656 --- [wireblog-backend] [nio-8080-exec-7] m.m.a.RequestResponseBodyMethodProcessor : Writing [[NewsHeadlineResponse[id=2, title=Archer gets into the World Cup spirit with clever run out, sourceU (truncated)...]
2026-07-11T13:13:22.477+05:30 DEBUG 29656 --- [wireblog-backend] [nio-8080-exec-7] o.s.web.servlet.DispatcherServlet        : Completed 200 OK
2026-07-11T13:14:06.957+05:30 DEBUG 29656 --- [wireblog-backend] [nio-8080-exec-2] o.s.web.servlet.DispatcherServlet        : GET "/api/sponsorships/active?placement=NEWS_TICKER", parameters={masked}
2026-07-11T13:14:06.960+05:30 DEBUG 29656 --- [wireblog-backend] [nio-8080-exec-2] s.w.s.m.m.a.RequestMappingHandlerMapping : Mapped to com.wireblog.controller.SponsorshipController#active(String)
2026-07-11T13:14:06.973+05:30 DEBUG 29656 --- [wireblog-backend] [nio-8080-exec-9] o.s.web.servlet.DispatcherServlet        : GET "/api/notifications", parameters={}
2026-07-11T13:14:06.981+05:30 DEBUG 29656 --- [wireblog-backend] [nio-8080-exec-2] org.hibernate.SQL                        : 
    select
        s1_0.id,
        s1_0.brand_name,
        s1_0.clicks,
        s1_0.created_at,
        s1_0.creative_image_url,
        s1_0.end_date,
        s1_0.headline,
        s1_0.impressions,
        s1_0.placement,
        s1_0.start_date,
        s1_0.status,
        s1_0.target_url 
    from
        sponsorships s1_0 
    where
        s1_0.placement=? 
        and s1_0.status=? 
        and s1_0.start_date<=? 
        and s1_0.end_date>=?
2026-07-11T13:14:07.043+05:30 DEBUG 29656 --- [wireblog-backend] [nio-8080-exec-4] o.s.web.servlet.DispatcherServlet        : GET "/api/news/headlines", parameters={}
2026-07-11T13:14:07.088+05:30 DEBUG 29656 --- [wireblog-backend] [nio-8080-exec-9] s.w.s.m.m.a.RequestMappingHandlerMapping : Mapped to com.wireblog.controller.NotificationController#list()
2026-07-11T13:14:07.090+05:30 DEBUG 29656 --- [wireblog-backend] [nio-8080-exec-4] s.w.s.m.m.a.RequestMappingHandlerMapping : Mapped to com.wireblog.controller.NewsController#headlines(String)
2026-07-11T13:14:07.095+05:30 DEBUG 29656 --- [wireblog-backend] [nio-8080-exec-4] org.hibernate.SQL                        : 
    select
        nh1_0.id,
        nh1_0.category,
        nh1_0.fetched_at,
        nh1_0.image_url,
        nh1_0.published_at,
        nh1_0.source_name,
        nh1_0.source_url,
        nh1_0.title 
    from
        news_headlines nh1_0 
    order by
        nh1_0.published_at desc 
    fetch
        first ? rows only
2026-07-11T13:14:07.097+05:30 DEBUG 29656 --- [wireblog-backend] [nio-8080-exec-9] org.hibernate.SQL                        : 
    select
        u1_0.id,
        u1_0.avatar_url,
        u1_0.bio,
        u1_0.created_at,
        u1_0.display_name,
        u1_0.email,
        u1_0.email_verified,
        u1_0.enabled,
        u1_0.handle,
        u1_0.password_hash,
        u1_0.password_reset_expires_at,
        u1_0.password_reset_token,
        u1_0.role,
        u1_0.verification_token 
    from
        users u1_0 
    where
        u1_0.email=?
2026-07-11T13:14:07.096+05:30 DEBUG 29656 --- [wireblog-backend] [nio-8080-exec-2] m.m.a.RequestResponseBodyMethodProcessor : Using 'application/json', given [application/json, text/plain, */*] and supported [application/json, application/*+json]
2026-07-11T13:14:07.099+05:30 DEBUG 29656 --- [wireblog-backend] [nio-8080-exec-2] m.m.a.RequestResponseBodyMethodProcessor : Writing [[]]
2026-07-11T13:14:07.102+05:30 DEBUG 29656 --- [wireblog-backend] [nio-8080-exec-2] o.s.web.servlet.DispatcherServlet        : Completed 200 OK
2026-07-11T13:14:07.112+05:30 DEBUG 29656 --- [wireblog-backend] [nio-8080-exec-9] org.hibernate.SQL                        : 
    select
        n1_0.id,
        n1_0.created_at,
        n1_0.link,
        n1_0.message,
        n1_0.read,
        n1_0.type,
        n1_0.user_id 
    from
        notifications n1_0 
    where
        n1_0.user_id=? 
    order by
        n1_0.created_at desc
2026-07-11T13:14:07.121+05:30 DEBUG 29656 --- [wireblog-backend] [nio-8080-exec-4] m.m.a.RequestResponseBodyMethodProcessor : Using 'application/json', given [application/json, text/plain, */*] and supported [application/json, application/*+json]
2026-07-11T13:14:07.133+05:30 DEBUG 29656 --- [wireblog-backend] [nio-8080-exec-9] m.m.a.RequestResponseBodyMethodProcessor : Using 'application/json', given [application/json, text/plain, */*] and supported [application/json, application/*+json]
2026-07-11T13:14:07.134+05:30 DEBUG 29656 --- [wireblog-backend] [nio-8080-exec-9] m.m.a.RequestResponseBodyMethodProcessor : Writing [[]]
2026-07-11T13:14:07.136+05:30 DEBUG 29656 --- [wireblog-backend] [nio-8080-exec-9] o.s.web.servlet.DispatcherServlet        : Completed 200 OK
2026-07-11T13:14:07.143+05:30 DEBUG 29656 --- [wireblog-backend] [nio-8080-exec-4] m.m.a.RequestResponseBodyMethodProcessor : Writing [[NewsHeadlineResponse[id=2, title=Archer gets into the World Cup spirit with clever run out, sourceU (truncated)...]
2026-07-11T13:14:07.156+05:30 DEBUG 29656 --- [wireblog-backend] [nio-8080-exec-4] o.s.web.servlet.DispatcherServlet        : Completed 200 OK
2026-07-11T13:14:07.167+05:30 DEBUG 29656 --- [wireblog-backend] [nio-8080-exec-8] o.s.web.servlet.DispatcherServlet        : GET "/api/news/headlines", parameters={}
2026-07-11T13:14:07.170+05:30 DEBUG 29656 --- [wireblog-backend] [nio-8080-exec-8] s.w.s.m.m.a.RequestMappingHandlerMapping : Mapped to com.wireblog.controller.NewsController#headlines(String)
2026-07-11T13:14:07.192+05:30 DEBUG 29656 --- [wireblog-backend] [nio-8080-exec-8] org.hibernate.SQL                        : 
    select
        nh1_0.id,
        nh1_0.category,
        nh1_0.fetched_at,
        nh1_0.image_url,
        nh1_0.published_at,
        nh1_0.source_name,
        nh1_0.source_url,
        nh1_0.title 
    from
        news_headlines nh1_0 
    order by
        nh1_0.published_at desc 
    fetch
        first ? rows only
2026-07-11T13:14:07.232+05:30 DEBUG 29656 --- [wireblog-backend] [nio-8080-exec-8] m.m.a.RequestResponseBodyMethodProcessor : Using 'application/json', given [application/json, text/plain, */*] and supported [application/json, application/*+json]
2026-07-11T13:14:07.592+05:30 DEBUG 29656 --- [wireblog-backend] [nio-8080-exec-8] m.m.a.RequestResponseBodyMethodProcessor : Writing [[NewsHeadlineResponse[id=2, title=Archer gets into the World Cup spirit with clever run out, sourceU (truncated)...]
2026-07-11T13:14:07.602+05:30 DEBUG 29656 --- [wireblog-backend] [nio-8080-exec-8] o.s.web.servlet.DispatcherServlet        : Completed 200 OK
2026-07-11T13:14:09.331+05:30 DEBUG 29656 --- [wireblog-backend] [nio-8080-exec-6] o.s.web.servlet.DispatcherServlet        : GET "/api/news/headlines", parameters={}
2026-07-11T13:14:09.332+05:30 DEBUG 29656 --- [wireblog-backend] [io-8080-exec-10] o.s.web.servlet.DispatcherServlet        : GET "/api/sponsorships/active?placement=NEWS_TICKER", parameters={masked}
2026-07-11T13:14:09.333+05:30 DEBUG 29656 --- [wireblog-backend] [nio-8080-exec-6] s.w.s.m.m.a.RequestMappingHandlerMapping : Mapped to com.wireblog.controller.NewsController#headlines(String)
2026-07-11T13:14:09.334+05:30 DEBUG 29656 --- [wireblog-backend] [io-8080-exec-10] s.w.s.m.m.a.RequestMappingHandlerMapping : Mapped to com.wireblog.controller.SponsorshipController#active(String)
2026-07-11T13:14:09.337+05:30 DEBUG 29656 --- [wireblog-backend] [nio-8080-exec-6] org.hibernate.SQL                        : 
    select
        nh1_0.id,
        nh1_0.category,
        nh1_0.fetched_at,
        nh1_0.image_url,
        nh1_0.published_at,
        nh1_0.source_name,
        nh1_0.source_url,
        nh1_0.title 
    from
        news_headlines nh1_0 
    order by
        nh1_0.published_at desc 
    fetch
        first ? rows only
2026-07-11T13:14:09.342+05:30 DEBUG 29656 --- [wireblog-backend] [io-8080-exec-10] org.hibernate.SQL                        : 
    select
        s1_0.id,
        s1_0.brand_name,
        s1_0.clicks,
        s1_0.created_at,
        s1_0.creative_image_url,
        s1_0.end_date,
        s1_0.headline,
        s1_0.impressions,
        s1_0.placement,
        s1_0.start_date,
        s1_0.status,
        s1_0.target_url 
    from
        sponsorships s1_0 
    where
        s1_0.placement=? 
        and s1_0.status=? 
        and s1_0.start_date<=? 
        and s1_0.end_date>=?
2026-07-11T13:14:09.349+05:30 DEBUG 29656 --- [wireblog-backend] [nio-8080-exec-1] o.s.web.servlet.DispatcherServlet        : GET "/api/notifications", parameters={}
2026-07-11T13:14:09.350+05:30 DEBUG 29656 --- [wireblog-backend] [nio-8080-exec-6] m.m.a.RequestResponseBodyMethodProcessor : Using 'application/json', given [application/json, text/plain, */*] and supported [application/json, application/*+json]
2026-07-11T13:14:09.439+05:30 DEBUG 29656 --- [wireblog-backend] [nio-8080-exec-1] s.w.s.m.m.a.RequestMappingHandlerMapping : Mapped to com.wireblog.controller.NotificationController#list()
2026-07-11T13:14:09.442+05:30 DEBUG 29656 --- [wireblog-backend] [nio-8080-exec-6] m.m.a.RequestResponseBodyMethodProcessor : Writing [[NewsHeadlineResponse[id=2, title=Archer gets into the World Cup spirit with clever run out, sourceU (truncated)...]
2026-07-11T13:14:09.443+05:30 DEBUG 29656 --- [wireblog-backend] [io-8080-exec-10] m.m.a.RequestResponseBodyMethodProcessor : Using 'application/json', given [application/json, text/plain, */*] and supported [application/json, application/*+json]
2026-07-11T13:14:09.444+05:30 DEBUG 29656 --- [wireblog-backend] [io-8080-exec-10] m.m.a.RequestResponseBodyMethodProcessor : Writing [[]]
2026-07-11T13:14:09.447+05:30 DEBUG 29656 --- [wireblog-backend] [nio-8080-exec-6] o.s.web.servlet.DispatcherServlet        : Completed 200 OK
2026-07-11T13:14:09.447+05:30 DEBUG 29656 --- [wireblog-backend] [io-8080-exec-10] o.s.web.servlet.DispatcherServlet        : Completed 200 OK
2026-07-11T13:14:09.450+05:30 DEBUG 29656 --- [wireblog-backend] [nio-8080-exec-1] org.hibernate.SQL                        : 
    select
        u1_0.id,
        u1_0.avatar_url,
        u1_0.bio,
        u1_0.created_at,
        u1_0.display_name,
        u1_0.email,
        u1_0.email_verified,
        u1_0.enabled,
        u1_0.handle,
        u1_0.password_hash,
        u1_0.password_reset_expires_at,
        u1_0.password_reset_token,
        u1_0.role,
        u1_0.verification_token 
    from
        users u1_0 
    where
        u1_0.email=?
2026-07-11T13:14:09.458+05:30 DEBUG 29656 --- [wireblog-backend] [nio-8080-exec-1] org.hibernate.SQL                        : 
    select
        n1_0.id,
        n1_0.created_at,
        n1_0.link,
        n1_0.message,
        n1_0.read,
        n1_0.type,
        n1_0.user_id 
    from
        notifications n1_0 
    where
        n1_0.user_id=? 
    order by
        n1_0.created_at desc
2026-07-11T13:14:09.459+05:30 DEBUG 29656 --- [wireblog-backend] [nio-8080-exec-7] o.s.web.servlet.DispatcherServlet        : GET "/api/news/headlines", parameters={}
2026-07-11T13:14:09.461+05:30 DEBUG 29656 --- [wireblog-backend] [nio-8080-exec-1] m.m.a.RequestResponseBodyMethodProcessor : Using 'application/json', given [application/json, text/plain, */*] and supported [application/json, application/*+json]
2026-07-11T13:14:09.462+05:30 DEBUG 29656 --- [wireblog-backend] [nio-8080-exec-1] m.m.a.RequestResponseBodyMethodProcessor : Writing [[]]
2026-07-11T13:14:09.461+05:30 DEBUG 29656 --- [wireblog-backend] [nio-8080-exec-7] s.w.s.m.m.a.RequestMappingHandlerMapping : Mapped to com.wireblog.controller.NewsController#headlines(String)
2026-07-11T13:14:09.465+05:30 DEBUG 29656 --- [wireblog-backend] [nio-8080-exec-1] o.s.web.servlet.DispatcherServlet        : Completed 200 OK
2026-07-11T13:14:09.466+05:30 DEBUG 29656 --- [wireblog-backend] [nio-8080-exec-7] org.hibernate.SQL                        : 
    select
        nh1_0.id,
        nh1_0.category,
        nh1_0.fetched_at,
        nh1_0.image_url,
        nh1_0.published_at,
        nh1_0.source_name,
        nh1_0.source_url,
        nh1_0.title 
    from
        news_headlines nh1_0 
    order by
        nh1_0.published_at desc 
    fetch
        first ? rows only
2026-07-11T13:14:09.480+05:30 DEBUG 29656 --- [wireblog-backend] [nio-8080-exec-7] m.m.a.RequestResponseBodyMethodProcessor : Using 'application/json', given [application/json, text/plain, */*] and supported [application/json, application/*+json]
2026-07-11T13:14:09.492+05:30 DEBUG 29656 --- [wireblog-backend] [nio-8080-exec-7] m.m.a.RequestResponseBodyMethodProcessor : Writing [[NewsHeadlineResponse[id=2, title=Archer gets into the World Cup spirit with clever run out, sourceU (truncated)...]
2026-07-11T13:14:09.499+05:30 DEBUG 29656 --- [wireblog-backend] [nio-8080-exec-7] o.s.web.servlet.DispatcherServlet        : Completed 200 OK
2026-07-11T13:14:11.570+05:30 DEBUG 29656 --- [wireblog-backend] [nio-8080-exec-5] o.s.web.servlet.DispatcherServlet        : GET "/api/news/headlines", parameters={}
2026-07-11T13:14:11.576+05:30 DEBUG 29656 --- [wireblog-backend] [nio-8080-exec-5] s.w.s.m.m.a.RequestMappingHandlerMapping : Mapped to com.wireblog.controller.NewsController#headlines(String)
2026-07-11T13:14:11.579+05:30 DEBUG 29656 --- [wireblog-backend] [nio-8080-exec-3] o.s.web.servlet.DispatcherServlet        : GET "/api/sponsorships/active?placement=NEWS_TICKER", parameters={masked}
2026-07-11T13:14:11.581+05:30 DEBUG 29656 --- [wireblog-backend] [nio-8080-exec-3] s.w.s.m.m.a.RequestMappingHandlerMapping : Mapped to com.wireblog.controller.SponsorshipController#active(String)
2026-07-11T13:14:11.582+05:30 DEBUG 29656 --- [wireblog-backend] [nio-8080-exec-5] org.hibernate.SQL                        : 
    select
        nh1_0.id,
        nh1_0.category,
        nh1_0.fetched_at,
        nh1_0.image_url,
        nh1_0.published_at,
        nh1_0.source_name,
        nh1_0.source_url,
        nh1_0.title 
    from
        news_headlines nh1_0 
    order by
        nh1_0.published_at desc 
    fetch
        first ? rows only
2026-07-11T13:14:11.592+05:30 DEBUG 29656 --- [wireblog-backend] [nio-8080-exec-5] m.m.a.RequestResponseBodyMethodProcessor : Using 'application/json', given [application/json, text/plain, */*] and supported [application/json, application/*+json]
2026-07-11T13:14:11.593+05:30 DEBUG 29656 --- [wireblog-backend] [nio-8080-exec-2] o.s.web.servlet.DispatcherServlet        : GET "/api/notifications", parameters={}
2026-07-11T13:14:11.609+05:30 DEBUG 29656 --- [wireblog-backend] [nio-8080-exec-5] m.m.a.RequestResponseBodyMethodProcessor : Writing [[NewsHeadlineResponse[id=2, title=Archer gets into the World Cup spirit with clever run out, sourceU (truncated)...]
2026-07-11T13:14:11.612+05:30 DEBUG 29656 --- [wireblog-backend] [nio-8080-exec-2] s.w.s.m.m.a.RequestMappingHandlerMapping : Mapped to com.wireblog.controller.NotificationController#list()
2026-07-11T13:14:11.616+05:30 DEBUG 29656 --- [wireblog-backend] [nio-8080-exec-3] org.hibernate.SQL                        : 
    select
        s1_0.id,
        s1_0.brand_name,
        s1_0.clicks,
        s1_0.created_at,
        s1_0.creative_image_url,
        s1_0.end_date,
        s1_0.headline,
        s1_0.impressions,
        s1_0.placement,
        s1_0.start_date,
        s1_0.status,
        s1_0.target_url 
    from
        sponsorships s1_0 
    where
        s1_0.placement=? 
        and s1_0.status=? 
        and s1_0.start_date<=? 
        and s1_0.end_date>=?
2026-07-11T13:14:11.707+05:30 DEBUG 29656 --- [wireblog-backend] [nio-8080-exec-2] org.hibernate.SQL                        : 
    select
        u1_0.id,
        u1_0.avatar_url,
        u1_0.bio,
        u1_0.created_at,
        u1_0.display_name,
        u1_0.email,
        u1_0.email_verified,
        u1_0.enabled,
        u1_0.handle,
        u1_0.password_hash,
        u1_0.password_reset_expires_at,
        u1_0.password_reset_token,
        u1_0.role,
        u1_0.verification_token 
    from
        users u1_0 
    where
        u1_0.email=?
2026-07-11T13:14:11.711+05:30 DEBUG 29656 --- [wireblog-backend] [nio-8080-exec-5] o.s.web.servlet.DispatcherServlet        : Completed 200 OK
2026-07-11T13:14:11.713+05:30 DEBUG 29656 --- [wireblog-backend] [nio-8080-exec-3] m.m.a.RequestResponseBodyMethodProcessor : Using 'application/json', given [application/json, text/plain, */*] and supported [application/json, application/*+json]
2026-07-11T13:14:11.714+05:30 DEBUG 29656 --- [wireblog-backend] [nio-8080-exec-3] m.m.a.RequestResponseBodyMethodProcessor : Writing [[]]
2026-07-11T13:14:11.716+05:30 DEBUG 29656 --- [wireblog-backend] [nio-8080-exec-3] o.s.web.servlet.DispatcherServlet        : Completed 200 OK
2026-07-11T13:14:11.716+05:30 DEBUG 29656 --- [wireblog-backend] [nio-8080-exec-2] org.hibernate.SQL                        : 
    select
        n1_0.id,
        n1_0.created_at,
        n1_0.link,
        n1_0.message,
        n1_0.read,
        n1_0.type,
        n1_0.user_id 
    from
        notifications n1_0 
    where
        n1_0.user_id=? 
    order by
        n1_0.created_at desc
2026-07-11T13:14:11.721+05:30 DEBUG 29656 --- [wireblog-backend] [nio-8080-exec-2] m.m.a.RequestResponseBodyMethodProcessor : Using 'application/json', given [application/json, text/plain, */*] and supported [application/json, application/*+json]
2026-07-11T13:14:11.723+05:30 DEBUG 29656 --- [wireblog-backend] [nio-8080-exec-2] m.m.a.RequestResponseBodyMethodProcessor : Writing [[]]
2026-07-11T13:14:11.735+05:30 DEBUG 29656 --- [wireblog-backend] [nio-8080-exec-9] o.s.web.servlet.DispatcherServlet        : GET "/api/news/headlines", parameters={}
2026-07-11T13:14:11.739+05:30 DEBUG 29656 --- [wireblog-backend] [nio-8080-exec-2] o.s.web.servlet.DispatcherServlet        : Completed 200 OK
2026-07-11T13:14:11.747+05:30 DEBUG 29656 --- [wireblog-backend] [nio-8080-exec-9] s.w.s.m.m.a.RequestMappingHandlerMapping : Mapped to com.wireblog.controller.NewsController#headlines(String)
2026-07-11T13:14:11.757+05:30 DEBUG 29656 --- [wireblog-backend] [nio-8080-exec-9] org.hibernate.SQL                        : 
    select
        nh1_0.id,
        nh1_0.category,
        nh1_0.fetched_at,
        nh1_0.image_url,
        nh1_0.published_at,
        nh1_0.source_name,
        nh1_0.source_url,
        nh1_0.title 
    from
        news_headlines nh1_0 
    order by
        nh1_0.published_at desc 
    fetch
        first ? rows only
2026-07-11T13:14:11.762+05:30 DEBUG 29656 --- [wireblog-backend] [nio-8080-exec-9] m.m.a.RequestResponseBodyMethodProcessor : Using 'application/json', given [application/json, text/plain, */*] and supported [application/json, application/*+json]
2026-07-11T13:14:11.766+05:30 DEBUG 29656 --- [wireblog-backend] [nio-8080-exec-9] m.m.a.RequestResponseBodyMethodProcessor : Writing [[NewsHeadlineResponse[id=2, title=Archer gets into the World Cup spirit with clever run out, sourceU (truncated)...]
2026-07-11T13:14:11.773+05:30 DEBUG 29656 --- [wireblog-backend] [nio-8080-exec-9] o.s.web.servlet.DispatcherServlet        : Completed 200 OK
[INFO] ------------------------------------------------------------------------
[INFO] BUILD FAILURE
[INFO] ------------------------------------------------------------------------
[INFO] Total time:  52:42 min
[INFO] Finished at: 2026-07-11T13:15:29+05:30
[INFO] ------------------------------------------------------------------------
[ERROR] Failed to execute goal org.springframework.boot:spring-boot-maven-plugin:3.3.4:run (default-cli) on project wireblog-backend: Process terminated with exit code: 1 -> [Help 1]
[ERROR] 
[ERROR] To see the full stack trace of the errors, re-run Maven with the -e switch.
[ERROR] Re-run Maven using the -X switch to enable full debug logging.
[ERROR] 
[ERROR] For more information about the errors and possible solutions, please read the following articles:
[ERROR] [Help 1] http://cwiki.apache.org/confluence/display/MAVEN/MojoExecutionException
